id,hotel_id,url_id,language,service,created_at
1,e15ab8b9-a653-4db2-8ec2-8e612c95f218,f13a5377-b27f-4c2c-9e9c-3d17773308af,en,Swimming pool,2026-03-26 01:49:44.955494+00
2,e15ab8b9-a653-4db2-8ec2-8e612c95f218,f13a5377-b27f-4c2c-9e9c-3d17773308af,en,Internet services,2026-03-26 01:49:44.955497+00
3,e15ab8b9-a653-4db2-8ec2-8e612c95f218,f13a5377-b27f-4c2c-9e9c-3d17773308af,en,Airport shuttle,2026-03-26 01:49:44.955498+00
4,e15ab8b9-a653-4db2-8ec2-8e612c95f218,f13a5377-b27f-4c2c-9e9c-3d17773308af,en,Family rooms,2026-03-26 01:49:44.955498+00
5,e15ab8b9-a653-4db2-8ec2-8e612c95f218,f13a5377-b27f-4c2c-9e9c-3d17773308af,en,Restaurant,2026-03-26 01:49:44.955499+00
6,e15ab8b9-a653-4db2-8ec2-8e612c95f218,f13a5377-b27f-4c2c-9e9c-3d17773308af,en,Bar,2026-03-26 01:49:44.955499+00
7,e15ab8b9-a653-4db2-8ec2-8e612c95f218,f13a5377-b27f-4c2c-9e9c-3d17773308af,en,Beachfront,2026-03-26 01:49:44.9555+00
8,e15ab8b9-a653-4db2-8ec2-8e612c95f218,f13a5377-b27f-4c2c-9e9c-3d17773308af,en,Private beach area,2026-03-26 01:49:44.9555+00
9,e15ab8b9-a653-4db2-8ec2-8e612c95f218,f13a5377-b27f-4c2c-9e9c-3d17773308af,en,Coffee house on site,2026-03-26 01:49:44.955501+00
10,e15ab8b9-a653-4db2-8ec2-8e612c95f218,f13a5377-b27f-4c2c-9e9c-3d17773308af,en,Fruits,2026-03-26 01:49:44.955502+00
11,e15ab8b9-a653-4db2-8ec2-8e612c95f218,f13a5377-b27f-4c2c-9e9c-3d17773308af,en,Wine/champagne,2026-03-26 01:49:44.955502+00
12,e15ab8b9-a653-4db2-8ec2-8e612c95f218,f13a5377-b27f-4c2c-9e9c-3d17773308af,en,Special diet menus (on request),2026-03-26 01:49:44.955503+00
13,e15ab8b9-a653-4db2-8ec2-8e612c95f218,f13a5377-b27f-4c2c-9e9c-3d17773308af,en,Snack bar,2026-03-26 01:49:44.955503+00
14,e15ab8b9-a653-4db2-8ec2-8e612c95f218,f13a5377-b27f-4c2c-9e9c-3d17773308af,en,Breakfast in the room,2026-03-26 01:49:44.955504+00
15,e15ab8b9-a653-4db2-8ec2-8e612c95f218,f13a5377-b27f-4c2c-9e9c-3d17773308af,en,Picnic area,2026-03-26 01:49:44.955505+00
16,e15ab8b9-a653-4db2-8ec2-8e612c95f218,f13a5377-b27f-4c2c-9e9c-3d17773308af,en,BBQ facilities,2026-03-26 01:49:44.955505+00
17,e15ab8b9-a653-4db2-8ec2-8e612c95f218,f13a5377-b27f-4c2c-9e9c-3d17773308af,en,Kid-friendly buffet,2026-03-26 01:49:44.955506+00
18,e15ab8b9-a653-4db2-8ec2-8e612c95f218,f13a5377-b27f-4c2c-9e9c-3d17773308af,en,Kids' meals,2026-03-26 01:49:44.955506+00
19,e15ab8b9-a653-4db2-8ec2-8e612c95f218,f13a5377-b27f-4c2c-9e9c-3d17773308af,en,Shuttle service (additional charge),2026-03-26 01:49:44.955507+00
20,e15ab8b9-a653-4db2-8ec2-8e612c95f218,f13a5377-b27f-4c2c-9e9c-3d17773308af,en,Ski equipment hire on site,2026-03-26 01:49:44.955508+00
21,e15ab8b9-a653-4db2-8ec2-8e612c95f218,f13a5377-b27f-4c2c-9e9c-3d17773308af,en,Laundry,2026-03-26 01:49:44.955508+00
22,e15ab8b9-a653-4db2-8ec2-8e612c95f218,f13a5377-b27f-4c2c-9e9c-3d17773308af,en,Horse riding,2026-03-26 01:49:44.955509+00
23,e15ab8b9-a653-4db2-8ec2-8e612c95f218,f13a5377-b27f-4c2c-9e9c-3d17773308af,en,Outdoor pool (seasonal),2026-03-26 01:49:44.955509+00
24,ec4ea2d4-1275-4635-b887-25473e61db14,cfaea71c-7c4f-4b9c-b53e-394c751b989c,en,Breakfast,2026-03-26 01:52:40.87112+00
25,7ef29a1b-074d-420d-b7e9-8c868fceb349,f13a5377-b27f-4c2c-9e9c-3d17773308af,es,Piscina,2026-03-26 01:54:01.625268+00
26,7ef29a1b-074d-420d-b7e9-8c868fceb349,f13a5377-b27f-4c2c-9e9c-3d17773308af,es,Internet,2026-03-26 01:54:01.625274+00
27,7ef29a1b-074d-420d-b7e9-8c868fceb349,f13a5377-b27f-4c2c-9e9c-3d17773308af,es,Traslado aeropuerto,2026-03-26 01:54:01.625275+00
28,7ef29a1b-074d-420d-b7e9-8c868fceb349,f13a5377-b27f-4c2c-9e9c-3d17773308af,es,Habitaciones familiares,2026-03-26 01:54:01.625277+00
29,7ef29a1b-074d-420d-b7e9-8c868fceb349,f13a5377-b27f-4c2c-9e9c-3d17773308af,es,Restaurante,2026-03-26 01:54:01.625278+00
30,7ef29a1b-074d-420d-b7e9-8c868fceb349,f13a5377-b27f-4c2c-9e9c-3d17773308af,es,Bar,2026-03-26 01:54:01.62528+00
31,7ef29a1b-074d-420d-b7e9-8c868fceb349,f13a5377-b27f-4c2c-9e9c-3d17773308af,es,Situado frente a la playa,2026-03-26 01:54:01.625281+00
32,7ef29a1b-074d-420d-b7e9-8c868fceb349,f13a5377-b27f-4c2c-9e9c-3d17773308af,es,Zona privada de playa,2026-03-26 01:54:01.625282+00
33,7ef29a1b-074d-420d-b7e9-8c868fceb349,f13a5377-b27f-4c2c-9e9c-3d17773308af,es,Cafetería en el alojamiento,2026-03-26 01:54:01.625283+00
34,7ef29a1b-074d-420d-b7e9-8c868fceb349,f13a5377-b27f-4c2c-9e9c-3d17773308af,es,Fruta,2026-03-26 01:54:01.625285+00
35,7ef29a1b-074d-420d-b7e9-8c868fceb349,f13a5377-b27f-4c2c-9e9c-3d17773308af,es,Vino / champán,2026-03-26 01:54:01.625286+00
36,7ef29a1b-074d-420d-b7e9-8c868fceb349,f13a5377-b27f-4c2c-9e9c-3d17773308af,es,Menús para dietas especiales (bajo petición),2026-03-26 01:54:01.625288+00
37,7ef29a1b-074d-420d-b7e9-8c868fceb349,f13a5377-b27f-4c2c-9e9c-3d17773308af,es,Snack-bar,2026-03-26 01:54:01.625289+00
38,7ef29a1b-074d-420d-b7e9-8c868fceb349,f13a5377-b27f-4c2c-9e9c-3d17773308af,es,Desayuno en la habitación,2026-03-26 01:54:01.62529+00
39,7ef29a1b-074d-420d-b7e9-8c868fceb349,f13a5377-b27f-4c2c-9e9c-3d17773308af,es,Zona de pícnic,2026-03-26 01:54:01.625292+00
40,7ef29a1b-074d-420d-b7e9-8c868fceb349,f13a5377-b27f-4c2c-9e9c-3d17773308af,es,Barbacoa,2026-03-26 01:54:01.625293+00
41,7ef29a1b-074d-420d-b7e9-8c868fceb349,f13a5377-b27f-4c2c-9e9c-3d17773308af,es,Buffet para niños,2026-03-26 01:54:01.625294+00
42,7ef29a1b-074d-420d-b7e9-8c868fceb349,f13a5377-b27f-4c2c-9e9c-3d17773308af,es,Menú para niños,2026-03-26 01:54:01.625296+00
43,7ef29a1b-074d-420d-b7e9-8c868fceb349,f13a5377-b27f-4c2c-9e9c-3d17773308af,es,Servicio de traslado (de pago),2026-03-26 01:54:01.625297+00
44,7ef29a1b-074d-420d-b7e9-8c868fceb349,f13a5377-b27f-4c2c-9e9c-3d17773308af,es,Alquiler de equipamiento de esquí en el alojamiento,2026-03-26 01:54:01.625299+00
45,7ef29a1b-074d-420d-b7e9-8c868fceb349,f13a5377-b27f-4c2c-9e9c-3d17773308af,es,Servicio de lavandería,2026-03-26 01:54:01.6253+00
46,7ef29a1b-074d-420d-b7e9-8c868fceb349,f13a5377-b27f-4c2c-9e9c-3d17773308af,es,Equitación,2026-03-26 01:54:01.625301+00
47,7ef29a1b-074d-420d-b7e9-8c868fceb349,f13a5377-b27f-4c2c-9e9c-3d17773308af,es,Piscina al aire libre (de temporada),2026-03-26 01:54:01.625302+00
48,5baffed4-14cd-49c8-84c2-0735710aafa9,cfaea71c-7c4f-4b9c-b53e-394c751b989c,es,Desayuno,2026-03-26 01:55:19.634625+00
49,5baffed4-14cd-49c8-84c2-0735710aafa9,cfaea71c-7c4f-4b9c-b53e-394c751b989c,es,Prohibido fumar en todo el alojamiento,2026-03-26 01:55:19.634631+00
50,5baffed4-14cd-49c8-84c2-0735710aafa9,cfaea71c-7c4f-4b9c-b53e-394c751b989c,es,Inglés,2026-03-26 01:55:19.634633+00
51,e1c0eee2-0d5c-44a1-894a-36da96c75254,f13a5377-b27f-4c2c-9e9c-3d17773308af,de,Pool,2026-03-26 01:56:38.000968+00
52,e1c0eee2-0d5c-44a1-894a-36da96c75254,f13a5377-b27f-4c2c-9e9c-3d17773308af,de,Internet,2026-03-26 01:56:38.000972+00
53,e1c0eee2-0d5c-44a1-894a-36da96c75254,f13a5377-b27f-4c2c-9e9c-3d17773308af,de,Flughafenshuttle,2026-03-26 01:56:38.000972+00
54,e1c0eee2-0d5c-44a1-894a-36da96c75254,f13a5377-b27f-4c2c-9e9c-3d17773308af,de,Familienzimmer,2026-03-26 01:56:38.000973+00
55,e1c0eee2-0d5c-44a1-894a-36da96c75254,f13a5377-b27f-4c2c-9e9c-3d17773308af,de,Restaurant,2026-03-26 01:56:38.000974+00
56,e1c0eee2-0d5c-44a1-894a-36da96c75254,f13a5377-b27f-4c2c-9e9c-3d17773308af,de,Swimmingpool,2026-03-26 01:56:38.000974+00
57,e1c0eee2-0d5c-44a1-894a-36da96c75254,f13a5377-b27f-4c2c-9e9c-3d17773308af,de,Bar,2026-03-26 01:56:38.000975+00
58,e1c0eee2-0d5c-44a1-894a-36da96c75254,f13a5377-b27f-4c2c-9e9c-3d17773308af,de,am Strand,2026-03-26 01:56:38.000976+00
59,e1c0eee2-0d5c-44a1-894a-36da96c75254,f13a5377-b27f-4c2c-9e9c-3d17773308af,de,Privater Strand,2026-03-26 01:56:38.000977+00
60,e1c0eee2-0d5c-44a1-894a-36da96c75254,f13a5377-b27f-4c2c-9e9c-3d17773308af,de,Café vor Ort,2026-03-26 01:56:38.000977+00
61,e1c0eee2-0d5c-44a1-894a-36da96c75254,f13a5377-b27f-4c2c-9e9c-3d17773308af,de,Obst,2026-03-26 01:56:38.000978+00
62,e1c0eee2-0d5c-44a1-894a-36da96c75254,f13a5377-b27f-4c2c-9e9c-3d17773308af,de,Wein/Sekt,2026-03-26 01:56:38.000979+00
63,e1c0eee2-0d5c-44a1-894a-36da96c75254,f13a5377-b27f-4c2c-9e9c-3d17773308af,de,Speisen für spezielle Ernährungsbedürfnisse (auf Anfrage),2026-03-26 01:56:38.000979+00
64,e1c0eee2-0d5c-44a1-894a-36da96c75254,f13a5377-b27f-4c2c-9e9c-3d17773308af,de,Snackbar,2026-03-26 01:56:38.00098+00
65,e1c0eee2-0d5c-44a1-894a-36da96c75254,f13a5377-b27f-4c2c-9e9c-3d17773308af,de,Frühstück im Zimmer,2026-03-26 01:56:38.000981+00
66,e1c0eee2-0d5c-44a1-894a-36da96c75254,f13a5377-b27f-4c2c-9e9c-3d17773308af,de,Picknickbereich,2026-03-26 01:56:38.000981+00
67,e1c0eee2-0d5c-44a1-894a-36da96c75254,f13a5377-b27f-4c2c-9e9c-3d17773308af,de,Grillmöglichkeiten,2026-03-26 01:56:38.000982+00
68,e1c0eee2-0d5c-44a1-894a-36da96c75254,f13a5377-b27f-4c2c-9e9c-3d17773308af,de,Kinderfreundliches Buffet,2026-03-26 01:56:38.000982+00
69,e1c0eee2-0d5c-44a1-894a-36da96c75254,f13a5377-b27f-4c2c-9e9c-3d17773308af,de,Kindermahlzeiten,2026-03-26 01:56:38.000983+00
70,e1c0eee2-0d5c-44a1-894a-36da96c75254,f13a5377-b27f-4c2c-9e9c-3d17773308af,de,Shuttleservice (zusätzliche Gebühren),2026-03-26 01:56:38.000984+00
71,e1c0eee2-0d5c-44a1-894a-36da96c75254,f13a5377-b27f-4c2c-9e9c-3d17773308af,de,Skiverleih vor Ort,2026-03-26 01:56:38.000984+00
72,e1c0eee2-0d5c-44a1-894a-36da96c75254,f13a5377-b27f-4c2c-9e9c-3d17773308af,de,Waschsalon/Wäscheservice,2026-03-26 01:56:38.000985+00
73,e1c0eee2-0d5c-44a1-894a-36da96c75254,f13a5377-b27f-4c2c-9e9c-3d17773308af,de,Reiten,2026-03-26 01:56:38.000986+00
74,e1c0eee2-0d5c-44a1-894a-36da96c75254,f13a5377-b27f-4c2c-9e9c-3d17773308af,de,Außenpool (saisonal),2026-03-26 01:56:38.000986+00
75,06f8b1df-56e2-4b4e-b5db-69c7c6488d22,cfaea71c-7c4f-4b9c-b53e-394c751b989c,de,Frühstück,2026-03-26 01:58:10.346157+00
76,06f8b1df-56e2-4b4e-b5db-69c7c6488d22,cfaea71c-7c4f-4b9c-b53e-394c751b989c,de,Nichtraucherunterkunft (Alle öffentlichen und privaten Bereiche sind Nichtraucherzonen),2026-03-26 01:58:10.346161+00
77,06f8b1df-56e2-4b4e-b5db-69c7c6488d22,cfaea71c-7c4f-4b9c-b53e-394c751b989c,de,Englisch,2026-03-26 01:58:10.346161+00
78,28a17632-52c7-49ce-b975-d68c74d79c58,f13a5377-b27f-4c2c-9e9c-3d17773308af,it,Piscina,2026-03-26 01:59:28.457441+00
79,28a17632-52c7-49ce-b975-d68c74d79c58,f13a5377-b27f-4c2c-9e9c-3d17773308af,it,Connessione internet,2026-03-26 01:59:28.457445+00
80,28a17632-52c7-49ce-b975-d68c74d79c58,f13a5377-b27f-4c2c-9e9c-3d17773308af,it,Navetta aeroportuale,2026-03-26 01:59:28.457446+00
81,28a17632-52c7-49ce-b975-d68c74d79c58,f13a5377-b27f-4c2c-9e9c-3d17773308af,it,Disponibilità di camere familiari,2026-03-26 01:59:28.457446+00
82,28a17632-52c7-49ce-b975-d68c74d79c58,f13a5377-b27f-4c2c-9e9c-3d17773308af,it,Ristorante,2026-03-26 01:59:28.457447+00
83,28a17632-52c7-49ce-b975-d68c74d79c58,f13a5377-b27f-4c2c-9e9c-3d17773308af,it,Bar,2026-03-26 01:59:28.457448+00
84,28a17632-52c7-49ce-b975-d68c74d79c58,f13a5377-b27f-4c2c-9e9c-3d17773308af,it,Fronte spiaggia,2026-03-26 01:59:28.457448+00
85,28a17632-52c7-49ce-b975-d68c74d79c58,f13a5377-b27f-4c2c-9e9c-3d17773308af,it,Spiaggia privata,2026-03-26 01:59:28.457449+00
86,28a17632-52c7-49ce-b975-d68c74d79c58,f13a5377-b27f-4c2c-9e9c-3d17773308af,it,Caffetteria sul posto,2026-03-26 01:59:28.457449+00
87,28a17632-52c7-49ce-b975-d68c74d79c58,f13a5377-b27f-4c2c-9e9c-3d17773308af,it,Frutta,2026-03-26 01:59:28.45745+00
88,28a17632-52c7-49ce-b975-d68c74d79c58,f13a5377-b27f-4c2c-9e9c-3d17773308af,it,Vino/champagne,2026-03-26 01:59:28.457451+00
89,28a17632-52c7-49ce-b975-d68c74d79c58,f13a5377-b27f-4c2c-9e9c-3d17773308af,it,Buffet per bambini,2026-03-26 01:59:28.457451+00
90,28a17632-52c7-49ce-b975-d68c74d79c58,f13a5377-b27f-4c2c-9e9c-3d17773308af,it,Pasti per bambini,2026-03-26 01:59:28.457452+00
91,28a17632-52c7-49ce-b975-d68c74d79c58,f13a5377-b27f-4c2c-9e9c-3d17773308af,it,Menù per diete particolari (su richiesta),2026-03-26 01:59:28.457452+00
92,28a17632-52c7-49ce-b975-d68c74d79c58,f13a5377-b27f-4c2c-9e9c-3d17773308af,it,Snack bar,2026-03-26 01:59:28.457453+00
93,28a17632-52c7-49ce-b975-d68c74d79c58,f13a5377-b27f-4c2c-9e9c-3d17773308af,it,Possibilità di colazione in camera,2026-03-26 01:59:28.457453+00
94,28a17632-52c7-49ce-b975-d68c74d79c58,f13a5377-b27f-4c2c-9e9c-3d17773308af,it,Area picnic,2026-03-26 01:59:28.457454+00
95,28a17632-52c7-49ce-b975-d68c74d79c58,f13a5377-b27f-4c2c-9e9c-3d17773308af,it,Barbecue,2026-03-26 01:59:28.457455+00
96,28a17632-52c7-49ce-b975-d68c74d79c58,f13a5377-b27f-4c2c-9e9c-3d17773308af,it,Servizio navetta (a pagamento),2026-03-26 01:59:28.457455+00
97,28a17632-52c7-49ce-b975-d68c74d79c58,f13a5377-b27f-4c2c-9e9c-3d17773308af,it,Noleggio attrezzatura sciistica sul posto,2026-03-26 01:59:28.457456+00
98,28a17632-52c7-49ce-b975-d68c74d79c58,f13a5377-b27f-4c2c-9e9c-3d17773308af,it,Servizio lavanderia,2026-03-26 01:59:28.457456+00
99,28a17632-52c7-49ce-b975-d68c74d79c58,f13a5377-b27f-4c2c-9e9c-3d17773308af,it,Equitazione,2026-03-26 01:59:28.457457+00
100,28a17632-52c7-49ce-b975-d68c74d79c58,f13a5377-b27f-4c2c-9e9c-3d17773308af,it,Piscina all'aperto (stagionale),2026-03-26 01:59:28.457458+00
101,747decfb-e33a-46cd-8ccd-711db7bb7daa,cfaea71c-7c4f-4b9c-b53e-394c751b989c,it,Colazione,2026-03-26 02:00:49.745277+00
102,747decfb-e33a-46cd-8ccd-711db7bb7daa,cfaea71c-7c4f-4b9c-b53e-394c751b989c,it,Vedi 1 servizio,2026-03-26 02:00:49.745282+00
103,747decfb-e33a-46cd-8ccd-711db7bb7daa,cfaea71c-7c4f-4b9c-b53e-394c751b989c,it,Struttura interamente non fumatori,2026-03-26 02:00:49.745283+00
104,747decfb-e33a-46cd-8ccd-711db7bb7daa,cfaea71c-7c4f-4b9c-b53e-394c751b989c,it,Inglese,2026-03-26 02:00:49.745284+00
105,411865ed-c0ad-408d-a8b8-3adfc91ef01f,8b0de26f-ea84-451d-b5d2-a2b3f8f5032d,en,Swimming pool,2026-03-26 02:03:41.5799+00
106,411865ed-c0ad-408d-a8b8-3adfc91ef01f,8b0de26f-ea84-451d-b5d2-a2b3f8f5032d,en,Airport shuttle,2026-03-26 02:03:41.579904+00
107,411865ed-c0ad-408d-a8b8-3adfc91ef01f,8b0de26f-ea84-451d-b5d2-a2b3f8f5032d,en,Non-smoking rooms,2026-03-26 02:03:41.579905+00
108,411865ed-c0ad-408d-a8b8-3adfc91ef01f,8b0de26f-ea84-451d-b5d2-a2b3f8f5032d,en,Spa and wellness centre,2026-03-26 02:03:41.579906+00
109,411865ed-c0ad-408d-a8b8-3adfc91ef01f,8b0de26f-ea84-451d-b5d2-a2b3f8f5032d,en,Fitness centre,2026-03-26 02:03:41.579907+00
110,411865ed-c0ad-408d-a8b8-3adfc91ef01f,8b0de26f-ea84-451d-b5d2-a2b3f8f5032d,en,Beachfront,2026-03-26 02:03:41.579908+00
111,411865ed-c0ad-408d-a8b8-3adfc91ef01f,8b0de26f-ea84-451d-b5d2-a2b3f8f5032d,en,Internet services,2026-03-26 02:03:41.579909+00
112,411865ed-c0ad-408d-a8b8-3adfc91ef01f,8b0de26f-ea84-451d-b5d2-a2b3f8f5032d,en,Bar,2026-03-26 02:03:41.57991+00
113,411865ed-c0ad-408d-a8b8-3adfc91ef01f,8b0de26f-ea84-451d-b5d2-a2b3f8f5032d,en,Private beach area,2026-03-26 02:03:41.579912+00
114,411865ed-c0ad-408d-a8b8-3adfc91ef01f,8b0de26f-ea84-451d-b5d2-a2b3f8f5032d,en,Restaurant,2026-03-26 02:03:41.579913+00
115,411865ed-c0ad-408d-a8b8-3adfc91ef01f,8b0de26f-ea84-451d-b5d2-a2b3f8f5032d,en,Grocery deliveries,2026-03-26 02:03:41.579914+00
116,411865ed-c0ad-408d-a8b8-3adfc91ef01f,8b0de26f-ea84-451d-b5d2-a2b3f8f5032d,en,Packed lunches,2026-03-26 02:03:41.579915+00
117,411865ed-c0ad-408d-a8b8-3adfc91ef01f,8b0de26f-ea84-451d-b5d2-a2b3f8f5032d,en,Fruits,2026-03-26 02:03:41.579916+00
118,411865ed-c0ad-408d-a8b8-3adfc91ef01f,8b0de26f-ea84-451d-b5d2-a2b3f8f5032d,en,Wine/champagne,2026-03-26 02:03:41.579917+00
119,411865ed-c0ad-408d-a8b8-3adfc91ef01f,8b0de26f-ea84-451d-b5d2-a2b3f8f5032d,en,Special diet menus (on request),2026-03-26 02:03:41.579918+00
120,411865ed-c0ad-408d-a8b8-3adfc91ef01f,8b0de26f-ea84-451d-b5d2-a2b3f8f5032d,en,Snack bar,2026-03-26 02:03:41.579919+00
121,411865ed-c0ad-408d-a8b8-3adfc91ef01f,8b0de26f-ea84-451d-b5d2-a2b3f8f5032d,en,Breakfast in the room,2026-03-26 02:03:41.57992+00
122,411865ed-c0ad-408d-a8b8-3adfc91ef01f,8b0de26f-ea84-451d-b5d2-a2b3f8f5032d,en,Kids' meals,2026-03-26 02:03:41.579921+00
123,8af8f359-ed84-4113-9915-6e85e3772f40,ae4e3a56-cc1a-4d79-82b0-c7e045aa8350,en,Swimming pool,2026-03-26 02:06:38.748959+00
124,8af8f359-ed84-4113-9915-6e85e3772f40,ae4e3a56-cc1a-4d79-82b0-c7e045aa8350,en,Spa and wellness centre,2026-03-26 02:06:38.748962+00
125,8af8f359-ed84-4113-9915-6e85e3772f40,ae4e3a56-cc1a-4d79-82b0-c7e045aa8350,en,Fitness centre,2026-03-26 02:06:38.748963+00
126,8af8f359-ed84-4113-9915-6e85e3772f40,ae4e3a56-cc1a-4d79-82b0-c7e045aa8350,en,Non-smoking rooms,2026-03-26 02:06:38.748963+00
127,8af8f359-ed84-4113-9915-6e85e3772f40,ae4e3a56-cc1a-4d79-82b0-c7e045aa8350,en,Restaurant,2026-03-26 02:06:38.748964+00
128,8af8f359-ed84-4113-9915-6e85e3772f40,ae4e3a56-cc1a-4d79-82b0-c7e045aa8350,en,Internet services,2026-03-26 02:06:38.748965+00
129,8af8f359-ed84-4113-9915-6e85e3772f40,ae4e3a56-cc1a-4d79-82b0-c7e045aa8350,en,Parking,2026-03-26 02:06:38.748965+00
130,8af8f359-ed84-4113-9915-6e85e3772f40,ae4e3a56-cc1a-4d79-82b0-c7e045aa8350,en,Bar,2026-03-26 02:06:38.748966+00
131,8af8f359-ed84-4113-9915-6e85e3772f40,ae4e3a56-cc1a-4d79-82b0-c7e045aa8350,en,Grocery deliveries,2026-03-26 02:06:38.748966+00
132,8af8f359-ed84-4113-9915-6e85e3772f40,ae4e3a56-cc1a-4d79-82b0-c7e045aa8350,en,Fruits,2026-03-26 02:06:38.748967+00
133,8af8f359-ed84-4113-9915-6e85e3772f40,ae4e3a56-cc1a-4d79-82b0-c7e045aa8350,en,Wine/champagne,2026-03-26 02:06:38.748968+00
134,8af8f359-ed84-4113-9915-6e85e3772f40,ae4e3a56-cc1a-4d79-82b0-c7e045aa8350,en,Kids' meals,2026-03-26 02:06:38.748968+00
135,8af8f359-ed84-4113-9915-6e85e3772f40,ae4e3a56-cc1a-4d79-82b0-c7e045aa8350,en,Special diet menus (on request),2026-03-26 02:06:38.748969+00
136,8af8f359-ed84-4113-9915-6e85e3772f40,ae4e3a56-cc1a-4d79-82b0-c7e045aa8350,en,Picnic area,2026-03-26 02:06:38.748969+00
137,8af8f359-ed84-4113-9915-6e85e3772f40,ae4e3a56-cc1a-4d79-82b0-c7e045aa8350,en,WiFi,2026-03-26 02:06:38.74897+00
138,8af8f359-ed84-4113-9915-6e85e3772f40,ae4e3a56-cc1a-4d79-82b0-c7e045aa8350,en,Mini golf,2026-03-26 02:06:38.748971+00
139,8af8f359-ed84-4113-9915-6e85e3772f40,ae4e3a56-cc1a-4d79-82b0-c7e045aa8350,en,Bridal suite,2026-03-26 02:06:38.748971+00
140,c220929e-a624-4570-8bb6-f3541b722e82,8b0de26f-ea84-451d-b5d2-a2b3f8f5032d,es,Piscina,2026-03-26 02:07:58.265074+00
141,c220929e-a624-4570-8bb6-f3541b722e82,8b0de26f-ea84-451d-b5d2-a2b3f8f5032d,es,Traslado aeropuerto,2026-03-26 02:07:58.265079+00
142,c220929e-a624-4570-8bb6-f3541b722e82,8b0de26f-ea84-451d-b5d2-a2b3f8f5032d,es,Habitaciones sin humo,2026-03-26 02:07:58.265079+00
143,c220929e-a624-4570-8bb6-f3541b722e82,8b0de26f-ea84-451d-b5d2-a2b3f8f5032d,es,Spa y centro de bienestar,2026-03-26 02:07:58.26508+00
144,c220929e-a624-4570-8bb6-f3541b722e82,8b0de26f-ea84-451d-b5d2-a2b3f8f5032d,es,Gimnasio,2026-03-26 02:07:58.265081+00
145,c220929e-a624-4570-8bb6-f3541b722e82,8b0de26f-ea84-451d-b5d2-a2b3f8f5032d,es,Situado frente a la playa,2026-03-26 02:07:58.265082+00
146,c220929e-a624-4570-8bb6-f3541b722e82,8b0de26f-ea84-451d-b5d2-a2b3f8f5032d,es,Internet,2026-03-26 02:07:58.265082+00
147,c220929e-a624-4570-8bb6-f3541b722e82,8b0de26f-ea84-451d-b5d2-a2b3f8f5032d,es,Bar,2026-03-26 02:07:58.265083+00
148,c220929e-a624-4570-8bb6-f3541b722e82,8b0de26f-ea84-451d-b5d2-a2b3f8f5032d,es,Zona privada de playa,2026-03-26 02:07:58.265083+00
149,c220929e-a624-4570-8bb6-f3541b722e82,8b0de26f-ea84-451d-b5d2-a2b3f8f5032d,es,Restaurante,2026-03-26 02:07:58.265084+00
150,c220929e-a624-4570-8bb6-f3541b722e82,8b0de26f-ea84-451d-b5d2-a2b3f8f5032d,es,Servicio de entrega de comestibles,2026-03-26 02:07:58.265085+00
151,c220929e-a624-4570-8bb6-f3541b722e82,8b0de26f-ea84-451d-b5d2-a2b3f8f5032d,es,Almuerzos para llevar,2026-03-26 02:07:58.265085+00
152,c220929e-a624-4570-8bb6-f3541b722e82,8b0de26f-ea84-451d-b5d2-a2b3f8f5032d,es,Fruta,2026-03-26 02:07:58.265086+00
153,c220929e-a624-4570-8bb6-f3541b722e82,8b0de26f-ea84-451d-b5d2-a2b3f8f5032d,es,Vino / champán,2026-03-26 02:07:58.265086+00
154,c220929e-a624-4570-8bb6-f3541b722e82,8b0de26f-ea84-451d-b5d2-a2b3f8f5032d,es,Menú para niños,2026-03-26 02:07:58.265087+00
155,c220929e-a624-4570-8bb6-f3541b722e82,8b0de26f-ea84-451d-b5d2-a2b3f8f5032d,es,Menús para dietas especiales (bajo petición),2026-03-26 02:07:58.265088+00
156,c220929e-a624-4570-8bb6-f3541b722e82,8b0de26f-ea84-451d-b5d2-a2b3f8f5032d,es,Snack-bar,2026-03-26 02:07:58.265088+00
157,c220929e-a624-4570-8bb6-f3541b722e82,8b0de26f-ea84-451d-b5d2-a2b3f8f5032d,es,Desayuno en la habitación,2026-03-26 02:07:58.265089+00
158,67cb7b5c-d80d-4dc5-ae1e-553eeba2a86c,ae4e3a56-cc1a-4d79-82b0-c7e045aa8350,es,Piscina,2026-03-26 02:09:18.167796+00
159,67cb7b5c-d80d-4dc5-ae1e-553eeba2a86c,ae4e3a56-cc1a-4d79-82b0-c7e045aa8350,es,Spa y centro de bienestar,2026-03-26 02:09:18.1678+00
160,67cb7b5c-d80d-4dc5-ae1e-553eeba2a86c,ae4e3a56-cc1a-4d79-82b0-c7e045aa8350,es,Gimnasio,2026-03-26 02:09:18.167801+00
161,67cb7b5c-d80d-4dc5-ae1e-553eeba2a86c,ae4e3a56-cc1a-4d79-82b0-c7e045aa8350,es,Habitaciones sin humo,2026-03-26 02:09:18.167802+00
162,67cb7b5c-d80d-4dc5-ae1e-553eeba2a86c,ae4e3a56-cc1a-4d79-82b0-c7e045aa8350,es,Restaurante,2026-03-26 02:09:18.167802+00
163,67cb7b5c-d80d-4dc5-ae1e-553eeba2a86c,ae4e3a56-cc1a-4d79-82b0-c7e045aa8350,es,Internet,2026-03-26 02:09:18.167803+00
164,67cb7b5c-d80d-4dc5-ae1e-553eeba2a86c,ae4e3a56-cc1a-4d79-82b0-c7e045aa8350,es,Parking,2026-03-26 02:09:18.167803+00
165,67cb7b5c-d80d-4dc5-ae1e-553eeba2a86c,ae4e3a56-cc1a-4d79-82b0-c7e045aa8350,es,Bar,2026-03-26 02:09:18.167804+00
166,67cb7b5c-d80d-4dc5-ae1e-553eeba2a86c,ae4e3a56-cc1a-4d79-82b0-c7e045aa8350,es,Servicio de entrega de comestibles,2026-03-26 02:09:18.167805+00
167,67cb7b5c-d80d-4dc5-ae1e-553eeba2a86c,ae4e3a56-cc1a-4d79-82b0-c7e045aa8350,es,Fruta,2026-03-26 02:09:18.167805+00
168,67cb7b5c-d80d-4dc5-ae1e-553eeba2a86c,ae4e3a56-cc1a-4d79-82b0-c7e045aa8350,es,Vino / champán,2026-03-26 02:09:18.167806+00
169,67cb7b5c-d80d-4dc5-ae1e-553eeba2a86c,ae4e3a56-cc1a-4d79-82b0-c7e045aa8350,es,Menú para niños,2026-03-26 02:09:18.167807+00
170,67cb7b5c-d80d-4dc5-ae1e-553eeba2a86c,ae4e3a56-cc1a-4d79-82b0-c7e045aa8350,es,Menús para dietas especiales (bajo petición),2026-03-26 02:09:18.167807+00
171,67cb7b5c-d80d-4dc5-ae1e-553eeba2a86c,ae4e3a56-cc1a-4d79-82b0-c7e045aa8350,es,Zona de pícnic,2026-03-26 02:09:18.167808+00
172,67cb7b5c-d80d-4dc5-ae1e-553eeba2a86c,ae4e3a56-cc1a-4d79-82b0-c7e045aa8350,es,WiFi,2026-03-26 02:09:18.167808+00
173,67cb7b5c-d80d-4dc5-ae1e-553eeba2a86c,ae4e3a56-cc1a-4d79-82b0-c7e045aa8350,es,Minigolf,2026-03-26 02:09:18.167809+00
174,67cb7b5c-d80d-4dc5-ae1e-553eeba2a86c,ae4e3a56-cc1a-4d79-82b0-c7e045aa8350,es,Suite nupcial,2026-03-26 02:09:18.16781+00
175,ad846a97-9a7e-4690-b360-453e1099a1ca,8b0de26f-ea84-451d-b5d2-a2b3f8f5032d,de,Pool,2026-03-26 02:10:35.31038+00
176,ad846a97-9a7e-4690-b360-453e1099a1ca,8b0de26f-ea84-451d-b5d2-a2b3f8f5032d,de,Flughafenshuttle,2026-03-26 02:10:35.310383+00
177,ad846a97-9a7e-4690-b360-453e1099a1ca,8b0de26f-ea84-451d-b5d2-a2b3f8f5032d,de,Nichtraucherzimmer,2026-03-26 02:10:35.310384+00
178,ad846a97-9a7e-4690-b360-453e1099a1ca,8b0de26f-ea84-451d-b5d2-a2b3f8f5032d,de,Spa & Wellnesscenter,2026-03-26 02:10:35.310385+00
179,ad846a97-9a7e-4690-b360-453e1099a1ca,8b0de26f-ea84-451d-b5d2-a2b3f8f5032d,de,Fitnesscenter,2026-03-26 02:10:35.310385+00
180,ad846a97-9a7e-4690-b360-453e1099a1ca,8b0de26f-ea84-451d-b5d2-a2b3f8f5032d,de,am Strand,2026-03-26 02:10:35.310386+00
181,ad846a97-9a7e-4690-b360-453e1099a1ca,8b0de26f-ea84-451d-b5d2-a2b3f8f5032d,de,Internet,2026-03-26 02:10:35.310387+00
182,ad846a97-9a7e-4690-b360-453e1099a1ca,8b0de26f-ea84-451d-b5d2-a2b3f8f5032d,de,Bar,2026-03-26 02:10:35.310387+00
183,ad846a97-9a7e-4690-b360-453e1099a1ca,8b0de26f-ea84-451d-b5d2-a2b3f8f5032d,de,Privater Strand,2026-03-26 02:10:35.310388+00
184,ad846a97-9a7e-4690-b360-453e1099a1ca,8b0de26f-ea84-451d-b5d2-a2b3f8f5032d,de,Restaurant,2026-03-26 02:10:35.310389+00
185,ad846a97-9a7e-4690-b360-453e1099a1ca,8b0de26f-ea84-451d-b5d2-a2b3f8f5032d,de,Lebensmittellieferung,2026-03-26 02:10:35.310389+00
186,ad846a97-9a7e-4690-b360-453e1099a1ca,8b0de26f-ea84-451d-b5d2-a2b3f8f5032d,de,Lunchpakete,2026-03-26 02:10:35.31039+00
187,ad846a97-9a7e-4690-b360-453e1099a1ca,8b0de26f-ea84-451d-b5d2-a2b3f8f5032d,de,Obst,2026-03-26 02:10:35.310391+00
188,ad846a97-9a7e-4690-b360-453e1099a1ca,8b0de26f-ea84-451d-b5d2-a2b3f8f5032d,de,Wein/Sekt,2026-03-26 02:10:35.310391+00
189,ad846a97-9a7e-4690-b360-453e1099a1ca,8b0de26f-ea84-451d-b5d2-a2b3f8f5032d,de,Kindermahlzeiten,2026-03-26 02:10:35.310392+00
190,ad846a97-9a7e-4690-b360-453e1099a1ca,8b0de26f-ea84-451d-b5d2-a2b3f8f5032d,de,Speisen für spezielle Ernährungsbedürfnisse (auf Anfrage),2026-03-26 02:10:35.310393+00
191,ad846a97-9a7e-4690-b360-453e1099a1ca,8b0de26f-ea84-451d-b5d2-a2b3f8f5032d,de,Snackbar,2026-03-26 02:10:35.310393+00
192,ad846a97-9a7e-4690-b360-453e1099a1ca,8b0de26f-ea84-451d-b5d2-a2b3f8f5032d,de,Frühstück im Zimmer,2026-03-26 02:10:35.310394+00
193,e6163dea-bc92-48af-bb49-45ce4f79c0c1,ae4e3a56-cc1a-4d79-82b0-c7e045aa8350,de,Pool,2026-03-26 02:12:13.837196+00
194,e6163dea-bc92-48af-bb49-45ce4f79c0c1,ae4e3a56-cc1a-4d79-82b0-c7e045aa8350,de,Spa & Wellnesscenter,2026-03-26 02:12:13.837199+00
195,e6163dea-bc92-48af-bb49-45ce4f79c0c1,ae4e3a56-cc1a-4d79-82b0-c7e045aa8350,de,Fitnesscenter,2026-03-26 02:12:13.8372+00
196,e6163dea-bc92-48af-bb49-45ce4f79c0c1,ae4e3a56-cc1a-4d79-82b0-c7e045aa8350,de,Nichtraucherzimmer,2026-03-26 02:12:13.837201+00
197,e6163dea-bc92-48af-bb49-45ce4f79c0c1,ae4e3a56-cc1a-4d79-82b0-c7e045aa8350,de,Restaurant,2026-03-26 02:12:13.837202+00
198,e6163dea-bc92-48af-bb49-45ce4f79c0c1,ae4e3a56-cc1a-4d79-82b0-c7e045aa8350,de,Internet,2026-03-26 02:12:13.837202+00
199,e6163dea-bc92-48af-bb49-45ce4f79c0c1,ae4e3a56-cc1a-4d79-82b0-c7e045aa8350,de,Parkplatz,2026-03-26 02:12:13.837203+00
200,e6163dea-bc92-48af-bb49-45ce4f79c0c1,ae4e3a56-cc1a-4d79-82b0-c7e045aa8350,de,Swimmingpool,2026-03-26 02:12:13.837203+00
201,e6163dea-bc92-48af-bb49-45ce4f79c0c1,ae4e3a56-cc1a-4d79-82b0-c7e045aa8350,de,Bar,2026-03-26 02:12:13.837204+00
202,e6163dea-bc92-48af-bb49-45ce4f79c0c1,ae4e3a56-cc1a-4d79-82b0-c7e045aa8350,de,Lebensmittellieferung,2026-03-26 02:12:13.837205+00
203,e6163dea-bc92-48af-bb49-45ce4f79c0c1,ae4e3a56-cc1a-4d79-82b0-c7e045aa8350,de,Obst,2026-03-26 02:12:13.837205+00
204,e6163dea-bc92-48af-bb49-45ce4f79c0c1,ae4e3a56-cc1a-4d79-82b0-c7e045aa8350,de,Wein/Sekt,2026-03-26 02:12:13.837206+00
205,e6163dea-bc92-48af-bb49-45ce4f79c0c1,ae4e3a56-cc1a-4d79-82b0-c7e045aa8350,de,Kindermahlzeiten,2026-03-26 02:12:13.837206+00
206,e6163dea-bc92-48af-bb49-45ce4f79c0c1,ae4e3a56-cc1a-4d79-82b0-c7e045aa8350,de,Speisen für spezielle Ernährungsbedürfnisse (auf Anfrage),2026-03-26 02:12:13.837207+00
207,e6163dea-bc92-48af-bb49-45ce4f79c0c1,ae4e3a56-cc1a-4d79-82b0-c7e045aa8350,de,Picknickbereich,2026-03-26 02:12:13.837207+00
208,e6163dea-bc92-48af-bb49-45ce4f79c0c1,ae4e3a56-cc1a-4d79-82b0-c7e045aa8350,de,WLAN,2026-03-26 02:12:13.837208+00
209,e6163dea-bc92-48af-bb49-45ce4f79c0c1,ae4e3a56-cc1a-4d79-82b0-c7e045aa8350,de,Minigolf,2026-03-26 02:12:13.837209+00
210,e6163dea-bc92-48af-bb49-45ce4f79c0c1,ae4e3a56-cc1a-4d79-82b0-c7e045aa8350,de,Hochzeitssuite,2026-03-26 02:12:13.837209+00
211,d0458939-9d97-4eef-afcd-a7c679affcd1,8b0de26f-ea84-451d-b5d2-a2b3f8f5032d,it,Piscina,2026-03-26 02:13:31.743217+00
212,d0458939-9d97-4eef-afcd-a7c679affcd1,8b0de26f-ea84-451d-b5d2-a2b3f8f5032d,it,Navetta aeroportuale,2026-03-26 02:13:31.743221+00
213,d0458939-9d97-4eef-afcd-a7c679affcd1,8b0de26f-ea84-451d-b5d2-a2b3f8f5032d,it,Camere non fumatori,2026-03-26 02:13:31.743222+00
214,d0458939-9d97-4eef-afcd-a7c679affcd1,8b0de26f-ea84-451d-b5d2-a2b3f8f5032d,it,Spa & centro benessere,2026-03-26 02:13:31.743223+00
215,d0458939-9d97-4eef-afcd-a7c679affcd1,8b0de26f-ea84-451d-b5d2-a2b3f8f5032d,it,Palestra,2026-03-26 02:13:31.743223+00
216,d0458939-9d97-4eef-afcd-a7c679affcd1,8b0de26f-ea84-451d-b5d2-a2b3f8f5032d,it,Fronte spiaggia,2026-03-26 02:13:31.743224+00
217,d0458939-9d97-4eef-afcd-a7c679affcd1,8b0de26f-ea84-451d-b5d2-a2b3f8f5032d,it,Connessione internet,2026-03-26 02:13:31.743224+00
218,d0458939-9d97-4eef-afcd-a7c679affcd1,8b0de26f-ea84-451d-b5d2-a2b3f8f5032d,it,Bar,2026-03-26 02:13:31.743225+00
219,d0458939-9d97-4eef-afcd-a7c679affcd1,8b0de26f-ea84-451d-b5d2-a2b3f8f5032d,it,Spiaggia privata,2026-03-26 02:13:31.743226+00
220,d0458939-9d97-4eef-afcd-a7c679affcd1,8b0de26f-ea84-451d-b5d2-a2b3f8f5032d,it,Ristorante,2026-03-26 02:13:31.743226+00
221,d0458939-9d97-4eef-afcd-a7c679affcd1,8b0de26f-ea84-451d-b5d2-a2b3f8f5032d,it,Consegna spesa a domicilio,2026-03-26 02:13:31.743227+00
222,d0458939-9d97-4eef-afcd-a7c679affcd1,8b0de26f-ea84-451d-b5d2-a2b3f8f5032d,it,Possibilità di pranzo al sacco,2026-03-26 02:13:31.743228+00
223,d0458939-9d97-4eef-afcd-a7c679affcd1,8b0de26f-ea84-451d-b5d2-a2b3f8f5032d,it,Frutta,2026-03-26 02:13:31.743229+00
224,d0458939-9d97-4eef-afcd-a7c679affcd1,8b0de26f-ea84-451d-b5d2-a2b3f8f5032d,it,Vino/champagne,2026-03-26 02:13:31.743229+00
225,d0458939-9d97-4eef-afcd-a7c679affcd1,8b0de26f-ea84-451d-b5d2-a2b3f8f5032d,it,Menù per diete particolari (su richiesta),2026-03-26 02:13:31.74323+00
226,d0458939-9d97-4eef-afcd-a7c679affcd1,8b0de26f-ea84-451d-b5d2-a2b3f8f5032d,it,Snack bar,2026-03-26 02:13:31.74323+00
227,d0458939-9d97-4eef-afcd-a7c679affcd1,8b0de26f-ea84-451d-b5d2-a2b3f8f5032d,it,Possibilità di colazione in camera,2026-03-26 02:13:31.743231+00
228,d0458939-9d97-4eef-afcd-a7c679affcd1,8b0de26f-ea84-451d-b5d2-a2b3f8f5032d,it,Pasti per bambini,2026-03-26 02:13:31.743232+00
229,88ca2ae7-507a-489f-b9a2-7d1e0f8d2a98,ae4e3a56-cc1a-4d79-82b0-c7e045aa8350,it,Piscina,2026-03-26 02:14:50.838341+00
230,88ca2ae7-507a-489f-b9a2-7d1e0f8d2a98,ae4e3a56-cc1a-4d79-82b0-c7e045aa8350,it,Spa & centro benessere,2026-03-26 02:14:50.838345+00
231,88ca2ae7-507a-489f-b9a2-7d1e0f8d2a98,ae4e3a56-cc1a-4d79-82b0-c7e045aa8350,it,Palestra,2026-03-26 02:14:50.838346+00
232,88ca2ae7-507a-489f-b9a2-7d1e0f8d2a98,ae4e3a56-cc1a-4d79-82b0-c7e045aa8350,it,Camere non fumatori,2026-03-26 02:14:50.838347+00
233,88ca2ae7-507a-489f-b9a2-7d1e0f8d2a98,ae4e3a56-cc1a-4d79-82b0-c7e045aa8350,it,Ristorante,2026-03-26 02:14:50.838348+00
234,88ca2ae7-507a-489f-b9a2-7d1e0f8d2a98,ae4e3a56-cc1a-4d79-82b0-c7e045aa8350,it,Connessione internet,2026-03-26 02:14:50.838349+00
235,88ca2ae7-507a-489f-b9a2-7d1e0f8d2a98,ae4e3a56-cc1a-4d79-82b0-c7e045aa8350,it,Parcheggio,2026-03-26 02:14:50.83835+00
236,88ca2ae7-507a-489f-b9a2-7d1e0f8d2a98,ae4e3a56-cc1a-4d79-82b0-c7e045aa8350,it,Bar,2026-03-26 02:14:50.838352+00
237,88ca2ae7-507a-489f-b9a2-7d1e0f8d2a98,ae4e3a56-cc1a-4d79-82b0-c7e045aa8350,it,Consegna spesa a domicilio,2026-03-26 02:14:50.838353+00
238,88ca2ae7-507a-489f-b9a2-7d1e0f8d2a98,ae4e3a56-cc1a-4d79-82b0-c7e045aa8350,it,Frutta,2026-03-26 02:14:50.838354+00
239,88ca2ae7-507a-489f-b9a2-7d1e0f8d2a98,ae4e3a56-cc1a-4d79-82b0-c7e045aa8350,it,Vino/champagne,2026-03-26 02:14:50.838355+00
240,88ca2ae7-507a-489f-b9a2-7d1e0f8d2a98,ae4e3a56-cc1a-4d79-82b0-c7e045aa8350,it,Menù per diete particolari (su richiesta),2026-03-26 02:14:50.838356+00
241,88ca2ae7-507a-489f-b9a2-7d1e0f8d2a98,ae4e3a56-cc1a-4d79-82b0-c7e045aa8350,it,Area picnic,2026-03-26 02:14:50.838357+00
242,88ca2ae7-507a-489f-b9a2-7d1e0f8d2a98,ae4e3a56-cc1a-4d79-82b0-c7e045aa8350,it,Pasti per bambini,2026-03-26 02:14:50.838358+00
243,88ca2ae7-507a-489f-b9a2-7d1e0f8d2a98,ae4e3a56-cc1a-4d79-82b0-c7e045aa8350,it,WiFi,2026-03-26 02:14:50.838359+00
244,88ca2ae7-507a-489f-b9a2-7d1e0f8d2a98,ae4e3a56-cc1a-4d79-82b0-c7e045aa8350,it,Minigolf,2026-03-26 02:14:50.83836+00
245,88ca2ae7-507a-489f-b9a2-7d1e0f8d2a98,ae4e3a56-cc1a-4d79-82b0-c7e045aa8350,it,Suite nuziale,2026-03-26 02:14:50.838361+00
246,7c053538-42f3-4f6c-ad8f-0438c28f47c4,ed58b18a-09c7-4f16-8150-16b4bac0ecfc,en,Swimming pool,2026-03-26 02:18:01.56069+00
247,7c053538-42f3-4f6c-ad8f-0438c28f47c4,ed58b18a-09c7-4f16-8150-16b4bac0ecfc,en,Beachfront,2026-03-26 02:18:01.560693+00
248,7c053538-42f3-4f6c-ad8f-0438c28f47c4,ed58b18a-09c7-4f16-8150-16b4bac0ecfc,en,Internet services,2026-03-26 02:18:01.560694+00
249,7c053538-42f3-4f6c-ad8f-0438c28f47c4,ed58b18a-09c7-4f16-8150-16b4bac0ecfc,en,Family rooms,2026-03-26 02:18:01.560695+00
250,7c053538-42f3-4f6c-ad8f-0438c28f47c4,ed58b18a-09c7-4f16-8150-16b4bac0ecfc,en,Non-smoking rooms,2026-03-26 02:18:01.560695+00
251,7c053538-42f3-4f6c-ad8f-0438c28f47c4,ed58b18a-09c7-4f16-8150-16b4bac0ecfc,en,Spa and wellness centre,2026-03-26 02:18:01.560696+00
252,7c053538-42f3-4f6c-ad8f-0438c28f47c4,ed58b18a-09c7-4f16-8150-16b4bac0ecfc,en,Bar,2026-03-26 02:18:01.560696+00
253,7c053538-42f3-4f6c-ad8f-0438c28f47c4,ed58b18a-09c7-4f16-8150-16b4bac0ecfc,en,Private beach area,2026-03-26 02:18:01.560697+00
254,7c053538-42f3-4f6c-ad8f-0438c28f47c4,ed58b18a-09c7-4f16-8150-16b4bac0ecfc,en,Restaurant,2026-03-26 02:18:01.560698+00
255,7c053538-42f3-4f6c-ad8f-0438c28f47c4,ed58b18a-09c7-4f16-8150-16b4bac0ecfc,en,Grocery deliveries,2026-03-26 02:18:01.560698+00
256,7c053538-42f3-4f6c-ad8f-0438c28f47c4,ed58b18a-09c7-4f16-8150-16b4bac0ecfc,en,Minimarket on site,2026-03-26 02:18:01.560699+00
257,7c053538-42f3-4f6c-ad8f-0438c28f47c4,ed58b18a-09c7-4f16-8150-16b4bac0ecfc,en,Packed lunches,2026-03-26 02:18:01.560699+00
258,7c053538-42f3-4f6c-ad8f-0438c28f47c4,ed58b18a-09c7-4f16-8150-16b4bac0ecfc,en,Wine/champagne,2026-03-26 02:18:01.5607+00
259,7c053538-42f3-4f6c-ad8f-0438c28f47c4,ed58b18a-09c7-4f16-8150-16b4bac0ecfc,en,Special diet menus (on request),2026-03-26 02:18:01.560701+00
260,7c053538-42f3-4f6c-ad8f-0438c28f47c4,ed58b18a-09c7-4f16-8150-16b4bac0ecfc,en,Snack bar,2026-03-26 02:18:01.560701+00
261,7c053538-42f3-4f6c-ad8f-0438c28f47c4,ed58b18a-09c7-4f16-8150-16b4bac0ecfc,en,Breakfast in the room,2026-03-26 02:18:01.560702+00
262,7c053538-42f3-4f6c-ad8f-0438c28f47c4,ed58b18a-09c7-4f16-8150-16b4bac0ecfc,en,Kids' meals,2026-03-26 02:18:01.560702+00
263,d7fdee98-2ace-45a0-a439-d3600f880cb3,fb70b828-b3de-4ecd-96dc-7ae845208fd8,en,Swimming pool,2026-03-26 02:20:52.113507+00
264,d7fdee98-2ace-45a0-a439-d3600f880cb3,fb70b828-b3de-4ecd-96dc-7ae845208fd8,en,Internet services,2026-03-26 02:20:52.11351+00
265,d7fdee98-2ace-45a0-a439-d3600f880cb3,fb70b828-b3de-4ecd-96dc-7ae845208fd8,en,Family rooms,2026-03-26 02:20:52.113511+00
266,d7fdee98-2ace-45a0-a439-d3600f880cb3,fb70b828-b3de-4ecd-96dc-7ae845208fd8,en,Parking,2026-03-26 02:20:52.113511+00
267,d7fdee98-2ace-45a0-a439-d3600f880cb3,fb70b828-b3de-4ecd-96dc-7ae845208fd8,en,Non-smoking rooms,2026-03-26 02:20:52.113512+00
268,d7fdee98-2ace-45a0-a439-d3600f880cb3,fb70b828-b3de-4ecd-96dc-7ae845208fd8,en,Laundry,2026-03-26 02:20:52.113513+00
269,11ed8622-185d-453a-b392-b43ed42fc30d,ed58b18a-09c7-4f16-8150-16b4bac0ecfc,es,Piscina,2026-03-26 02:22:11.359025+00
270,11ed8622-185d-453a-b392-b43ed42fc30d,ed58b18a-09c7-4f16-8150-16b4bac0ecfc,es,Situado frente a la playa,2026-03-26 02:22:11.359029+00
271,11ed8622-185d-453a-b392-b43ed42fc30d,ed58b18a-09c7-4f16-8150-16b4bac0ecfc,es,Internet,2026-03-26 02:22:11.35903+00
272,11ed8622-185d-453a-b392-b43ed42fc30d,ed58b18a-09c7-4f16-8150-16b4bac0ecfc,es,Habitaciones familiares,2026-03-26 02:22:11.359031+00
273,11ed8622-185d-453a-b392-b43ed42fc30d,ed58b18a-09c7-4f16-8150-16b4bac0ecfc,es,Habitaciones sin humo,2026-03-26 02:22:11.359032+00
274,11ed8622-185d-453a-b392-b43ed42fc30d,ed58b18a-09c7-4f16-8150-16b4bac0ecfc,es,Spa y centro de bienestar,2026-03-26 02:22:11.359032+00
275,11ed8622-185d-453a-b392-b43ed42fc30d,ed58b18a-09c7-4f16-8150-16b4bac0ecfc,es,Bar,2026-03-26 02:22:11.359033+00
276,11ed8622-185d-453a-b392-b43ed42fc30d,ed58b18a-09c7-4f16-8150-16b4bac0ecfc,es,Zona privada de playa,2026-03-26 02:22:11.359034+00
277,11ed8622-185d-453a-b392-b43ed42fc30d,ed58b18a-09c7-4f16-8150-16b4bac0ecfc,es,Restaurante,2026-03-26 02:22:11.359034+00
278,11ed8622-185d-453a-b392-b43ed42fc30d,ed58b18a-09c7-4f16-8150-16b4bac0ecfc,es,Servicio de entrega de comestibles,2026-03-26 02:22:11.359035+00
279,11ed8622-185d-453a-b392-b43ed42fc30d,ed58b18a-09c7-4f16-8150-16b4bac0ecfc,es,Supermercado pequeño en el alojamiento,2026-03-26 02:22:11.359036+00
280,11ed8622-185d-453a-b392-b43ed42fc30d,ed58b18a-09c7-4f16-8150-16b4bac0ecfc,es,Almuerzos para llevar,2026-03-26 02:22:11.359036+00
281,11ed8622-185d-453a-b392-b43ed42fc30d,ed58b18a-09c7-4f16-8150-16b4bac0ecfc,es,Vino / champán,2026-03-26 02:22:11.359037+00
282,11ed8622-185d-453a-b392-b43ed42fc30d,ed58b18a-09c7-4f16-8150-16b4bac0ecfc,es,Menús para dietas especiales (bajo petición),2026-03-26 02:22:11.359038+00
283,11ed8622-185d-453a-b392-b43ed42fc30d,ed58b18a-09c7-4f16-8150-16b4bac0ecfc,es,Snack-bar,2026-03-26 02:22:11.359038+00
284,11ed8622-185d-453a-b392-b43ed42fc30d,ed58b18a-09c7-4f16-8150-16b4bac0ecfc,es,Desayuno en la habitación,2026-03-26 02:22:11.359039+00
285,11ed8622-185d-453a-b392-b43ed42fc30d,ed58b18a-09c7-4f16-8150-16b4bac0ecfc,es,Menú para niños,2026-03-26 02:22:11.35904+00
286,e0d7a233-0c26-4742-96ba-d9263ed1f743,fb70b828-b3de-4ecd-96dc-7ae845208fd8,es,Piscina,2026-03-26 02:23:30.87054+00
287,e0d7a233-0c26-4742-96ba-d9263ed1f743,fb70b828-b3de-4ecd-96dc-7ae845208fd8,es,Internet,2026-03-26 02:23:30.870543+00
288,e0d7a233-0c26-4742-96ba-d9263ed1f743,fb70b828-b3de-4ecd-96dc-7ae845208fd8,es,Habitaciones familiares,2026-03-26 02:23:30.870544+00
289,e0d7a233-0c26-4742-96ba-d9263ed1f743,fb70b828-b3de-4ecd-96dc-7ae845208fd8,es,Parking,2026-03-26 02:23:30.870545+00
290,e0d7a233-0c26-4742-96ba-d9263ed1f743,fb70b828-b3de-4ecd-96dc-7ae845208fd8,es,Habitaciones sin humo,2026-03-26 02:23:30.870545+00
291,e0d7a233-0c26-4742-96ba-d9263ed1f743,fb70b828-b3de-4ecd-96dc-7ae845208fd8,es,Servicio de lavandería,2026-03-26 02:23:30.870546+00
292,a1cf858f-cca2-4583-825f-432b79fa203a,ed58b18a-09c7-4f16-8150-16b4bac0ecfc,de,Pool,2026-03-26 02:24:49.483544+00
293,a1cf858f-cca2-4583-825f-432b79fa203a,ed58b18a-09c7-4f16-8150-16b4bac0ecfc,de,am Strand,2026-03-26 02:24:49.483549+00
294,a1cf858f-cca2-4583-825f-432b79fa203a,ed58b18a-09c7-4f16-8150-16b4bac0ecfc,de,Internet,2026-03-26 02:24:49.48355+00
295,a1cf858f-cca2-4583-825f-432b79fa203a,ed58b18a-09c7-4f16-8150-16b4bac0ecfc,de,Familienzimmer,2026-03-26 02:24:49.483551+00
296,a1cf858f-cca2-4583-825f-432b79fa203a,ed58b18a-09c7-4f16-8150-16b4bac0ecfc,de,Nichtraucherzimmer,2026-03-26 02:24:49.483552+00
297,a1cf858f-cca2-4583-825f-432b79fa203a,ed58b18a-09c7-4f16-8150-16b4bac0ecfc,de,Spa & Wellnesscenter,2026-03-26 02:24:49.483552+00
298,a1cf858f-cca2-4583-825f-432b79fa203a,ed58b18a-09c7-4f16-8150-16b4bac0ecfc,de,Swimmingpool,2026-03-26 02:24:49.483553+00
299,a1cf858f-cca2-4583-825f-432b79fa203a,ed58b18a-09c7-4f16-8150-16b4bac0ecfc,de,Bar,2026-03-26 02:24:49.483554+00
300,a1cf858f-cca2-4583-825f-432b79fa203a,ed58b18a-09c7-4f16-8150-16b4bac0ecfc,de,Privater Strand,2026-03-26 02:24:49.483555+00
301,a1cf858f-cca2-4583-825f-432b79fa203a,ed58b18a-09c7-4f16-8150-16b4bac0ecfc,de,Restaurant,2026-03-26 02:24:49.483556+00
302,a1cf858f-cca2-4583-825f-432b79fa203a,ed58b18a-09c7-4f16-8150-16b4bac0ecfc,de,Lebensmittellieferung,2026-03-26 02:24:49.483557+00
303,a1cf858f-cca2-4583-825f-432b79fa203a,ed58b18a-09c7-4f16-8150-16b4bac0ecfc,de,Minimarkt vor Ort,2026-03-26 02:24:49.483557+00
304,a1cf858f-cca2-4583-825f-432b79fa203a,ed58b18a-09c7-4f16-8150-16b4bac0ecfc,de,Lunchpakete,2026-03-26 02:24:49.483558+00
305,a1cf858f-cca2-4583-825f-432b79fa203a,ed58b18a-09c7-4f16-8150-16b4bac0ecfc,de,Wein/Sekt,2026-03-26 02:24:49.483559+00
306,a1cf858f-cca2-4583-825f-432b79fa203a,ed58b18a-09c7-4f16-8150-16b4bac0ecfc,de,Kindermahlzeiten,2026-03-26 02:24:49.48356+00
307,a1cf858f-cca2-4583-825f-432b79fa203a,ed58b18a-09c7-4f16-8150-16b4bac0ecfc,de,Speisen für spezielle Ernährungsbedürfnisse (auf Anfrage),2026-03-26 02:24:49.483561+00
308,a1cf858f-cca2-4583-825f-432b79fa203a,ed58b18a-09c7-4f16-8150-16b4bac0ecfc,de,Snackbar,2026-03-26 02:24:49.483561+00
309,a1cf858f-cca2-4583-825f-432b79fa203a,ed58b18a-09c7-4f16-8150-16b4bac0ecfc,de,Frühstück im Zimmer,2026-03-26 02:24:49.483562+00
310,e4b320ca-f444-4608-9f14-a742b331cd4b,fb70b828-b3de-4ecd-96dc-7ae845208fd8,de,Pool,2026-03-26 02:26:21.209079+00
311,e4b320ca-f444-4608-9f14-a742b331cd4b,fb70b828-b3de-4ecd-96dc-7ae845208fd8,de,Internet,2026-03-26 02:26:21.209082+00
312,e4b320ca-f444-4608-9f14-a742b331cd4b,fb70b828-b3de-4ecd-96dc-7ae845208fd8,de,Familienzimmer,2026-03-26 02:26:21.209083+00
313,e4b320ca-f444-4608-9f14-a742b331cd4b,fb70b828-b3de-4ecd-96dc-7ae845208fd8,de,Parkplatz,2026-03-26 02:26:21.209083+00
314,e4b320ca-f444-4608-9f14-a742b331cd4b,fb70b828-b3de-4ecd-96dc-7ae845208fd8,de,Nichtraucherzimmer,2026-03-26 02:26:21.209084+00
315,e4b320ca-f444-4608-9f14-a742b331cd4b,fb70b828-b3de-4ecd-96dc-7ae845208fd8,de,Waschsalon/Wäscheservice,2026-03-26 02:26:21.209085+00
316,7271f0b3-ff41-4bcb-8692-033abd4a249e,ed58b18a-09c7-4f16-8150-16b4bac0ecfc,it,Piscina,2026-03-26 02:27:40.22445+00
317,7271f0b3-ff41-4bcb-8692-033abd4a249e,ed58b18a-09c7-4f16-8150-16b4bac0ecfc,it,Fronte spiaggia,2026-03-26 02:27:40.224454+00
318,7271f0b3-ff41-4bcb-8692-033abd4a249e,ed58b18a-09c7-4f16-8150-16b4bac0ecfc,it,Connessione internet,2026-03-26 02:27:40.224455+00
319,7271f0b3-ff41-4bcb-8692-033abd4a249e,ed58b18a-09c7-4f16-8150-16b4bac0ecfc,it,Disponibilità di camere familiari,2026-03-26 02:27:40.224456+00
320,7271f0b3-ff41-4bcb-8692-033abd4a249e,ed58b18a-09c7-4f16-8150-16b4bac0ecfc,it,Camere non fumatori,2026-03-26 02:27:40.224458+00
321,7271f0b3-ff41-4bcb-8692-033abd4a249e,ed58b18a-09c7-4f16-8150-16b4bac0ecfc,it,Spa & centro benessere,2026-03-26 02:27:40.224459+00
322,7271f0b3-ff41-4bcb-8692-033abd4a249e,ed58b18a-09c7-4f16-8150-16b4bac0ecfc,it,Bar,2026-03-26 02:27:40.22446+00
323,7271f0b3-ff41-4bcb-8692-033abd4a249e,ed58b18a-09c7-4f16-8150-16b4bac0ecfc,it,Spiaggia privata,2026-03-26 02:27:40.224461+00
324,7271f0b3-ff41-4bcb-8692-033abd4a249e,ed58b18a-09c7-4f16-8150-16b4bac0ecfc,it,Ristorante,2026-03-26 02:27:40.224462+00
325,7271f0b3-ff41-4bcb-8692-033abd4a249e,ed58b18a-09c7-4f16-8150-16b4bac0ecfc,it,Consegna spesa a domicilio,2026-03-26 02:27:40.224464+00
326,7271f0b3-ff41-4bcb-8692-033abd4a249e,ed58b18a-09c7-4f16-8150-16b4bac0ecfc,it,Minimarket sul posto,2026-03-26 02:27:40.224465+00
327,7271f0b3-ff41-4bcb-8692-033abd4a249e,ed58b18a-09c7-4f16-8150-16b4bac0ecfc,it,Possibilità di pranzo al sacco,2026-03-26 02:27:40.224466+00
328,7271f0b3-ff41-4bcb-8692-033abd4a249e,ed58b18a-09c7-4f16-8150-16b4bac0ecfc,it,Vino/champagne,2026-03-26 02:27:40.224467+00
329,7271f0b3-ff41-4bcb-8692-033abd4a249e,ed58b18a-09c7-4f16-8150-16b4bac0ecfc,it,Menù per diete particolari (su richiesta),2026-03-26 02:27:40.224468+00
330,7271f0b3-ff41-4bcb-8692-033abd4a249e,ed58b18a-09c7-4f16-8150-16b4bac0ecfc,it,Snack bar,2026-03-26 02:27:40.224469+00
331,7271f0b3-ff41-4bcb-8692-033abd4a249e,ed58b18a-09c7-4f16-8150-16b4bac0ecfc,it,Possibilità di colazione in camera,2026-03-26 02:27:40.224471+00
332,7271f0b3-ff41-4bcb-8692-033abd4a249e,ed58b18a-09c7-4f16-8150-16b4bac0ecfc,it,Pasti per bambini,2026-03-26 02:27:40.224472+00
333,dc9af9cc-2244-4ef9-8e17-96ae0fec6c01,fb70b828-b3de-4ecd-96dc-7ae845208fd8,it,Piscina,2026-03-26 02:28:57.273978+00
334,dc9af9cc-2244-4ef9-8e17-96ae0fec6c01,fb70b828-b3de-4ecd-96dc-7ae845208fd8,it,Connessione internet,2026-03-26 02:28:57.273982+00
335,dc9af9cc-2244-4ef9-8e17-96ae0fec6c01,fb70b828-b3de-4ecd-96dc-7ae845208fd8,it,Disponibilità di camere familiari,2026-03-26 02:28:57.273983+00
336,dc9af9cc-2244-4ef9-8e17-96ae0fec6c01,fb70b828-b3de-4ecd-96dc-7ae845208fd8,it,Parcheggio,2026-03-26 02:28:57.273983+00
337,dc9af9cc-2244-4ef9-8e17-96ae0fec6c01,fb70b828-b3de-4ecd-96dc-7ae845208fd8,it,Camere non fumatori,2026-03-26 02:28:57.273984+00
338,dc9af9cc-2244-4ef9-8e17-96ae0fec6c01,fb70b828-b3de-4ecd-96dc-7ae845208fd8,it,Servizio lavanderia,2026-03-26 02:28:57.273985+00
339,c43eac94-7964-448f-86c2-e5b6872c28c0,924a45a0-968e-4735-9188-dca6101b261e,en,Swimming pool,2026-03-26 02:31:51.43969+00
340,c43eac94-7964-448f-86c2-e5b6872c28c0,924a45a0-968e-4735-9188-dca6101b261e,en,Internet services,2026-03-26 02:31:51.439693+00
341,c43eac94-7964-448f-86c2-e5b6872c28c0,924a45a0-968e-4735-9188-dca6101b261e,en,Beachfront,2026-03-26 02:31:51.439694+00
342,c43eac94-7964-448f-86c2-e5b6872c28c0,924a45a0-968e-4735-9188-dca6101b261e,en,Airport shuttle,2026-03-26 02:31:51.439694+00
343,c43eac94-7964-448f-86c2-e5b6872c28c0,924a45a0-968e-4735-9188-dca6101b261e,en,Non-smoking rooms,2026-03-26 02:31:51.439695+00
344,c43eac94-7964-448f-86c2-e5b6872c28c0,924a45a0-968e-4735-9188-dca6101b261e,en,Parking,2026-03-26 02:31:51.439696+00
345,c43eac94-7964-448f-86c2-e5b6872c28c0,924a45a0-968e-4735-9188-dca6101b261e,en,Family rooms,2026-03-26 02:31:51.439696+00
346,c43eac94-7964-448f-86c2-e5b6872c28c0,924a45a0-968e-4735-9188-dca6101b261e,en,Bar,2026-03-26 02:31:51.439697+00
347,c43eac94-7964-448f-86c2-e5b6872c28c0,924a45a0-968e-4735-9188-dca6101b261e,en,Restaurant,2026-03-26 02:31:51.439698+00
348,188f5010-1511-411a-81c6-b758b1609c38,924a45a0-968e-4735-9188-dca6101b261e,es,Piscina,2026-03-26 02:38:04.283099+00
349,188f5010-1511-411a-81c6-b758b1609c38,924a45a0-968e-4735-9188-dca6101b261e,es,Internet,2026-03-26 02:38:04.283102+00
350,188f5010-1511-411a-81c6-b758b1609c38,924a45a0-968e-4735-9188-dca6101b261e,es,Situado frente a la playa,2026-03-26 02:38:04.283103+00
351,188f5010-1511-411a-81c6-b758b1609c38,924a45a0-968e-4735-9188-dca6101b261e,es,Traslado aeropuerto,2026-03-26 02:38:04.283104+00
352,188f5010-1511-411a-81c6-b758b1609c38,924a45a0-968e-4735-9188-dca6101b261e,es,Habitaciones sin humo,2026-03-26 02:38:04.283105+00
353,188f5010-1511-411a-81c6-b758b1609c38,924a45a0-968e-4735-9188-dca6101b261e,es,Parking,2026-03-26 02:38:04.283105+00
354,188f5010-1511-411a-81c6-b758b1609c38,924a45a0-968e-4735-9188-dca6101b261e,es,Habitaciones familiares,2026-03-26 02:38:04.283106+00
355,188f5010-1511-411a-81c6-b758b1609c38,924a45a0-968e-4735-9188-dca6101b261e,es,Bar,2026-03-26 02:38:04.283107+00
356,188f5010-1511-411a-81c6-b758b1609c38,924a45a0-968e-4735-9188-dca6101b261e,es,Restaurante,2026-03-26 02:38:04.283107+00
357,6c210e3b-9dca-4893-ab59-84b5eedf90e1,924a45a0-968e-4735-9188-dca6101b261e,de,Pool,2026-03-26 02:44:34.700578+00
358,6c210e3b-9dca-4893-ab59-84b5eedf90e1,924a45a0-968e-4735-9188-dca6101b261e,de,Internet,2026-03-26 02:44:34.700584+00
359,6c210e3b-9dca-4893-ab59-84b5eedf90e1,924a45a0-968e-4735-9188-dca6101b261e,de,am Strand,2026-03-26 02:44:34.700585+00
360,6c210e3b-9dca-4893-ab59-84b5eedf90e1,924a45a0-968e-4735-9188-dca6101b261e,de,Flughafenshuttle,2026-03-26 02:44:34.700586+00
361,6c210e3b-9dca-4893-ab59-84b5eedf90e1,924a45a0-968e-4735-9188-dca6101b261e,de,Nichtraucherzimmer,2026-03-26 02:44:34.700587+00
362,6c210e3b-9dca-4893-ab59-84b5eedf90e1,924a45a0-968e-4735-9188-dca6101b261e,de,Parkplatz,2026-03-26 02:44:34.700589+00
363,6c210e3b-9dca-4893-ab59-84b5eedf90e1,924a45a0-968e-4735-9188-dca6101b261e,de,Familienzimmer,2026-03-26 02:44:34.70059+00
364,6c210e3b-9dca-4893-ab59-84b5eedf90e1,924a45a0-968e-4735-9188-dca6101b261e,de,Swimmingpool,2026-03-26 02:44:34.700591+00
365,6c210e3b-9dca-4893-ab59-84b5eedf90e1,924a45a0-968e-4735-9188-dca6101b261e,de,Bar,2026-03-26 02:44:34.700592+00
366,6c210e3b-9dca-4893-ab59-84b5eedf90e1,924a45a0-968e-4735-9188-dca6101b261e,de,Restaurant,2026-03-26 02:44:34.700593+00
367,bef4d5ea-6a8c-4627-9814-8408fc1a301c,bc5d8b35-1a5f-4ab6-b778-3a7ba516bc0b,es,Piscina,2026-03-26 02:45:51.324155+00
368,bef4d5ea-6a8c-4627-9814-8408fc1a301c,bc5d8b35-1a5f-4ab6-b778-3a7ba516bc0b,es,Internet,2026-03-26 02:45:51.324158+00
369,bef4d5ea-6a8c-4627-9814-8408fc1a301c,bc5d8b35-1a5f-4ab6-b778-3a7ba516bc0b,es,Traslado aeropuerto,2026-03-26 02:45:51.324159+00
370,bef4d5ea-6a8c-4627-9814-8408fc1a301c,bc5d8b35-1a5f-4ab6-b778-3a7ba516bc0b,es,Habitaciones familiares,2026-03-26 02:45:51.32416+00
371,bef4d5ea-6a8c-4627-9814-8408fc1a301c,bc5d8b35-1a5f-4ab6-b778-3a7ba516bc0b,es,Restaurante,2026-03-26 02:45:51.324161+00
372,bef4d5ea-6a8c-4627-9814-8408fc1a301c,bc5d8b35-1a5f-4ab6-b778-3a7ba516bc0b,es,Spa y centro de bienestar,2026-03-26 02:45:51.324161+00
373,bef4d5ea-6a8c-4627-9814-8408fc1a301c,bc5d8b35-1a5f-4ab6-b778-3a7ba516bc0b,es,Parking,2026-03-26 02:45:51.324162+00
374,bef4d5ea-6a8c-4627-9814-8408fc1a301c,bc5d8b35-1a5f-4ab6-b778-3a7ba516bc0b,es,Bar,2026-03-26 02:45:51.324163+00
375,bef4d5ea-6a8c-4627-9814-8408fc1a301c,bc5d8b35-1a5f-4ab6-b778-3a7ba516bc0b,es,Fruta,2026-03-26 02:45:51.324163+00
376,bef4d5ea-6a8c-4627-9814-8408fc1a301c,bc5d8b35-1a5f-4ab6-b778-3a7ba516bc0b,es,Vino / champán,2026-03-26 02:45:51.324164+00
377,bef4d5ea-6a8c-4627-9814-8408fc1a301c,bc5d8b35-1a5f-4ab6-b778-3a7ba516bc0b,es,Menús para dietas especiales (bajo petición),2026-03-26 02:45:51.324165+00
378,bef4d5ea-6a8c-4627-9814-8408fc1a301c,bc5d8b35-1a5f-4ab6-b778-3a7ba516bc0b,es,Desayuno en la habitación,2026-03-26 02:45:51.324165+00
379,bef4d5ea-6a8c-4627-9814-8408fc1a301c,bc5d8b35-1a5f-4ab6-b778-3a7ba516bc0b,es,Barbacoa,2026-03-26 02:45:51.324166+00
380,bef4d5ea-6a8c-4627-9814-8408fc1a301c,bc5d8b35-1a5f-4ab6-b778-3a7ba516bc0b,es,Servicio de traslado (de pago),2026-03-26 02:45:51.324167+00
381,bef4d5ea-6a8c-4627-9814-8408fc1a301c,bc5d8b35-1a5f-4ab6-b778-3a7ba516bc0b,es,Alquiler de equipamiento de esquí en el alojamiento,2026-03-26 02:45:51.324167+00
382,bef4d5ea-6a8c-4627-9814-8408fc1a301c,bc5d8b35-1a5f-4ab6-b778-3a7ba516bc0b,es,Habitaciones sin humo,2026-03-26 02:45:51.324168+00
383,bef4d5ea-6a8c-4627-9814-8408fc1a301c,bc5d8b35-1a5f-4ab6-b778-3a7ba516bc0b,es,Servicio de lavandería,2026-03-26 02:45:51.324169+00
384,bef4d5ea-6a8c-4627-9814-8408fc1a301c,bc5d8b35-1a5f-4ab6-b778-3a7ba516bc0b,es,Equitación,2026-03-26 02:45:51.32417+00
385,bef4d5ea-6a8c-4627-9814-8408fc1a301c,bc5d8b35-1a5f-4ab6-b778-3a7ba516bc0b,es,Piscina al aire libre (de temporada),2026-03-26 02:45:51.324171+00
386,bef4d5ea-6a8c-4627-9814-8408fc1a301c,bc5d8b35-1a5f-4ab6-b778-3a7ba516bc0b,es,Discoteca / DJ,2026-03-26 02:45:51.324171+00
387,bef4d5ea-6a8c-4627-9814-8408fc1a301c,bc5d8b35-1a5f-4ab6-b778-3a7ba516bc0b,es,Registro de entrada / salida privado,2026-03-26 02:45:51.324172+00
388,8c164f8d-07bc-47fa-9c91-a05c4a7cf79a,924a45a0-968e-4735-9188-dca6101b261e,it,Piscina,2026-03-26 02:47:23.594777+00
389,8c164f8d-07bc-47fa-9c91-a05c4a7cf79a,924a45a0-968e-4735-9188-dca6101b261e,it,Connessione internet,2026-03-26 02:47:23.59478+00
390,8c164f8d-07bc-47fa-9c91-a05c4a7cf79a,924a45a0-968e-4735-9188-dca6101b261e,it,Fronte spiaggia,2026-03-26 02:47:23.594781+00
391,8c164f8d-07bc-47fa-9c91-a05c4a7cf79a,924a45a0-968e-4735-9188-dca6101b261e,it,Navetta aeroportuale,2026-03-26 02:47:23.594782+00
392,8c164f8d-07bc-47fa-9c91-a05c4a7cf79a,924a45a0-968e-4735-9188-dca6101b261e,it,Camere non fumatori,2026-03-26 02:47:23.594782+00
393,8c164f8d-07bc-47fa-9c91-a05c4a7cf79a,924a45a0-968e-4735-9188-dca6101b261e,it,Parcheggio,2026-03-26 02:47:23.594783+00
394,8c164f8d-07bc-47fa-9c91-a05c4a7cf79a,924a45a0-968e-4735-9188-dca6101b261e,it,Disponibilità di camere familiari,2026-03-26 02:47:23.594783+00
395,8c164f8d-07bc-47fa-9c91-a05c4a7cf79a,924a45a0-968e-4735-9188-dca6101b261e,it,Bar,2026-03-26 02:47:23.594784+00
396,8c164f8d-07bc-47fa-9c91-a05c4a7cf79a,924a45a0-968e-4735-9188-dca6101b261e,it,Ristorante,2026-03-26 02:47:23.594785+00
397,ca5ccc8c-2e4f-4ec0-b80f-a7175b8b52dc,1caa6708-be54-4ac9-a2c1-92a73081bbcf,en,Swimming pool,2026-03-26 02:55:25.065612+00
398,ca5ccc8c-2e4f-4ec0-b80f-a7175b8b52dc,1caa6708-be54-4ac9-a2c1-92a73081bbcf,en,Internet services,2026-03-26 02:55:25.065617+00
399,ca5ccc8c-2e4f-4ec0-b80f-a7175b8b52dc,1caa6708-be54-4ac9-a2c1-92a73081bbcf,en,Airport shuttle,2026-03-26 02:55:25.065618+00
400,ca5ccc8c-2e4f-4ec0-b80f-a7175b8b52dc,1caa6708-be54-4ac9-a2c1-92a73081bbcf,en,Spa and wellness centre,2026-03-26 02:55:25.065619+00
401,ca5ccc8c-2e4f-4ec0-b80f-a7175b8b52dc,1caa6708-be54-4ac9-a2c1-92a73081bbcf,en,Family rooms,2026-03-26 02:55:25.06562+00
402,ca5ccc8c-2e4f-4ec0-b80f-a7175b8b52dc,1caa6708-be54-4ac9-a2c1-92a73081bbcf,en,Parking,2026-03-26 02:55:25.06562+00
403,ca5ccc8c-2e4f-4ec0-b80f-a7175b8b52dc,1caa6708-be54-4ac9-a2c1-92a73081bbcf,en,Restaurant,2026-03-26 02:55:25.065621+00
404,ca5ccc8c-2e4f-4ec0-b80f-a7175b8b52dc,1caa6708-be54-4ac9-a2c1-92a73081bbcf,en,Fitness centre,2026-03-26 02:55:25.065622+00
405,ca5ccc8c-2e4f-4ec0-b80f-a7175b8b52dc,1caa6708-be54-4ac9-a2c1-92a73081bbcf,en,Bar,2026-03-26 02:55:25.065623+00
406,ca5ccc8c-2e4f-4ec0-b80f-a7175b8b52dc,1caa6708-be54-4ac9-a2c1-92a73081bbcf,en,Special diet menus (on request),2026-03-26 02:55:25.065624+00
407,ca5ccc8c-2e4f-4ec0-b80f-a7175b8b52dc,1caa6708-be54-4ac9-a2c1-92a73081bbcf,en,Horse riding,2026-03-26 02:55:25.065625+00
408,ca5ccc8c-2e4f-4ec0-b80f-a7175b8b52dc,1caa6708-be54-4ac9-a2c1-92a73081bbcf,en,Outdoor pool (seasonal),2026-03-26 02:55:25.065626+00
409,ae1ba807-f4e9-40fc-88af-ed03b625c596,1caa6708-be54-4ac9-a2c1-92a73081bbcf,es,Piscina,2026-03-26 03:02:00.204284+00
410,ae1ba807-f4e9-40fc-88af-ed03b625c596,1caa6708-be54-4ac9-a2c1-92a73081bbcf,es,Internet,2026-03-26 03:02:00.204287+00
411,ae1ba807-f4e9-40fc-88af-ed03b625c596,1caa6708-be54-4ac9-a2c1-92a73081bbcf,es,Traslado aeropuerto,2026-03-26 03:02:00.204288+00
412,ae1ba807-f4e9-40fc-88af-ed03b625c596,1caa6708-be54-4ac9-a2c1-92a73081bbcf,es,Spa y centro de bienestar,2026-03-26 03:02:00.204289+00
413,ae1ba807-f4e9-40fc-88af-ed03b625c596,1caa6708-be54-4ac9-a2c1-92a73081bbcf,es,Habitaciones familiares,2026-03-26 03:02:00.20429+00
414,ae1ba807-f4e9-40fc-88af-ed03b625c596,1caa6708-be54-4ac9-a2c1-92a73081bbcf,es,Parking,2026-03-26 03:02:00.20429+00
415,ae1ba807-f4e9-40fc-88af-ed03b625c596,1caa6708-be54-4ac9-a2c1-92a73081bbcf,es,Restaurante,2026-03-26 03:02:00.204291+00
416,ae1ba807-f4e9-40fc-88af-ed03b625c596,1caa6708-be54-4ac9-a2c1-92a73081bbcf,es,Gimnasio,2026-03-26 03:02:00.204291+00
417,ae1ba807-f4e9-40fc-88af-ed03b625c596,1caa6708-be54-4ac9-a2c1-92a73081bbcf,es,Bar,2026-03-26 03:02:00.204292+00
418,ae1ba807-f4e9-40fc-88af-ed03b625c596,1caa6708-be54-4ac9-a2c1-92a73081bbcf,es,Menús para dietas especiales (bajo petición),2026-03-26 03:02:00.204293+00
419,ae1ba807-f4e9-40fc-88af-ed03b625c596,1caa6708-be54-4ac9-a2c1-92a73081bbcf,es,Equitación,2026-03-26 03:02:00.204293+00
420,ae1ba807-f4e9-40fc-88af-ed03b625c596,1caa6708-be54-4ac9-a2c1-92a73081bbcf,es,Piscina al aire libre (de temporada),2026-03-26 03:02:00.204294+00
421,0f2e3de4-174d-4c00-aad7-62fe5a47abf0,1caa6708-be54-4ac9-a2c1-92a73081bbcf,de,Pool,2026-03-26 03:08:21.023164+00
422,0f2e3de4-174d-4c00-aad7-62fe5a47abf0,1caa6708-be54-4ac9-a2c1-92a73081bbcf,de,Internet,2026-03-26 03:08:21.023169+00
423,0f2e3de4-174d-4c00-aad7-62fe5a47abf0,1caa6708-be54-4ac9-a2c1-92a73081bbcf,de,Flughafenshuttle,2026-03-26 03:08:21.02317+00
424,0f2e3de4-174d-4c00-aad7-62fe5a47abf0,1caa6708-be54-4ac9-a2c1-92a73081bbcf,de,Spa & Wellnesscenter,2026-03-26 03:08:21.023171+00
425,0f2e3de4-174d-4c00-aad7-62fe5a47abf0,1caa6708-be54-4ac9-a2c1-92a73081bbcf,de,Familienzimmer,2026-03-26 03:08:21.023173+00
426,0f2e3de4-174d-4c00-aad7-62fe5a47abf0,1caa6708-be54-4ac9-a2c1-92a73081bbcf,de,Parkplatz,2026-03-26 03:08:21.023174+00
427,0f2e3de4-174d-4c00-aad7-62fe5a47abf0,1caa6708-be54-4ac9-a2c1-92a73081bbcf,de,Restaurant,2026-03-26 03:08:21.023175+00
428,0f2e3de4-174d-4c00-aad7-62fe5a47abf0,1caa6708-be54-4ac9-a2c1-92a73081bbcf,de,Fitnesscenter,2026-03-26 03:08:21.023177+00
429,0f2e3de4-174d-4c00-aad7-62fe5a47abf0,1caa6708-be54-4ac9-a2c1-92a73081bbcf,de,Bar,2026-03-26 03:08:21.023178+00
430,0f2e3de4-174d-4c00-aad7-62fe5a47abf0,1caa6708-be54-4ac9-a2c1-92a73081bbcf,de,Speisen für spezielle Ernährungsbedürfnisse (auf Anfrage),2026-03-26 03:08:21.023179+00
431,0f2e3de4-174d-4c00-aad7-62fe5a47abf0,1caa6708-be54-4ac9-a2c1-92a73081bbcf,de,Reiten,2026-03-26 03:08:21.023181+00
432,0f2e3de4-174d-4c00-aad7-62fe5a47abf0,1caa6708-be54-4ac9-a2c1-92a73081bbcf,de,Außenpool (saisonal),2026-03-26 03:08:21.023182+00
433,b22ae26c-87c5-41b5-a70c-a5aca5884d9c,1caa6708-be54-4ac9-a2c1-92a73081bbcf,it,Piscina,2026-03-26 03:14:31.867829+00
434,b22ae26c-87c5-41b5-a70c-a5aca5884d9c,1caa6708-be54-4ac9-a2c1-92a73081bbcf,it,Connessione internet,2026-03-26 03:14:31.867835+00
435,b22ae26c-87c5-41b5-a70c-a5aca5884d9c,1caa6708-be54-4ac9-a2c1-92a73081bbcf,it,Navetta aeroportuale,2026-03-26 03:14:31.867837+00
436,b22ae26c-87c5-41b5-a70c-a5aca5884d9c,1caa6708-be54-4ac9-a2c1-92a73081bbcf,it,Spa & centro benessere,2026-03-26 03:14:31.867838+00
437,b22ae26c-87c5-41b5-a70c-a5aca5884d9c,1caa6708-be54-4ac9-a2c1-92a73081bbcf,it,Disponibilità di camere familiari,2026-03-26 03:14:31.86784+00
438,b22ae26c-87c5-41b5-a70c-a5aca5884d9c,1caa6708-be54-4ac9-a2c1-92a73081bbcf,it,Parcheggio,2026-03-26 03:14:31.867842+00
439,b22ae26c-87c5-41b5-a70c-a5aca5884d9c,1caa6708-be54-4ac9-a2c1-92a73081bbcf,it,Ristorante,2026-03-26 03:14:31.867843+00
440,b22ae26c-87c5-41b5-a70c-a5aca5884d9c,1caa6708-be54-4ac9-a2c1-92a73081bbcf,it,Palestra,2026-03-26 03:14:31.867845+00
441,b22ae26c-87c5-41b5-a70c-a5aca5884d9c,1caa6708-be54-4ac9-a2c1-92a73081bbcf,it,Bar,2026-03-26 03:14:31.867846+00
442,b22ae26c-87c5-41b5-a70c-a5aca5884d9c,1caa6708-be54-4ac9-a2c1-92a73081bbcf,it,Menù per diete particolari (su richiesta),2026-03-26 03:14:31.867848+00
443,b22ae26c-87c5-41b5-a70c-a5aca5884d9c,1caa6708-be54-4ac9-a2c1-92a73081bbcf,it,Equitazione,2026-03-26 03:14:31.867849+00
444,b22ae26c-87c5-41b5-a70c-a5aca5884d9c,1caa6708-be54-4ac9-a2c1-92a73081bbcf,it,Piscina all'aperto (stagionale),2026-03-26 03:14:31.867851+00
445,0ad12a47-844f-41cd-bc9b-89786d51bd95,ac99e9e0-8cc4-4d08-b028-0fc112846bff,en,Swimming pool,2026-03-26 03:17:23.219553+00
446,0ad12a47-844f-41cd-bc9b-89786d51bd95,ac99e9e0-8cc4-4d08-b028-0fc112846bff,en,Parking,2026-03-26 03:17:23.219556+00
447,0ad12a47-844f-41cd-bc9b-89786d51bd95,ac99e9e0-8cc4-4d08-b028-0fc112846bff,en,Internet services,2026-03-26 03:17:23.219557+00
448,0ad12a47-844f-41cd-bc9b-89786d51bd95,ac99e9e0-8cc4-4d08-b028-0fc112846bff,en,Family rooms,2026-03-26 03:17:23.219557+00
449,0ad12a47-844f-41cd-bc9b-89786d51bd95,ac99e9e0-8cc4-4d08-b028-0fc112846bff,en,Airport shuttle,2026-03-26 03:17:23.219558+00
450,0ad12a47-844f-41cd-bc9b-89786d51bd95,ac99e9e0-8cc4-4d08-b028-0fc112846bff,en,Room service,2026-03-26 03:17:23.219558+00
451,0ad12a47-844f-41cd-bc9b-89786d51bd95,ac99e9e0-8cc4-4d08-b028-0fc112846bff,en,Non-smoking rooms,2026-03-26 03:17:23.219559+00
452,0ad12a47-844f-41cd-bc9b-89786d51bd95,ac99e9e0-8cc4-4d08-b028-0fc112846bff,en,24-hour front desk,2026-03-26 03:17:23.21956+00
453,0ad12a47-844f-41cd-bc9b-89786d51bd95,ac99e9e0-8cc4-4d08-b028-0fc112846bff,en,Daily housekeeping,2026-03-26 03:17:23.21956+00
454,0ad12a47-844f-41cd-bc9b-89786d51bd95,ac99e9e0-8cc4-4d08-b028-0fc112846bff,en,Restaurant,2026-03-26 03:17:23.219561+00
455,0ad12a47-844f-41cd-bc9b-89786d51bd95,ac99e9e0-8cc4-4d08-b028-0fc112846bff,en,Ticket service,2026-03-26 03:17:23.219561+00
456,2dccab51-4b70-4bf0-a3ee-80c4623bada4,aeb525ad-b05a-4478-a5e3-bc28229049d4,en,Swimming pool,2026-03-26 03:20:13.017833+00
457,2dccab51-4b70-4bf0-a3ee-80c4623bada4,aeb525ad-b05a-4478-a5e3-bc28229049d4,en,Internet services,2026-03-26 03:20:13.017837+00
458,2dccab51-4b70-4bf0-a3ee-80c4623bada4,aeb525ad-b05a-4478-a5e3-bc28229049d4,en,Restaurant,2026-03-26 03:20:13.017837+00
459,2dccab51-4b70-4bf0-a3ee-80c4623bada4,aeb525ad-b05a-4478-a5e3-bc28229049d4,en,Non-smoking rooms,2026-03-26 03:20:13.017838+00
460,2dccab51-4b70-4bf0-a3ee-80c4623bada4,aeb525ad-b05a-4478-a5e3-bc28229049d4,en,Room service,2026-03-26 03:20:13.017838+00
461,2dccab51-4b70-4bf0-a3ee-80c4623bada4,aeb525ad-b05a-4478-a5e3-bc28229049d4,en,24-hour front desk,2026-03-26 03:20:13.017839+00
462,2dccab51-4b70-4bf0-a3ee-80c4623bada4,aeb525ad-b05a-4478-a5e3-bc28229049d4,en,Facilities for disabled guests,2026-03-26 03:20:13.017839+00
463,2dccab51-4b70-4bf0-a3ee-80c4623bada4,aeb525ad-b05a-4478-a5e3-bc28229049d4,en,Terrace,2026-03-26 03:20:13.01784+00
464,2dccab51-4b70-4bf0-a3ee-80c4623bada4,aeb525ad-b05a-4478-a5e3-bc28229049d4,en,Bar,2026-03-26 03:20:13.01784+00
465,2dccab51-4b70-4bf0-a3ee-80c4623bada4,aeb525ad-b05a-4478-a5e3-bc28229049d4,en,Fruits,2026-03-26 03:20:13.017841+00
466,2dccab51-4b70-4bf0-a3ee-80c4623bada4,aeb525ad-b05a-4478-a5e3-bc28229049d4,en,Wine/champagne,2026-03-26 03:20:13.017842+00
467,c0a6580f-c35d-4566-89c3-ce731d537125,ac99e9e0-8cc4-4d08-b028-0fc112846bff,es,Piscina,2026-03-26 03:21:31.498974+00
468,c0a6580f-c35d-4566-89c3-ce731d537125,ac99e9e0-8cc4-4d08-b028-0fc112846bff,es,Parking,2026-03-26 03:21:31.498977+00
469,c0a6580f-c35d-4566-89c3-ce731d537125,ac99e9e0-8cc4-4d08-b028-0fc112846bff,es,Internet,2026-03-26 03:21:31.498978+00
470,c0a6580f-c35d-4566-89c3-ce731d537125,ac99e9e0-8cc4-4d08-b028-0fc112846bff,es,Habitaciones familiares,2026-03-26 03:21:31.498979+00
471,c0a6580f-c35d-4566-89c3-ce731d537125,ac99e9e0-8cc4-4d08-b028-0fc112846bff,es,Traslado aeropuerto,2026-03-26 03:21:31.498979+00
472,c0a6580f-c35d-4566-89c3-ce731d537125,ac99e9e0-8cc4-4d08-b028-0fc112846bff,es,Servicio de habitaciones,2026-03-26 03:21:31.49898+00
473,c0a6580f-c35d-4566-89c3-ce731d537125,ac99e9e0-8cc4-4d08-b028-0fc112846bff,es,Habitaciones sin humo,2026-03-26 03:21:31.49898+00
474,c0a6580f-c35d-4566-89c3-ce731d537125,ac99e9e0-8cc4-4d08-b028-0fc112846bff,es,Recepción 24 horas,2026-03-26 03:21:31.498981+00
475,c0a6580f-c35d-4566-89c3-ce731d537125,ac99e9e0-8cc4-4d08-b028-0fc112846bff,es,Servicio de limpieza diario,2026-03-26 03:21:31.498982+00
476,c0a6580f-c35d-4566-89c3-ce731d537125,ac99e9e0-8cc4-4d08-b028-0fc112846bff,es,Restaurante,2026-03-26 03:21:31.498982+00
477,c0a6580f-c35d-4566-89c3-ce731d537125,ac99e9e0-8cc4-4d08-b028-0fc112846bff,es,Venta de entradas,2026-03-26 03:21:31.498983+00
478,740705f9-3b48-4d9a-a9df-c129f634b44c,aeb525ad-b05a-4478-a5e3-bc28229049d4,es,Piscina,2026-03-26 03:23:04.769916+00
479,740705f9-3b48-4d9a-a9df-c129f634b44c,aeb525ad-b05a-4478-a5e3-bc28229049d4,es,Internet,2026-03-26 03:23:04.76992+00
480,740705f9-3b48-4d9a-a9df-c129f634b44c,aeb525ad-b05a-4478-a5e3-bc28229049d4,es,Restaurante,2026-03-26 03:23:04.769921+00
481,740705f9-3b48-4d9a-a9df-c129f634b44c,aeb525ad-b05a-4478-a5e3-bc28229049d4,es,Habitaciones sin humo,2026-03-26 03:23:04.769922+00
482,740705f9-3b48-4d9a-a9df-c129f634b44c,aeb525ad-b05a-4478-a5e3-bc28229049d4,es,Servicio de habitaciones,2026-03-26 03:23:04.769922+00
483,740705f9-3b48-4d9a-a9df-c129f634b44c,aeb525ad-b05a-4478-a5e3-bc28229049d4,es,Recepción 24 horas,2026-03-26 03:23:04.769923+00
484,740705f9-3b48-4d9a-a9df-c129f634b44c,aeb525ad-b05a-4478-a5e3-bc28229049d4,es,Adaptado personas de movilidad reducida,2026-03-26 03:23:04.769924+00
485,740705f9-3b48-4d9a-a9df-c129f634b44c,aeb525ad-b05a-4478-a5e3-bc28229049d4,es,Terraza,2026-03-26 03:23:04.769924+00
486,740705f9-3b48-4d9a-a9df-c129f634b44c,aeb525ad-b05a-4478-a5e3-bc28229049d4,es,Bar,2026-03-26 03:23:04.769925+00
487,740705f9-3b48-4d9a-a9df-c129f634b44c,aeb525ad-b05a-4478-a5e3-bc28229049d4,es,Fruta,2026-03-26 03:23:04.769926+00
488,740705f9-3b48-4d9a-a9df-c129f634b44c,aeb525ad-b05a-4478-a5e3-bc28229049d4,es,Vino / champán,2026-03-26 03:23:04.769926+00
489,b863c4f3-c96b-4b11-85a9-b080ad759950,ac99e9e0-8cc4-4d08-b028-0fc112846bff,de,Pool,2026-03-26 03:24:22.524208+00
490,b863c4f3-c96b-4b11-85a9-b080ad759950,ac99e9e0-8cc4-4d08-b028-0fc112846bff,de,Parkplatz,2026-03-26 03:24:22.524212+00
491,b863c4f3-c96b-4b11-85a9-b080ad759950,ac99e9e0-8cc4-4d08-b028-0fc112846bff,de,Internet,2026-03-26 03:24:22.524212+00
492,b863c4f3-c96b-4b11-85a9-b080ad759950,ac99e9e0-8cc4-4d08-b028-0fc112846bff,de,Familienzimmer,2026-03-26 03:24:22.524213+00
493,b863c4f3-c96b-4b11-85a9-b080ad759950,ac99e9e0-8cc4-4d08-b028-0fc112846bff,de,Flughafenshuttle,2026-03-26 03:24:22.524213+00
494,b863c4f3-c96b-4b11-85a9-b080ad759950,ac99e9e0-8cc4-4d08-b028-0fc112846bff,de,Zimmerservice,2026-03-26 03:24:22.524214+00
495,b863c4f3-c96b-4b11-85a9-b080ad759950,ac99e9e0-8cc4-4d08-b028-0fc112846bff,de,Nichtraucherzimmer,2026-03-26 03:24:22.524215+00
496,b863c4f3-c96b-4b11-85a9-b080ad759950,ac99e9e0-8cc4-4d08-b028-0fc112846bff,de,24-Stunden-Rezeption,2026-03-26 03:24:22.524215+00
497,b863c4f3-c96b-4b11-85a9-b080ad759950,ac99e9e0-8cc4-4d08-b028-0fc112846bff,de,Tägliche Reinigung,2026-03-26 03:24:22.524216+00
498,b863c4f3-c96b-4b11-85a9-b080ad759950,ac99e9e0-8cc4-4d08-b028-0fc112846bff,de,Restaurant,2026-03-26 03:24:22.524217+00
499,b863c4f3-c96b-4b11-85a9-b080ad759950,ac99e9e0-8cc4-4d08-b028-0fc112846bff,de,Ticketservice,2026-03-26 03:24:22.524217+00
500,ffd21c32-ff3c-449b-bd78-614ae6fbc2ad,aeb525ad-b05a-4478-a5e3-bc28229049d4,de,Pool,2026-03-26 03:25:41.148035+00
501,ffd21c32-ff3c-449b-bd78-614ae6fbc2ad,aeb525ad-b05a-4478-a5e3-bc28229049d4,de,Internet,2026-03-26 03:25:41.148038+00
502,ffd21c32-ff3c-449b-bd78-614ae6fbc2ad,aeb525ad-b05a-4478-a5e3-bc28229049d4,de,Restaurant,2026-03-26 03:25:41.14804+00
503,ffd21c32-ff3c-449b-bd78-614ae6fbc2ad,aeb525ad-b05a-4478-a5e3-bc28229049d4,de,Nichtraucherzimmer,2026-03-26 03:25:41.148041+00
504,ffd21c32-ff3c-449b-bd78-614ae6fbc2ad,aeb525ad-b05a-4478-a5e3-bc28229049d4,de,Zimmerservice,2026-03-26 03:25:41.148042+00
505,ffd21c32-ff3c-449b-bd78-614ae6fbc2ad,aeb525ad-b05a-4478-a5e3-bc28229049d4,de,24-Stunden-Rezeption,2026-03-26 03:25:41.148043+00
506,ffd21c32-ff3c-449b-bd78-614ae6fbc2ad,aeb525ad-b05a-4478-a5e3-bc28229049d4,de,Einrichtungen für behinderte Gäste,2026-03-26 03:25:41.148044+00
507,ffd21c32-ff3c-449b-bd78-614ae6fbc2ad,aeb525ad-b05a-4478-a5e3-bc28229049d4,de,Terrasse,2026-03-26 03:25:41.148045+00
508,ffd21c32-ff3c-449b-bd78-614ae6fbc2ad,aeb525ad-b05a-4478-a5e3-bc28229049d4,de,Bar,2026-03-26 03:25:41.148046+00
509,ffd21c32-ff3c-449b-bd78-614ae6fbc2ad,aeb525ad-b05a-4478-a5e3-bc28229049d4,de,Obst,2026-03-26 03:25:41.148048+00
510,ffd21c32-ff3c-449b-bd78-614ae6fbc2ad,aeb525ad-b05a-4478-a5e3-bc28229049d4,de,Wein/Sekt,2026-03-26 03:25:41.148049+00
511,2d4033f3-a600-4b97-80aa-9b8431e2c0ef,ac99e9e0-8cc4-4d08-b028-0fc112846bff,it,Piscina,2026-03-26 03:27:11.153268+00
512,2d4033f3-a600-4b97-80aa-9b8431e2c0ef,ac99e9e0-8cc4-4d08-b028-0fc112846bff,it,Parcheggio,2026-03-26 03:27:11.153271+00
513,2d4033f3-a600-4b97-80aa-9b8431e2c0ef,ac99e9e0-8cc4-4d08-b028-0fc112846bff,it,Connessione internet,2026-03-26 03:27:11.153272+00
514,2d4033f3-a600-4b97-80aa-9b8431e2c0ef,ac99e9e0-8cc4-4d08-b028-0fc112846bff,it,Disponibilità di camere familiari,2026-03-26 03:27:11.153273+00
515,2d4033f3-a600-4b97-80aa-9b8431e2c0ef,ac99e9e0-8cc4-4d08-b028-0fc112846bff,it,Navetta aeroportuale,2026-03-26 03:27:11.153273+00
516,2d4033f3-a600-4b97-80aa-9b8431e2c0ef,ac99e9e0-8cc4-4d08-b028-0fc112846bff,it,Servizio in camera,2026-03-26 03:27:11.153274+00
517,2d4033f3-a600-4b97-80aa-9b8431e2c0ef,ac99e9e0-8cc4-4d08-b028-0fc112846bff,it,Camere non fumatori,2026-03-26 03:27:11.153275+00
518,2d4033f3-a600-4b97-80aa-9b8431e2c0ef,ac99e9e0-8cc4-4d08-b028-0fc112846bff,it,Reception 24 ore su 24,2026-03-26 03:27:11.153275+00
519,2d4033f3-a600-4b97-80aa-9b8431e2c0ef,ac99e9e0-8cc4-4d08-b028-0fc112846bff,it,Servizio pulizie giornaliero,2026-03-26 03:27:11.153276+00
520,2d4033f3-a600-4b97-80aa-9b8431e2c0ef,ac99e9e0-8cc4-4d08-b028-0fc112846bff,it,Ristorante,2026-03-26 03:27:11.153276+00
521,2d4033f3-a600-4b97-80aa-9b8431e2c0ef,ac99e9e0-8cc4-4d08-b028-0fc112846bff,it,Servizio biglietteria,2026-03-26 03:27:11.153277+00
522,0fe3a1b6-7f04-47fc-ae8e-948c3bee2a1a,aeb525ad-b05a-4478-a5e3-bc28229049d4,it,Piscina,2026-03-26 03:28:32.851177+00
523,0fe3a1b6-7f04-47fc-ae8e-948c3bee2a1a,aeb525ad-b05a-4478-a5e3-bc28229049d4,it,Connessione internet,2026-03-26 03:28:32.85118+00
524,0fe3a1b6-7f04-47fc-ae8e-948c3bee2a1a,aeb525ad-b05a-4478-a5e3-bc28229049d4,it,Ristorante,2026-03-26 03:28:32.851181+00
525,0fe3a1b6-7f04-47fc-ae8e-948c3bee2a1a,aeb525ad-b05a-4478-a5e3-bc28229049d4,it,Camere non fumatori,2026-03-26 03:28:32.851182+00
526,0fe3a1b6-7f04-47fc-ae8e-948c3bee2a1a,aeb525ad-b05a-4478-a5e3-bc28229049d4,it,Servizio in camera,2026-03-26 03:28:32.851183+00
527,0fe3a1b6-7f04-47fc-ae8e-948c3bee2a1a,aeb525ad-b05a-4478-a5e3-bc28229049d4,it,Reception 24 ore su 24,2026-03-26 03:28:32.851183+00
528,0fe3a1b6-7f04-47fc-ae8e-948c3bee2a1a,aeb525ad-b05a-4478-a5e3-bc28229049d4,it,Camere/strutture per ospiti disabili,2026-03-26 03:28:32.851184+00
529,0fe3a1b6-7f04-47fc-ae8e-948c3bee2a1a,aeb525ad-b05a-4478-a5e3-bc28229049d4,it,Terrazza,2026-03-26 03:28:32.851185+00
530,0fe3a1b6-7f04-47fc-ae8e-948c3bee2a1a,aeb525ad-b05a-4478-a5e3-bc28229049d4,it,Bar,2026-03-26 03:28:32.851185+00
531,0fe3a1b6-7f04-47fc-ae8e-948c3bee2a1a,aeb525ad-b05a-4478-a5e3-bc28229049d4,it,Frutta,2026-03-26 03:28:32.851186+00
532,0fe3a1b6-7f04-47fc-ae8e-948c3bee2a1a,aeb525ad-b05a-4478-a5e3-bc28229049d4,it,Vino/champagne,2026-03-26 03:28:32.851186+00
533,f9008df6-4cfd-4ddb-a481-4c3c3a4f8a60,f15df0e4-3444-4c9f-9c81-084111fb5934,en,Swimming pool,2026-03-26 03:31:25.868837+00
534,f9008df6-4cfd-4ddb-a481-4c3c3a4f8a60,f15df0e4-3444-4c9f-9c81-084111fb5934,en,Internet services,2026-03-26 03:31:25.86884+00
535,f9008df6-4cfd-4ddb-a481-4c3c3a4f8a60,f15df0e4-3444-4c9f-9c81-084111fb5934,en,Beachfront,2026-03-26 03:31:25.868841+00
536,f9008df6-4cfd-4ddb-a481-4c3c3a4f8a60,f15df0e4-3444-4c9f-9c81-084111fb5934,en,Family rooms,2026-03-26 03:31:25.868842+00
537,f9008df6-4cfd-4ddb-a481-4c3c3a4f8a60,f15df0e4-3444-4c9f-9c81-084111fb5934,en,Restaurant,2026-03-26 03:31:25.868842+00
538,f9008df6-4cfd-4ddb-a481-4c3c3a4f8a60,f15df0e4-3444-4c9f-9c81-084111fb5934,en,Room service,2026-03-26 03:31:25.868843+00
539,f9008df6-4cfd-4ddb-a481-4c3c3a4f8a60,f15df0e4-3444-4c9f-9c81-084111fb5934,en,Non-smoking rooms,2026-03-26 03:31:25.868843+00
540,f9008df6-4cfd-4ddb-a481-4c3c3a4f8a60,f15df0e4-3444-4c9f-9c81-084111fb5934,en,24-hour front desk,2026-03-26 03:31:25.868844+00
541,f9008df6-4cfd-4ddb-a481-4c3c3a4f8a60,f15df0e4-3444-4c9f-9c81-084111fb5934,en,Bar,2026-03-26 03:31:25.868845+00
542,f9008df6-4cfd-4ddb-a481-4c3c3a4f8a60,f15df0e4-3444-4c9f-9c81-084111fb5934,en,Coffee house on site,2026-03-26 03:31:25.868845+00
543,f9008df6-4cfd-4ddb-a481-4c3c3a4f8a60,f15df0e4-3444-4c9f-9c81-084111fb5934,en,Fruits,2026-03-26 03:31:25.868846+00
544,f9008df6-4cfd-4ddb-a481-4c3c3a4f8a60,f15df0e4-3444-4c9f-9c81-084111fb5934,en,Wine/champagne,2026-03-26 03:31:25.868846+00
545,f9008df6-4cfd-4ddb-a481-4c3c3a4f8a60,f15df0e4-3444-4c9f-9c81-084111fb5934,en,Kid-friendly buffet,2026-03-26 03:31:25.868847+00
546,f9008df6-4cfd-4ddb-a481-4c3c3a4f8a60,f15df0e4-3444-4c9f-9c81-084111fb5934,en,Kids' meals,2026-03-26 03:31:25.868848+00
547,f9008df6-4cfd-4ddb-a481-4c3c3a4f8a60,f15df0e4-3444-4c9f-9c81-084111fb5934,en,Special diet menus (on request),2026-03-26 03:31:25.868848+00
548,f9008df6-4cfd-4ddb-a481-4c3c3a4f8a60,f15df0e4-3444-4c9f-9c81-084111fb5934,en,Snack bar,2026-03-26 03:31:25.868849+00
549,33882b0a-95fa-45e6-8340-e80d60ccacf2,8601087a-5db2-4d5b-9d8b-1de4c8a507ee,en,Swimming pool,2026-03-26 03:34:17.601996+00
550,33882b0a-95fa-45e6-8340-e80d60ccacf2,8601087a-5db2-4d5b-9d8b-1de4c8a507ee,en,Internet services,2026-03-26 03:34:17.601999+00
551,33882b0a-95fa-45e6-8340-e80d60ccacf2,8601087a-5db2-4d5b-9d8b-1de4c8a507ee,en,Parking,2026-03-26 03:34:17.601999+00
552,33882b0a-95fa-45e6-8340-e80d60ccacf2,8601087a-5db2-4d5b-9d8b-1de4c8a507ee,en,Fitness centre,2026-03-26 03:34:17.602+00
553,33882b0a-95fa-45e6-8340-e80d60ccacf2,8601087a-5db2-4d5b-9d8b-1de4c8a507ee,en,Restaurant,2026-03-26 03:34:17.602+00
554,33882b0a-95fa-45e6-8340-e80d60ccacf2,8601087a-5db2-4d5b-9d8b-1de4c8a507ee,en,Non-smoking rooms,2026-03-26 03:34:17.602001+00
555,33882b0a-95fa-45e6-8340-e80d60ccacf2,8601087a-5db2-4d5b-9d8b-1de4c8a507ee,en,24-hour front desk,2026-03-26 03:34:17.602002+00
556,33882b0a-95fa-45e6-8340-e80d60ccacf2,8601087a-5db2-4d5b-9d8b-1de4c8a507ee,en,Room service,2026-03-26 03:34:17.602002+00
557,33882b0a-95fa-45e6-8340-e80d60ccacf2,8601087a-5db2-4d5b-9d8b-1de4c8a507ee,en,Bar,2026-03-26 03:34:17.602003+00
558,33882b0a-95fa-45e6-8340-e80d60ccacf2,8601087a-5db2-4d5b-9d8b-1de4c8a507ee,en,Minimarket on site,2026-03-26 03:34:17.602003+00
559,33882b0a-95fa-45e6-8340-e80d60ccacf2,8601087a-5db2-4d5b-9d8b-1de4c8a507ee,en,Wine/champagne,2026-03-26 03:34:17.602004+00
560,33882b0a-95fa-45e6-8340-e80d60ccacf2,8601087a-5db2-4d5b-9d8b-1de4c8a507ee,en,Kids' meals,2026-03-26 03:34:17.602005+00
561,33882b0a-95fa-45e6-8340-e80d60ccacf2,8601087a-5db2-4d5b-9d8b-1de4c8a507ee,en,Bridal suite,2026-03-26 03:34:17.602005+00
562,bc87e6fb-79ce-43d3-aca1-119d2b27a12a,f15df0e4-3444-4c9f-9c81-084111fb5934,es,Piscina,2026-03-26 03:35:34.849495+00
563,bc87e6fb-79ce-43d3-aca1-119d2b27a12a,f15df0e4-3444-4c9f-9c81-084111fb5934,es,Internet,2026-03-26 03:35:34.8495+00
564,bc87e6fb-79ce-43d3-aca1-119d2b27a12a,f15df0e4-3444-4c9f-9c81-084111fb5934,es,Situado frente a la playa,2026-03-26 03:35:34.849502+00
565,bc87e6fb-79ce-43d3-aca1-119d2b27a12a,f15df0e4-3444-4c9f-9c81-084111fb5934,es,Habitaciones familiares,2026-03-26 03:35:34.849503+00
566,bc87e6fb-79ce-43d3-aca1-119d2b27a12a,f15df0e4-3444-4c9f-9c81-084111fb5934,es,Restaurante,2026-03-26 03:35:34.849504+00
567,bc87e6fb-79ce-43d3-aca1-119d2b27a12a,f15df0e4-3444-4c9f-9c81-084111fb5934,es,Servicio de habitaciones,2026-03-26 03:35:34.849506+00
568,bc87e6fb-79ce-43d3-aca1-119d2b27a12a,f15df0e4-3444-4c9f-9c81-084111fb5934,es,Habitaciones sin humo,2026-03-26 03:35:34.849507+00
569,bc87e6fb-79ce-43d3-aca1-119d2b27a12a,f15df0e4-3444-4c9f-9c81-084111fb5934,es,Recepción 24 horas,2026-03-26 03:35:34.849508+00
570,bc87e6fb-79ce-43d3-aca1-119d2b27a12a,f15df0e4-3444-4c9f-9c81-084111fb5934,es,Bar,2026-03-26 03:35:34.849509+00
571,bc87e6fb-79ce-43d3-aca1-119d2b27a12a,f15df0e4-3444-4c9f-9c81-084111fb5934,es,Cafetería en el alojamiento,2026-03-26 03:35:34.849511+00
572,bc87e6fb-79ce-43d3-aca1-119d2b27a12a,f15df0e4-3444-4c9f-9c81-084111fb5934,es,Fruta,2026-03-26 03:35:34.849512+00
573,bc87e6fb-79ce-43d3-aca1-119d2b27a12a,f15df0e4-3444-4c9f-9c81-084111fb5934,es,Vino / champán,2026-03-26 03:35:34.849513+00
574,bc87e6fb-79ce-43d3-aca1-119d2b27a12a,f15df0e4-3444-4c9f-9c81-084111fb5934,es,Buffet para niños,2026-03-26 03:35:34.849514+00
575,bc87e6fb-79ce-43d3-aca1-119d2b27a12a,f15df0e4-3444-4c9f-9c81-084111fb5934,es,Menú para niños,2026-03-26 03:35:34.849516+00
576,bc87e6fb-79ce-43d3-aca1-119d2b27a12a,f15df0e4-3444-4c9f-9c81-084111fb5934,es,Menús para dietas especiales (bajo petición),2026-03-26 03:35:34.849517+00
577,bc87e6fb-79ce-43d3-aca1-119d2b27a12a,f15df0e4-3444-4c9f-9c81-084111fb5934,es,Snack-bar,2026-03-26 03:35:34.849518+00
578,d4163b0b-d446-4dc6-9b43-78c6f796d23c,8601087a-5db2-4d5b-9d8b-1de4c8a507ee,es,Piscina,2026-03-26 03:36:54.750598+00
579,d4163b0b-d446-4dc6-9b43-78c6f796d23c,8601087a-5db2-4d5b-9d8b-1de4c8a507ee,es,Internet,2026-03-26 03:36:54.750603+00
580,d4163b0b-d446-4dc6-9b43-78c6f796d23c,8601087a-5db2-4d5b-9d8b-1de4c8a507ee,es,Parking,2026-03-26 03:36:54.750603+00
581,d4163b0b-d446-4dc6-9b43-78c6f796d23c,8601087a-5db2-4d5b-9d8b-1de4c8a507ee,es,Gimnasio,2026-03-26 03:36:54.750604+00
582,d4163b0b-d446-4dc6-9b43-78c6f796d23c,8601087a-5db2-4d5b-9d8b-1de4c8a507ee,es,Restaurante,2026-03-26 03:36:54.750605+00
583,d4163b0b-d446-4dc6-9b43-78c6f796d23c,8601087a-5db2-4d5b-9d8b-1de4c8a507ee,es,Habitaciones sin humo,2026-03-26 03:36:54.750605+00
584,d4163b0b-d446-4dc6-9b43-78c6f796d23c,8601087a-5db2-4d5b-9d8b-1de4c8a507ee,es,Recepción 24 horas,2026-03-26 03:36:54.750606+00
585,d4163b0b-d446-4dc6-9b43-78c6f796d23c,8601087a-5db2-4d5b-9d8b-1de4c8a507ee,es,Servicio de habitaciones,2026-03-26 03:36:54.750607+00
586,d4163b0b-d446-4dc6-9b43-78c6f796d23c,8601087a-5db2-4d5b-9d8b-1de4c8a507ee,es,Bar,2026-03-26 03:36:54.750607+00
587,d4163b0b-d446-4dc6-9b43-78c6f796d23c,8601087a-5db2-4d5b-9d8b-1de4c8a507ee,es,Supermercado pequeño en el alojamiento,2026-03-26 03:36:54.750608+00
588,d4163b0b-d446-4dc6-9b43-78c6f796d23c,8601087a-5db2-4d5b-9d8b-1de4c8a507ee,es,Vino / champán,2026-03-26 03:36:54.750609+00
589,d4163b0b-d446-4dc6-9b43-78c6f796d23c,8601087a-5db2-4d5b-9d8b-1de4c8a507ee,es,Menú para niños,2026-03-26 03:36:54.750609+00
590,d4163b0b-d446-4dc6-9b43-78c6f796d23c,8601087a-5db2-4d5b-9d8b-1de4c8a507ee,es,Suite nupcial,2026-03-26 03:36:54.75061+00
591,697e91d0-399f-48b0-9deb-3ab543d0f925,f15df0e4-3444-4c9f-9c81-084111fb5934,de,Pool,2026-03-26 03:38:12.204304+00
592,697e91d0-399f-48b0-9deb-3ab543d0f925,f15df0e4-3444-4c9f-9c81-084111fb5934,de,Internet,2026-03-26 03:38:12.204307+00
593,697e91d0-399f-48b0-9deb-3ab543d0f925,f15df0e4-3444-4c9f-9c81-084111fb5934,de,am Strand,2026-03-26 03:38:12.204308+00
594,697e91d0-399f-48b0-9deb-3ab543d0f925,f15df0e4-3444-4c9f-9c81-084111fb5934,de,Familienzimmer,2026-03-26 03:38:12.204308+00
595,697e91d0-399f-48b0-9deb-3ab543d0f925,f15df0e4-3444-4c9f-9c81-084111fb5934,de,Restaurant,2026-03-26 03:38:12.204309+00
596,697e91d0-399f-48b0-9deb-3ab543d0f925,f15df0e4-3444-4c9f-9c81-084111fb5934,de,Zimmerservice,2026-03-26 03:38:12.20431+00
597,697e91d0-399f-48b0-9deb-3ab543d0f925,f15df0e4-3444-4c9f-9c81-084111fb5934,de,Nichtraucherzimmer,2026-03-26 03:38:12.20431+00
598,697e91d0-399f-48b0-9deb-3ab543d0f925,f15df0e4-3444-4c9f-9c81-084111fb5934,de,24-Stunden-Rezeption,2026-03-26 03:38:12.204311+00
599,697e91d0-399f-48b0-9deb-3ab543d0f925,f15df0e4-3444-4c9f-9c81-084111fb5934,de,Bar,2026-03-26 03:38:12.204311+00
600,697e91d0-399f-48b0-9deb-3ab543d0f925,f15df0e4-3444-4c9f-9c81-084111fb5934,de,Café vor Ort,2026-03-26 03:38:12.204312+00
601,697e91d0-399f-48b0-9deb-3ab543d0f925,f15df0e4-3444-4c9f-9c81-084111fb5934,de,Obst,2026-03-26 03:38:12.204312+00
602,697e91d0-399f-48b0-9deb-3ab543d0f925,f15df0e4-3444-4c9f-9c81-084111fb5934,de,Wein/Sekt,2026-03-26 03:38:12.204313+00
603,697e91d0-399f-48b0-9deb-3ab543d0f925,f15df0e4-3444-4c9f-9c81-084111fb5934,de,Kinderfreundliches Buffet,2026-03-26 03:38:12.204314+00
604,697e91d0-399f-48b0-9deb-3ab543d0f925,f15df0e4-3444-4c9f-9c81-084111fb5934,de,Kindermahlzeiten,2026-03-26 03:38:12.204314+00
605,697e91d0-399f-48b0-9deb-3ab543d0f925,f15df0e4-3444-4c9f-9c81-084111fb5934,de,Speisen für spezielle Ernährungsbedürfnisse (auf Anfrage),2026-03-26 03:38:12.204315+00
606,697e91d0-399f-48b0-9deb-3ab543d0f925,f15df0e4-3444-4c9f-9c81-084111fb5934,de,Snackbar,2026-03-26 03:38:12.204315+00
607,d4dedac9-dbf0-456d-bb41-1ea968eee552,8601087a-5db2-4d5b-9d8b-1de4c8a507ee,de,Pool,2026-03-26 03:39:44.664627+00
608,d4dedac9-dbf0-456d-bb41-1ea968eee552,8601087a-5db2-4d5b-9d8b-1de4c8a507ee,de,Internet,2026-03-26 03:39:44.664631+00
609,d4dedac9-dbf0-456d-bb41-1ea968eee552,8601087a-5db2-4d5b-9d8b-1de4c8a507ee,de,Parkplatz,2026-03-26 03:39:44.664633+00
610,d4dedac9-dbf0-456d-bb41-1ea968eee552,8601087a-5db2-4d5b-9d8b-1de4c8a507ee,de,Fitnesscenter,2026-03-26 03:39:44.664634+00
611,d4dedac9-dbf0-456d-bb41-1ea968eee552,8601087a-5db2-4d5b-9d8b-1de4c8a507ee,de,Restaurant,2026-03-26 03:39:44.664635+00
612,d4dedac9-dbf0-456d-bb41-1ea968eee552,8601087a-5db2-4d5b-9d8b-1de4c8a507ee,de,Nichtraucherzimmer,2026-03-26 03:39:44.664637+00
613,d4dedac9-dbf0-456d-bb41-1ea968eee552,8601087a-5db2-4d5b-9d8b-1de4c8a507ee,de,24-Stunden-Rezeption,2026-03-26 03:39:44.664638+00
614,d4dedac9-dbf0-456d-bb41-1ea968eee552,8601087a-5db2-4d5b-9d8b-1de4c8a507ee,de,Zimmerservice,2026-03-26 03:39:44.664639+00
615,d4dedac9-dbf0-456d-bb41-1ea968eee552,8601087a-5db2-4d5b-9d8b-1de4c8a507ee,de,Bar,2026-03-26 03:39:44.664641+00
616,d4dedac9-dbf0-456d-bb41-1ea968eee552,8601087a-5db2-4d5b-9d8b-1de4c8a507ee,de,Minimarkt vor Ort,2026-03-26 03:39:44.664642+00
617,d4dedac9-dbf0-456d-bb41-1ea968eee552,8601087a-5db2-4d5b-9d8b-1de4c8a507ee,de,Wein/Sekt,2026-03-26 03:39:44.664643+00
618,d4dedac9-dbf0-456d-bb41-1ea968eee552,8601087a-5db2-4d5b-9d8b-1de4c8a507ee,de,Kindermahlzeiten,2026-03-26 03:39:44.664645+00
619,d4dedac9-dbf0-456d-bb41-1ea968eee552,8601087a-5db2-4d5b-9d8b-1de4c8a507ee,de,Hochzeitssuite,2026-03-26 03:39:44.664646+00
620,4c807522-8d0c-469f-ba84-32e452d37d17,f15df0e4-3444-4c9f-9c81-084111fb5934,it,Piscina,2026-03-26 03:41:04.231487+00
621,4c807522-8d0c-469f-ba84-32e452d37d17,f15df0e4-3444-4c9f-9c81-084111fb5934,it,Connessione internet,2026-03-26 03:41:04.231489+00
622,4c807522-8d0c-469f-ba84-32e452d37d17,f15df0e4-3444-4c9f-9c81-084111fb5934,it,Fronte spiaggia,2026-03-26 03:41:04.23149+00
623,4c807522-8d0c-469f-ba84-32e452d37d17,f15df0e4-3444-4c9f-9c81-084111fb5934,it,Disponibilità di camere familiari,2026-03-26 03:41:04.231491+00
624,4c807522-8d0c-469f-ba84-32e452d37d17,f15df0e4-3444-4c9f-9c81-084111fb5934,it,Ristorante,2026-03-26 03:41:04.231491+00
625,4c807522-8d0c-469f-ba84-32e452d37d17,f15df0e4-3444-4c9f-9c81-084111fb5934,it,Servizio in camera,2026-03-26 03:41:04.231492+00
626,4c807522-8d0c-469f-ba84-32e452d37d17,f15df0e4-3444-4c9f-9c81-084111fb5934,it,Camere non fumatori,2026-03-26 03:41:04.231493+00
627,4c807522-8d0c-469f-ba84-32e452d37d17,f15df0e4-3444-4c9f-9c81-084111fb5934,it,Reception 24 ore su 24,2026-03-26 03:41:04.231493+00
628,4c807522-8d0c-469f-ba84-32e452d37d17,f15df0e4-3444-4c9f-9c81-084111fb5934,it,Bar,2026-03-26 03:41:04.231494+00
629,4c807522-8d0c-469f-ba84-32e452d37d17,f15df0e4-3444-4c9f-9c81-084111fb5934,it,Caffetteria sul posto,2026-03-26 03:41:04.231495+00
630,4c807522-8d0c-469f-ba84-32e452d37d17,f15df0e4-3444-4c9f-9c81-084111fb5934,it,Frutta,2026-03-26 03:41:04.231495+00
631,4c807522-8d0c-469f-ba84-32e452d37d17,f15df0e4-3444-4c9f-9c81-084111fb5934,it,Vino/champagne,2026-03-26 03:41:04.231496+00
632,4c807522-8d0c-469f-ba84-32e452d37d17,f15df0e4-3444-4c9f-9c81-084111fb5934,it,Menù per diete particolari (su richiesta),2026-03-26 03:41:04.231497+00
633,4c807522-8d0c-469f-ba84-32e452d37d17,f15df0e4-3444-4c9f-9c81-084111fb5934,it,Snack bar,2026-03-26 03:41:04.231497+00
634,4c807522-8d0c-469f-ba84-32e452d37d17,f15df0e4-3444-4c9f-9c81-084111fb5934,it,Buffet per bambini,2026-03-26 03:41:04.231498+00
635,4c807522-8d0c-469f-ba84-32e452d37d17,f15df0e4-3444-4c9f-9c81-084111fb5934,it,Pasti per bambini,2026-03-26 03:41:04.231498+00
636,e1779135-ef1b-4ddd-9cca-e688a9a6a99b,8601087a-5db2-4d5b-9d8b-1de4c8a507ee,it,Piscina,2026-03-26 03:42:23.009284+00
637,e1779135-ef1b-4ddd-9cca-e688a9a6a99b,8601087a-5db2-4d5b-9d8b-1de4c8a507ee,it,Connessione internet,2026-03-26 03:42:23.009287+00
638,e1779135-ef1b-4ddd-9cca-e688a9a6a99b,8601087a-5db2-4d5b-9d8b-1de4c8a507ee,it,Parcheggio,2026-03-26 03:42:23.009288+00
639,e1779135-ef1b-4ddd-9cca-e688a9a6a99b,8601087a-5db2-4d5b-9d8b-1de4c8a507ee,it,Palestra,2026-03-26 03:42:23.009288+00
640,e1779135-ef1b-4ddd-9cca-e688a9a6a99b,8601087a-5db2-4d5b-9d8b-1de4c8a507ee,it,Ristorante,2026-03-26 03:42:23.009289+00
641,e1779135-ef1b-4ddd-9cca-e688a9a6a99b,8601087a-5db2-4d5b-9d8b-1de4c8a507ee,it,Camere non fumatori,2026-03-26 03:42:23.00929+00
642,e1779135-ef1b-4ddd-9cca-e688a9a6a99b,8601087a-5db2-4d5b-9d8b-1de4c8a507ee,it,Reception 24 ore su 24,2026-03-26 03:42:23.00929+00
643,e1779135-ef1b-4ddd-9cca-e688a9a6a99b,8601087a-5db2-4d5b-9d8b-1de4c8a507ee,it,Servizio in camera,2026-03-26 03:42:23.009291+00
644,e1779135-ef1b-4ddd-9cca-e688a9a6a99b,8601087a-5db2-4d5b-9d8b-1de4c8a507ee,it,Bar,2026-03-26 03:42:23.009292+00
645,e1779135-ef1b-4ddd-9cca-e688a9a6a99b,8601087a-5db2-4d5b-9d8b-1de4c8a507ee,it,Minimarket sul posto,2026-03-26 03:42:23.009292+00
646,e1779135-ef1b-4ddd-9cca-e688a9a6a99b,8601087a-5db2-4d5b-9d8b-1de4c8a507ee,it,Vino/champagne,2026-03-26 03:42:23.009293+00
647,e1779135-ef1b-4ddd-9cca-e688a9a6a99b,8601087a-5db2-4d5b-9d8b-1de4c8a507ee,it,Pasti per bambini,2026-03-26 03:42:23.009293+00
648,e1779135-ef1b-4ddd-9cca-e688a9a6a99b,8601087a-5db2-4d5b-9d8b-1de4c8a507ee,it,Suite nuziale,2026-03-26 03:42:23.009294+00
