id,hotel_id,url_id,language,reviews_categories,reviews_score,created_at
1,a1b133fa-130d-4313-8254-e819540e4fb1,05ca6d3b-cc21-4554-aac8-f5a3a07d8e17,en,Staff,9.7,2026-03-31 15:47:03.108724+01
2,a1b133fa-130d-4313-8254-e819540e4fb1,05ca6d3b-cc21-4554-aac8-f5a3a07d8e17,en,Facilities,9.6,2026-03-31 15:47:03.108724+01
3,a1b133fa-130d-4313-8254-e819540e4fb1,05ca6d3b-cc21-4554-aac8-f5a3a07d8e17,en,Cleanliness,9.9,2026-03-31 15:47:03.108724+01
4,a1b133fa-130d-4313-8254-e819540e4fb1,05ca6d3b-cc21-4554-aac8-f5a3a07d8e17,en,Comfort,9.8,2026-03-31 15:47:03.108724+01
5,a1b133fa-130d-4313-8254-e819540e4fb1,05ca6d3b-cc21-4554-aac8-f5a3a07d8e17,en,Value for money,8.7,2026-03-31 15:47:03.108724+01
6,a1b133fa-130d-4313-8254-e819540e4fb1,05ca6d3b-cc21-4554-aac8-f5a3a07d8e17,en,Location,9.5,2026-03-31 15:47:03.108724+01
7,0853fdfb-730f-4740-9962-b761964ea7c9,366c3ced-2b09-4e8c-b414-9da9f1905fff,en,Staff,9.4,2026-03-31 15:47:38.801654+01
8,0853fdfb-730f-4740-9962-b761964ea7c9,366c3ced-2b09-4e8c-b414-9da9f1905fff,en,Facilities,9.5,2026-03-31 15:47:38.801654+01
9,0853fdfb-730f-4740-9962-b761964ea7c9,366c3ced-2b09-4e8c-b414-9da9f1905fff,en,Cleanliness,9.8,2026-03-31 15:47:38.801654+01
10,0853fdfb-730f-4740-9962-b761964ea7c9,366c3ced-2b09-4e8c-b414-9da9f1905fff,en,Comfort,9.5,2026-03-31 15:47:38.801654+01
11,0853fdfb-730f-4740-9962-b761964ea7c9,366c3ced-2b09-4e8c-b414-9da9f1905fff,en,Value for money,9.0,2026-03-31 15:47:38.801654+01
12,0853fdfb-730f-4740-9962-b761964ea7c9,366c3ced-2b09-4e8c-b414-9da9f1905fff,en,Location,9.5,2026-03-31 15:47:38.801654+01
13,3082904d-c7ae-428b-848a-425d646f30e9,05ca6d3b-cc21-4554-aac8-f5a3a07d8e17,es,Personal,9.7,2026-03-31 15:48:15.391006+01
14,3082904d-c7ae-428b-848a-425d646f30e9,05ca6d3b-cc21-4554-aac8-f5a3a07d8e17,es,Instalaciones y servicios,9.6,2026-03-31 15:48:15.391006+01
15,3082904d-c7ae-428b-848a-425d646f30e9,05ca6d3b-cc21-4554-aac8-f5a3a07d8e17,es,Limpieza,9.9,2026-03-31 15:48:15.391006+01
16,3082904d-c7ae-428b-848a-425d646f30e9,05ca6d3b-cc21-4554-aac8-f5a3a07d8e17,es,Confort,9.8,2026-03-31 15:48:15.391006+01
17,3082904d-c7ae-428b-848a-425d646f30e9,05ca6d3b-cc21-4554-aac8-f5a3a07d8e17,es,Relación calidad-precio,8.7,2026-03-31 15:48:15.391006+01
18,3082904d-c7ae-428b-848a-425d646f30e9,05ca6d3b-cc21-4554-aac8-f5a3a07d8e17,es,Ubicación,9.5,2026-03-31 15:48:15.391006+01
19,57c45169-5bdf-4bbd-98c7-cc71d6e760c2,366c3ced-2b09-4e8c-b414-9da9f1905fff,es,Personal,9.4,2026-03-31 15:48:50.811122+01
20,57c45169-5bdf-4bbd-98c7-cc71d6e760c2,366c3ced-2b09-4e8c-b414-9da9f1905fff,es,Instalaciones y servicios,9.5,2026-03-31 15:48:50.811122+01
21,57c45169-5bdf-4bbd-98c7-cc71d6e760c2,366c3ced-2b09-4e8c-b414-9da9f1905fff,es,Limpieza,9.8,2026-03-31 15:48:50.811122+01
22,57c45169-5bdf-4bbd-98c7-cc71d6e760c2,366c3ced-2b09-4e8c-b414-9da9f1905fff,es,Confort,9.5,2026-03-31 15:48:50.811122+01
23,57c45169-5bdf-4bbd-98c7-cc71d6e760c2,366c3ced-2b09-4e8c-b414-9da9f1905fff,es,Relación calidad-precio,9.0,2026-03-31 15:48:50.811122+01
24,57c45169-5bdf-4bbd-98c7-cc71d6e760c2,366c3ced-2b09-4e8c-b414-9da9f1905fff,es,Ubicación,9.5,2026-03-31 15:48:50.811122+01
25,2c6636ba-b0bc-4a9d-9cb8-267080a379cf,05ca6d3b-cc21-4554-aac8-f5a3a07d8e17,de,Hotelpersonal,9.7,2026-03-31 15:49:26.668677+01
26,2c6636ba-b0bc-4a9d-9cb8-267080a379cf,05ca6d3b-cc21-4554-aac8-f5a3a07d8e17,de,Ausstattung,9.6,2026-03-31 15:49:26.668677+01
27,2c6636ba-b0bc-4a9d-9cb8-267080a379cf,05ca6d3b-cc21-4554-aac8-f5a3a07d8e17,de,Sauberkeit,9.9,2026-03-31 15:49:26.668677+01
28,2c6636ba-b0bc-4a9d-9cb8-267080a379cf,05ca6d3b-cc21-4554-aac8-f5a3a07d8e17,de,Komfort,9.8,2026-03-31 15:49:26.668677+01
29,2c6636ba-b0bc-4a9d-9cb8-267080a379cf,05ca6d3b-cc21-4554-aac8-f5a3a07d8e17,de,Preis-Leistungs-Verhältnis,8.7,2026-03-31 15:49:26.668677+01
30,2c6636ba-b0bc-4a9d-9cb8-267080a379cf,05ca6d3b-cc21-4554-aac8-f5a3a07d8e17,de,Lage,9.5,2026-03-31 15:49:26.668677+01
31,4ae5298f-0261-41f2-9ba4-8df3c45702a3,366c3ced-2b09-4e8c-b414-9da9f1905fff,de,Hotelpersonal,9.4,2026-03-31 15:50:02.423335+01
32,4ae5298f-0261-41f2-9ba4-8df3c45702a3,366c3ced-2b09-4e8c-b414-9da9f1905fff,de,Ausstattung,9.5,2026-03-31 15:50:02.423335+01
33,4ae5298f-0261-41f2-9ba4-8df3c45702a3,366c3ced-2b09-4e8c-b414-9da9f1905fff,de,Sauberkeit,9.8,2026-03-31 15:50:02.423335+01
34,4ae5298f-0261-41f2-9ba4-8df3c45702a3,366c3ced-2b09-4e8c-b414-9da9f1905fff,de,Komfort,9.5,2026-03-31 15:50:02.423335+01
35,4ae5298f-0261-41f2-9ba4-8df3c45702a3,366c3ced-2b09-4e8c-b414-9da9f1905fff,de,Preis-Leistungs-Verhältnis,9.0,2026-03-31 15:50:02.423335+01
36,4ae5298f-0261-41f2-9ba4-8df3c45702a3,366c3ced-2b09-4e8c-b414-9da9f1905fff,de,Lage,9.5,2026-03-31 15:50:02.423335+01
37,14e376f1-e06c-4200-b185-aeab164c5bfc,05ca6d3b-cc21-4554-aac8-f5a3a07d8e17,it,Staff,9.7,2026-03-31 15:50:38.711838+01
38,14e376f1-e06c-4200-b185-aeab164c5bfc,05ca6d3b-cc21-4554-aac8-f5a3a07d8e17,it,Servizi,9.6,2026-03-31 15:50:38.711838+01
39,14e376f1-e06c-4200-b185-aeab164c5bfc,05ca6d3b-cc21-4554-aac8-f5a3a07d8e17,it,Pulizia,9.9,2026-03-31 15:50:38.711838+01
40,14e376f1-e06c-4200-b185-aeab164c5bfc,05ca6d3b-cc21-4554-aac8-f5a3a07d8e17,it,Comfort,9.8,2026-03-31 15:50:38.711838+01
41,14e376f1-e06c-4200-b185-aeab164c5bfc,05ca6d3b-cc21-4554-aac8-f5a3a07d8e17,it,Rapporto qualità-prezzo,8.7,2026-03-31 15:50:38.711838+01
42,14e376f1-e06c-4200-b185-aeab164c5bfc,05ca6d3b-cc21-4554-aac8-f5a3a07d8e17,it,Posizione,9.5,2026-03-31 15:50:38.711838+01
43,c111c8e3-07a3-403a-8aed-cfc4e5377f46,366c3ced-2b09-4e8c-b414-9da9f1905fff,it,Staff,9.4,2026-03-31 15:51:14.956704+01
44,c111c8e3-07a3-403a-8aed-cfc4e5377f46,366c3ced-2b09-4e8c-b414-9da9f1905fff,it,Servizi,9.5,2026-03-31 15:51:14.956704+01
45,c111c8e3-07a3-403a-8aed-cfc4e5377f46,366c3ced-2b09-4e8c-b414-9da9f1905fff,it,Pulizia,9.8,2026-03-31 15:51:14.956704+01
46,c111c8e3-07a3-403a-8aed-cfc4e5377f46,366c3ced-2b09-4e8c-b414-9da9f1905fff,it,Comfort,9.5,2026-03-31 15:51:14.956704+01
47,c111c8e3-07a3-403a-8aed-cfc4e5377f46,366c3ced-2b09-4e8c-b414-9da9f1905fff,it,Rapporto qualità-prezzo,9.0,2026-03-31 15:51:14.956704+01
48,c111c8e3-07a3-403a-8aed-cfc4e5377f46,366c3ced-2b09-4e8c-b414-9da9f1905fff,it,Posizione,9.5,2026-03-31 15:51:14.956704+01
49,a63ff6d0-c705-4e3a-ba73-fc3acaa0bc66,05ca6d3b-cc21-4554-aac8-f5a3a07d8e17,fr,Personnel,9.7,2026-03-31 15:51:51.2544+01
50,a63ff6d0-c705-4e3a-ba73-fc3acaa0bc66,05ca6d3b-cc21-4554-aac8-f5a3a07d8e17,fr,Équipements,9.6,2026-03-31 15:51:51.2544+01
51,a63ff6d0-c705-4e3a-ba73-fc3acaa0bc66,05ca6d3b-cc21-4554-aac8-f5a3a07d8e17,fr,Propreté,9.9,2026-03-31 15:51:51.2544+01
52,a63ff6d0-c705-4e3a-ba73-fc3acaa0bc66,05ca6d3b-cc21-4554-aac8-f5a3a07d8e17,fr,Confort,9.8,2026-03-31 15:51:51.2544+01
53,a63ff6d0-c705-4e3a-ba73-fc3acaa0bc66,05ca6d3b-cc21-4554-aac8-f5a3a07d8e17,fr,Rapport qualité/prix,8.7,2026-03-31 15:51:51.2544+01
54,a63ff6d0-c705-4e3a-ba73-fc3acaa0bc66,05ca6d3b-cc21-4554-aac8-f5a3a07d8e17,fr,Situation géographique,9.5,2026-03-31 15:51:51.2544+01
55,42566fac-c3a3-4ce0-8f17-01c9fb2056eb,366c3ced-2b09-4e8c-b414-9da9f1905fff,fr,Personnel,9.4,2026-03-31 15:52:27.663832+01
56,42566fac-c3a3-4ce0-8f17-01c9fb2056eb,366c3ced-2b09-4e8c-b414-9da9f1905fff,fr,Équipements,9.5,2026-03-31 15:52:27.663832+01
57,42566fac-c3a3-4ce0-8f17-01c9fb2056eb,366c3ced-2b09-4e8c-b414-9da9f1905fff,fr,Propreté,9.8,2026-03-31 15:52:27.663832+01
58,42566fac-c3a3-4ce0-8f17-01c9fb2056eb,366c3ced-2b09-4e8c-b414-9da9f1905fff,fr,Confort,9.5,2026-03-31 15:52:27.663832+01
59,42566fac-c3a3-4ce0-8f17-01c9fb2056eb,366c3ced-2b09-4e8c-b414-9da9f1905fff,fr,Rapport qualité/prix,9.0,2026-03-31 15:52:27.663832+01
60,42566fac-c3a3-4ce0-8f17-01c9fb2056eb,366c3ced-2b09-4e8c-b414-9da9f1905fff,fr,Situation géographique,9.5,2026-03-31 15:52:27.663832+01
61,a879abe8-96c2-4b7e-8477-31755a06e92d,05ca6d3b-cc21-4554-aac8-f5a3a07d8e17,pt,Funcionários,9.7,2026-03-31 15:53:03.760639+01
62,a879abe8-96c2-4b7e-8477-31755a06e92d,05ca6d3b-cc21-4554-aac8-f5a3a07d8e17,pt,Comodidades,9.6,2026-03-31 15:53:03.760639+01
63,a879abe8-96c2-4b7e-8477-31755a06e92d,05ca6d3b-cc21-4554-aac8-f5a3a07d8e17,pt,Limpeza,9.9,2026-03-31 15:53:03.760639+01
64,a879abe8-96c2-4b7e-8477-31755a06e92d,05ca6d3b-cc21-4554-aac8-f5a3a07d8e17,pt,Conforto,9.8,2026-03-31 15:53:03.760639+01
65,a879abe8-96c2-4b7e-8477-31755a06e92d,05ca6d3b-cc21-4554-aac8-f5a3a07d8e17,pt,Relação Qualidade/Preço,8.7,2026-03-31 15:53:03.760639+01
66,a879abe8-96c2-4b7e-8477-31755a06e92d,05ca6d3b-cc21-4554-aac8-f5a3a07d8e17,pt,Localização,9.5,2026-03-31 15:53:03.760639+01
67,e2291a01-89c4-4484-a817-8ff65a913c12,366c3ced-2b09-4e8c-b414-9da9f1905fff,pt,Funcionários,9.4,2026-03-31 15:53:39.82703+01
68,e2291a01-89c4-4484-a817-8ff65a913c12,366c3ced-2b09-4e8c-b414-9da9f1905fff,pt,Comodidades,9.5,2026-03-31 15:53:39.82703+01
69,e2291a01-89c4-4484-a817-8ff65a913c12,366c3ced-2b09-4e8c-b414-9da9f1905fff,pt,Limpeza,9.8,2026-03-31 15:53:39.82703+01
70,e2291a01-89c4-4484-a817-8ff65a913c12,366c3ced-2b09-4e8c-b414-9da9f1905fff,pt,Conforto,9.5,2026-03-31 15:53:39.82703+01
71,e2291a01-89c4-4484-a817-8ff65a913c12,366c3ced-2b09-4e8c-b414-9da9f1905fff,pt,Relação Qualidade/Preço,9.0,2026-03-31 15:53:39.82703+01
72,e2291a01-89c4-4484-a817-8ff65a913c12,366c3ced-2b09-4e8c-b414-9da9f1905fff,pt,Localização,9.5,2026-03-31 15:53:39.82703+01
73,71a026c6-930f-4057-9252-6e75a2ab132a,38fb5bff-1ce7-4339-91b2-86cc5c11caa0,en,Staff,10,2026-03-31 15:54:26.288799+01
74,71a026c6-930f-4057-9252-6e75a2ab132a,38fb5bff-1ce7-4339-91b2-86cc5c11caa0,en,Facilities,10,2026-03-31 15:54:26.288799+01
75,71a026c6-930f-4057-9252-6e75a2ab132a,38fb5bff-1ce7-4339-91b2-86cc5c11caa0,en,Cleanliness,10,2026-03-31 15:54:26.288799+01
76,71a026c6-930f-4057-9252-6e75a2ab132a,38fb5bff-1ce7-4339-91b2-86cc5c11caa0,en,Comfort,10,2026-03-31 15:54:26.288799+01
77,71a026c6-930f-4057-9252-6e75a2ab132a,38fb5bff-1ce7-4339-91b2-86cc5c11caa0,en,Value for money,10,2026-03-31 15:54:26.288799+01
78,71a026c6-930f-4057-9252-6e75a2ab132a,38fb5bff-1ce7-4339-91b2-86cc5c11caa0,en,Location,10,2026-03-31 15:54:26.288799+01
79,19050bc3-65eb-450d-9561-ba0da116e0ec,4f4e177b-7217-45ca-9a04-55e87f1844dd,en,Staff,7.2,2026-03-31 15:55:01.472063+01
80,19050bc3-65eb-450d-9561-ba0da116e0ec,4f4e177b-7217-45ca-9a04-55e87f1844dd,en,Facilities,8.6,2026-03-31 15:55:01.472063+01
81,19050bc3-65eb-450d-9561-ba0da116e0ec,4f4e177b-7217-45ca-9a04-55e87f1844dd,en,Cleanliness,9.1,2026-03-31 15:55:01.472063+01
82,19050bc3-65eb-450d-9561-ba0da116e0ec,4f4e177b-7217-45ca-9a04-55e87f1844dd,en,Comfort,9.5,2026-03-31 15:55:01.472063+01
83,19050bc3-65eb-450d-9561-ba0da116e0ec,4f4e177b-7217-45ca-9a04-55e87f1844dd,en,Value for money,5.5,2026-03-31 15:55:01.472063+01
84,19050bc3-65eb-450d-9561-ba0da116e0ec,4f4e177b-7217-45ca-9a04-55e87f1844dd,en,Location,10,2026-03-31 15:55:01.472063+01
85,cfb69b42-afef-4415-99ed-115af99a79b1,38fb5bff-1ce7-4339-91b2-86cc5c11caa0,es,Personal,10,2026-03-31 15:55:39.333756+01
86,cfb69b42-afef-4415-99ed-115af99a79b1,38fb5bff-1ce7-4339-91b2-86cc5c11caa0,es,Instalaciones y servicios,10,2026-03-31 15:55:39.333756+01
87,cfb69b42-afef-4415-99ed-115af99a79b1,38fb5bff-1ce7-4339-91b2-86cc5c11caa0,es,Limpieza,10,2026-03-31 15:55:39.333756+01
88,cfb69b42-afef-4415-99ed-115af99a79b1,38fb5bff-1ce7-4339-91b2-86cc5c11caa0,es,Confort,10,2026-03-31 15:55:39.333756+01
89,cfb69b42-afef-4415-99ed-115af99a79b1,38fb5bff-1ce7-4339-91b2-86cc5c11caa0,es,Relación calidad-precio,10,2026-03-31 15:55:39.333756+01
90,cfb69b42-afef-4415-99ed-115af99a79b1,38fb5bff-1ce7-4339-91b2-86cc5c11caa0,es,Ubicación,10,2026-03-31 15:55:39.333756+01
91,468f52c5-9c21-47c5-98a0-eefde653c52a,4f4e177b-7217-45ca-9a04-55e87f1844dd,es,Personal,7.2,2026-03-31 15:56:18.504408+01
92,468f52c5-9c21-47c5-98a0-eefde653c52a,4f4e177b-7217-45ca-9a04-55e87f1844dd,es,Instalaciones y servicios,8.6,2026-03-31 15:56:18.504408+01
93,468f52c5-9c21-47c5-98a0-eefde653c52a,4f4e177b-7217-45ca-9a04-55e87f1844dd,es,Limpieza,9.1,2026-03-31 15:56:18.504408+01
94,468f52c5-9c21-47c5-98a0-eefde653c52a,4f4e177b-7217-45ca-9a04-55e87f1844dd,es,Confort,9.5,2026-03-31 15:56:18.504408+01
95,468f52c5-9c21-47c5-98a0-eefde653c52a,4f4e177b-7217-45ca-9a04-55e87f1844dd,es,Relación calidad-precio,5.5,2026-03-31 15:56:18.504408+01
96,468f52c5-9c21-47c5-98a0-eefde653c52a,4f4e177b-7217-45ca-9a04-55e87f1844dd,es,Ubicación,10,2026-03-31 15:56:18.504408+01
97,4d265a70-0074-4e22-b7bb-41206b4c869d,38fb5bff-1ce7-4339-91b2-86cc5c11caa0,de,Hotelpersonal,10,2026-03-31 15:56:51.396846+01
98,4d265a70-0074-4e22-b7bb-41206b4c869d,38fb5bff-1ce7-4339-91b2-86cc5c11caa0,de,Ausstattung,10,2026-03-31 15:56:51.396846+01
99,4d265a70-0074-4e22-b7bb-41206b4c869d,38fb5bff-1ce7-4339-91b2-86cc5c11caa0,de,Sauberkeit,10,2026-03-31 15:56:51.396846+01
100,4d265a70-0074-4e22-b7bb-41206b4c869d,38fb5bff-1ce7-4339-91b2-86cc5c11caa0,de,Komfort,10,2026-03-31 15:56:51.396846+01
101,4d265a70-0074-4e22-b7bb-41206b4c869d,38fb5bff-1ce7-4339-91b2-86cc5c11caa0,de,Preis-Leistungs-Verhältnis,10,2026-03-31 15:56:51.396846+01
102,4d265a70-0074-4e22-b7bb-41206b4c869d,38fb5bff-1ce7-4339-91b2-86cc5c11caa0,de,Lage,10,2026-03-31 15:56:51.396846+01
103,bea61a06-a127-41b8-9a32-86221eecc9f5,4f4e177b-7217-45ca-9a04-55e87f1844dd,de,Hotelpersonal,7.2,2026-03-31 15:57:27.00792+01
104,bea61a06-a127-41b8-9a32-86221eecc9f5,4f4e177b-7217-45ca-9a04-55e87f1844dd,de,Ausstattung,8.6,2026-03-31 15:57:27.00792+01
105,bea61a06-a127-41b8-9a32-86221eecc9f5,4f4e177b-7217-45ca-9a04-55e87f1844dd,de,Sauberkeit,9.1,2026-03-31 15:57:27.00792+01
106,bea61a06-a127-41b8-9a32-86221eecc9f5,4f4e177b-7217-45ca-9a04-55e87f1844dd,de,Komfort,9.5,2026-03-31 15:57:27.00792+01
107,bea61a06-a127-41b8-9a32-86221eecc9f5,4f4e177b-7217-45ca-9a04-55e87f1844dd,de,Preis-Leistungs-Verhältnis,5.5,2026-03-31 15:57:27.00792+01
108,bea61a06-a127-41b8-9a32-86221eecc9f5,4f4e177b-7217-45ca-9a04-55e87f1844dd,de,Lage,10,2026-03-31 15:57:27.00792+01
109,5993508b-6dc5-43aa-a0d9-c611c5407a66,38fb5bff-1ce7-4339-91b2-86cc5c11caa0,it,Staff,10,2026-03-31 15:58:04.57976+01
110,5993508b-6dc5-43aa-a0d9-c611c5407a66,38fb5bff-1ce7-4339-91b2-86cc5c11caa0,it,Servizi,10,2026-03-31 15:58:04.57976+01
111,5993508b-6dc5-43aa-a0d9-c611c5407a66,38fb5bff-1ce7-4339-91b2-86cc5c11caa0,it,Pulizia,10,2026-03-31 15:58:04.57976+01
112,5993508b-6dc5-43aa-a0d9-c611c5407a66,38fb5bff-1ce7-4339-91b2-86cc5c11caa0,it,Comfort,10,2026-03-31 15:58:04.57976+01
113,5993508b-6dc5-43aa-a0d9-c611c5407a66,38fb5bff-1ce7-4339-91b2-86cc5c11caa0,it,Rapporto qualità-prezzo,10,2026-03-31 15:58:04.57976+01
114,5993508b-6dc5-43aa-a0d9-c611c5407a66,38fb5bff-1ce7-4339-91b2-86cc5c11caa0,it,Posizione,10,2026-03-31 15:58:04.57976+01
115,3c52a0b6-7d52-442a-be70-b1c460fb8c72,4f4e177b-7217-45ca-9a04-55e87f1844dd,it,Staff,7.2,2026-03-31 15:58:39.578814+01
116,3c52a0b6-7d52-442a-be70-b1c460fb8c72,4f4e177b-7217-45ca-9a04-55e87f1844dd,it,Servizi,8.6,2026-03-31 15:58:39.578814+01
117,3c52a0b6-7d52-442a-be70-b1c460fb8c72,4f4e177b-7217-45ca-9a04-55e87f1844dd,it,Pulizia,9.1,2026-03-31 15:58:39.578814+01
118,3c52a0b6-7d52-442a-be70-b1c460fb8c72,4f4e177b-7217-45ca-9a04-55e87f1844dd,it,Comfort,9.5,2026-03-31 15:58:39.578814+01
119,3c52a0b6-7d52-442a-be70-b1c460fb8c72,4f4e177b-7217-45ca-9a04-55e87f1844dd,it,Rapporto qualità-prezzo,5.5,2026-03-31 15:58:39.578814+01
120,3c52a0b6-7d52-442a-be70-b1c460fb8c72,4f4e177b-7217-45ca-9a04-55e87f1844dd,it,Posizione,10,2026-03-31 15:58:39.578814+01
121,ae0b9006-3d96-4775-ba21-890ce861d88c,38fb5bff-1ce7-4339-91b2-86cc5c11caa0,fr,Personnel,10,2026-03-31 15:59:17.102521+01
122,ae0b9006-3d96-4775-ba21-890ce861d88c,38fb5bff-1ce7-4339-91b2-86cc5c11caa0,fr,Équipements,10,2026-03-31 15:59:17.102521+01
123,ae0b9006-3d96-4775-ba21-890ce861d88c,38fb5bff-1ce7-4339-91b2-86cc5c11caa0,fr,Propreté,10,2026-03-31 15:59:17.102521+01
124,ae0b9006-3d96-4775-ba21-890ce861d88c,38fb5bff-1ce7-4339-91b2-86cc5c11caa0,fr,Confort,10,2026-03-31 15:59:17.102521+01
125,ae0b9006-3d96-4775-ba21-890ce861d88c,38fb5bff-1ce7-4339-91b2-86cc5c11caa0,fr,Rapport qualité/prix,10,2026-03-31 15:59:17.102521+01
126,ae0b9006-3d96-4775-ba21-890ce861d88c,38fb5bff-1ce7-4339-91b2-86cc5c11caa0,fr,Situation géographique,10,2026-03-31 15:59:17.102521+01
127,be8c6d5a-4ab0-45a6-86ed-a350c2f05b60,4f4e177b-7217-45ca-9a04-55e87f1844dd,fr,Personnel,7.2,2026-03-31 15:59:52.708576+01
128,be8c6d5a-4ab0-45a6-86ed-a350c2f05b60,4f4e177b-7217-45ca-9a04-55e87f1844dd,fr,Équipements,8.6,2026-03-31 15:59:52.708576+01
129,be8c6d5a-4ab0-45a6-86ed-a350c2f05b60,4f4e177b-7217-45ca-9a04-55e87f1844dd,fr,Propreté,9.1,2026-03-31 15:59:52.708576+01
130,be8c6d5a-4ab0-45a6-86ed-a350c2f05b60,4f4e177b-7217-45ca-9a04-55e87f1844dd,fr,Confort,9.5,2026-03-31 15:59:52.708576+01
131,be8c6d5a-4ab0-45a6-86ed-a350c2f05b60,4f4e177b-7217-45ca-9a04-55e87f1844dd,fr,Rapport qualité/prix,5.5,2026-03-31 15:59:52.708576+01
132,be8c6d5a-4ab0-45a6-86ed-a350c2f05b60,4f4e177b-7217-45ca-9a04-55e87f1844dd,fr,Situation géographique,10,2026-03-31 15:59:52.708576+01
133,89c856ca-05f6-488e-91fa-1e0086e10968,38fb5bff-1ce7-4339-91b2-86cc5c11caa0,pt,Funcionários,10,2026-03-31 16:00:29.723117+01
134,89c856ca-05f6-488e-91fa-1e0086e10968,38fb5bff-1ce7-4339-91b2-86cc5c11caa0,pt,Comodidades,10,2026-03-31 16:00:29.723117+01
135,89c856ca-05f6-488e-91fa-1e0086e10968,38fb5bff-1ce7-4339-91b2-86cc5c11caa0,pt,Limpeza,10,2026-03-31 16:00:29.723117+01
136,89c856ca-05f6-488e-91fa-1e0086e10968,38fb5bff-1ce7-4339-91b2-86cc5c11caa0,pt,Conforto,10,2026-03-31 16:00:29.723117+01
137,89c856ca-05f6-488e-91fa-1e0086e10968,38fb5bff-1ce7-4339-91b2-86cc5c11caa0,pt,Relação Qualidade/Preço,10,2026-03-31 16:00:29.723117+01
138,89c856ca-05f6-488e-91fa-1e0086e10968,38fb5bff-1ce7-4339-91b2-86cc5c11caa0,pt,Localização,10,2026-03-31 16:00:29.723117+01
139,9087c3d5-d7c3-4a40-beee-e9085de519b0,4f4e177b-7217-45ca-9a04-55e87f1844dd,pt,Funcionários,7.2,2026-03-31 16:01:04.78866+01
140,9087c3d5-d7c3-4a40-beee-e9085de519b0,4f4e177b-7217-45ca-9a04-55e87f1844dd,pt,Comodidades,8.6,2026-03-31 16:01:04.78866+01
141,9087c3d5-d7c3-4a40-beee-e9085de519b0,4f4e177b-7217-45ca-9a04-55e87f1844dd,pt,Limpeza,9.1,2026-03-31 16:01:04.78866+01
142,9087c3d5-d7c3-4a40-beee-e9085de519b0,4f4e177b-7217-45ca-9a04-55e87f1844dd,pt,Conforto,9.5,2026-03-31 16:01:04.78866+01
143,9087c3d5-d7c3-4a40-beee-e9085de519b0,4f4e177b-7217-45ca-9a04-55e87f1844dd,pt,Relação Qualidade/Preço,5.5,2026-03-31 16:01:04.78866+01
144,9087c3d5-d7c3-4a40-beee-e9085de519b0,4f4e177b-7217-45ca-9a04-55e87f1844dd,pt,Localização,10,2026-03-31 16:01:04.78866+01
145,6b614b48-95ae-4a1b-b2ae-a922b8c9dbbc,972d39d5-67f5-40a8-96fd-66a9d6bdd560,en,Staff,8.2,2026-03-31 16:01:46.939651+01
146,6b614b48-95ae-4a1b-b2ae-a922b8c9dbbc,972d39d5-67f5-40a8-96fd-66a9d6bdd560,en,Facilities,6.5,2026-03-31 16:01:46.939651+01
147,6b614b48-95ae-4a1b-b2ae-a922b8c9dbbc,972d39d5-67f5-40a8-96fd-66a9d6bdd560,en,Cleanliness,6.8,2026-03-31 16:01:46.939651+01
148,6b614b48-95ae-4a1b-b2ae-a922b8c9dbbc,972d39d5-67f5-40a8-96fd-66a9d6bdd560,en,Comfort,7.1,2026-03-31 16:01:46.939651+01
149,6b614b48-95ae-4a1b-b2ae-a922b8c9dbbc,972d39d5-67f5-40a8-96fd-66a9d6bdd560,en,Value for money,7.1,2026-03-31 16:01:46.939651+01
150,6b614b48-95ae-4a1b-b2ae-a922b8c9dbbc,972d39d5-67f5-40a8-96fd-66a9d6bdd560,en,Location,7.6,2026-03-31 16:01:46.939651+01
151,6b614b48-95ae-4a1b-b2ae-a922b8c9dbbc,972d39d5-67f5-40a8-96fd-66a9d6bdd560,en,Free WiFi,2.5,2026-03-31 16:01:46.939651+01
152,795a4198-702e-44e4-94e9-e044e591251f,8fca20b6-1cf4-47a7-bc53-2a6e58b33337,en,Staff,9.3,2026-03-31 16:02:23.285413+01
153,795a4198-702e-44e4-94e9-e044e591251f,8fca20b6-1cf4-47a7-bc53-2a6e58b33337,en,Facilities,9.5,2026-03-31 16:02:23.285413+01
154,795a4198-702e-44e4-94e9-e044e591251f,8fca20b6-1cf4-47a7-bc53-2a6e58b33337,en,Cleanliness,9.7,2026-03-31 16:02:23.285413+01
155,795a4198-702e-44e4-94e9-e044e591251f,8fca20b6-1cf4-47a7-bc53-2a6e58b33337,en,Comfort,9.7,2026-03-31 16:02:23.285413+01
156,795a4198-702e-44e4-94e9-e044e591251f,8fca20b6-1cf4-47a7-bc53-2a6e58b33337,en,Value for money,8.2,2026-03-31 16:02:23.285413+01
157,795a4198-702e-44e4-94e9-e044e591251f,8fca20b6-1cf4-47a7-bc53-2a6e58b33337,en,Location,9.8,2026-03-31 16:02:23.285413+01
158,795a4198-702e-44e4-94e9-e044e591251f,8fca20b6-1cf4-47a7-bc53-2a6e58b33337,en,Free WiFi,10,2026-03-31 16:02:23.285413+01
159,f6bed46d-313f-4dcf-b585-7e5e0d0a6425,972d39d5-67f5-40a8-96fd-66a9d6bdd560,es,Personal,8.2,2026-03-31 16:02:57.546529+01
160,f6bed46d-313f-4dcf-b585-7e5e0d0a6425,972d39d5-67f5-40a8-96fd-66a9d6bdd560,es,Instalaciones y servicios,6.5,2026-03-31 16:02:57.546529+01
161,f6bed46d-313f-4dcf-b585-7e5e0d0a6425,972d39d5-67f5-40a8-96fd-66a9d6bdd560,es,Limpieza,6.8,2026-03-31 16:02:57.546529+01
162,f6bed46d-313f-4dcf-b585-7e5e0d0a6425,972d39d5-67f5-40a8-96fd-66a9d6bdd560,es,Confort,7.1,2026-03-31 16:02:57.546529+01
163,f6bed46d-313f-4dcf-b585-7e5e0d0a6425,972d39d5-67f5-40a8-96fd-66a9d6bdd560,es,Relación calidad-precio,7.1,2026-03-31 16:02:57.546529+01
164,f6bed46d-313f-4dcf-b585-7e5e0d0a6425,972d39d5-67f5-40a8-96fd-66a9d6bdd560,es,Ubicación,7.6,2026-03-31 16:02:57.546529+01
165,f6bed46d-313f-4dcf-b585-7e5e0d0a6425,972d39d5-67f5-40a8-96fd-66a9d6bdd560,es,WiFi gratis,2.5,2026-03-31 16:02:57.546529+01
166,426c3cab-7b16-443e-a305-cea3ed66cb36,8fca20b6-1cf4-47a7-bc53-2a6e58b33337,es,Personal,9.3,2026-03-31 16:03:33.197417+01
331,123d1ae5-0c3d-4db8-815a-596f12480f58,2d5fdc59-d3bf-4b41-8c56-e8d499e046f0,es,Confort,9.4,2026-03-31 16:17:58.317817+01
167,426c3cab-7b16-443e-a305-cea3ed66cb36,8fca20b6-1cf4-47a7-bc53-2a6e58b33337,es,Instalaciones y servicios,9.5,2026-03-31 16:03:33.197417+01
168,426c3cab-7b16-443e-a305-cea3ed66cb36,8fca20b6-1cf4-47a7-bc53-2a6e58b33337,es,Limpieza,9.7,2026-03-31 16:03:33.197417+01
169,426c3cab-7b16-443e-a305-cea3ed66cb36,8fca20b6-1cf4-47a7-bc53-2a6e58b33337,es,Confort,9.7,2026-03-31 16:03:33.197417+01
170,426c3cab-7b16-443e-a305-cea3ed66cb36,8fca20b6-1cf4-47a7-bc53-2a6e58b33337,es,Relación calidad-precio,8.2,2026-03-31 16:03:33.197417+01
171,426c3cab-7b16-443e-a305-cea3ed66cb36,8fca20b6-1cf4-47a7-bc53-2a6e58b33337,es,Ubicación,9.8,2026-03-31 16:03:33.197417+01
172,426c3cab-7b16-443e-a305-cea3ed66cb36,8fca20b6-1cf4-47a7-bc53-2a6e58b33337,es,WiFi gratis,10,2026-03-31 16:03:33.197417+01
173,bd7d6231-7a62-4968-a31e-a8be2d25fc05,972d39d5-67f5-40a8-96fd-66a9d6bdd560,de,Hotelpersonal,8.2,2026-03-31 16:04:07.346971+01
174,bd7d6231-7a62-4968-a31e-a8be2d25fc05,972d39d5-67f5-40a8-96fd-66a9d6bdd560,de,Ausstattung,6.5,2026-03-31 16:04:07.346971+01
175,bd7d6231-7a62-4968-a31e-a8be2d25fc05,972d39d5-67f5-40a8-96fd-66a9d6bdd560,de,Sauberkeit,6.8,2026-03-31 16:04:07.346971+01
176,bd7d6231-7a62-4968-a31e-a8be2d25fc05,972d39d5-67f5-40a8-96fd-66a9d6bdd560,de,Komfort,7.1,2026-03-31 16:04:07.346971+01
177,bd7d6231-7a62-4968-a31e-a8be2d25fc05,972d39d5-67f5-40a8-96fd-66a9d6bdd560,de,Preis-Leistungs-Verhältnis,7.1,2026-03-31 16:04:07.346971+01
178,bd7d6231-7a62-4968-a31e-a8be2d25fc05,972d39d5-67f5-40a8-96fd-66a9d6bdd560,de,Lage,7.6,2026-03-31 16:04:07.346971+01
179,bd7d6231-7a62-4968-a31e-a8be2d25fc05,972d39d5-67f5-40a8-96fd-66a9d6bdd560,de,Kostenfreies WLAN,2.5,2026-03-31 16:04:07.346971+01
180,31283160-f345-46aa-89ad-6851041139e9,8fca20b6-1cf4-47a7-bc53-2a6e58b33337,de,Hotelpersonal,9.3,2026-03-31 16:04:43.074035+01
181,31283160-f345-46aa-89ad-6851041139e9,8fca20b6-1cf4-47a7-bc53-2a6e58b33337,de,Ausstattung,9.5,2026-03-31 16:04:43.074035+01
182,31283160-f345-46aa-89ad-6851041139e9,8fca20b6-1cf4-47a7-bc53-2a6e58b33337,de,Sauberkeit,9.7,2026-03-31 16:04:43.074035+01
183,31283160-f345-46aa-89ad-6851041139e9,8fca20b6-1cf4-47a7-bc53-2a6e58b33337,de,Komfort,9.7,2026-03-31 16:04:43.074035+01
184,31283160-f345-46aa-89ad-6851041139e9,8fca20b6-1cf4-47a7-bc53-2a6e58b33337,de,Preis-Leistungs-Verhältnis,8.2,2026-03-31 16:04:43.074035+01
185,31283160-f345-46aa-89ad-6851041139e9,8fca20b6-1cf4-47a7-bc53-2a6e58b33337,de,Lage,9.8,2026-03-31 16:04:43.074035+01
186,31283160-f345-46aa-89ad-6851041139e9,8fca20b6-1cf4-47a7-bc53-2a6e58b33337,de,Kostenfreies WLAN,10,2026-03-31 16:04:43.074035+01
187,33524a17-bdf3-4492-b7e2-59f5985ddce1,972d39d5-67f5-40a8-96fd-66a9d6bdd560,it,Staff,8.2,2026-03-31 16:05:16.902249+01
188,33524a17-bdf3-4492-b7e2-59f5985ddce1,972d39d5-67f5-40a8-96fd-66a9d6bdd560,it,Servizi,6.5,2026-03-31 16:05:16.902249+01
189,33524a17-bdf3-4492-b7e2-59f5985ddce1,972d39d5-67f5-40a8-96fd-66a9d6bdd560,it,Pulizia,6.8,2026-03-31 16:05:16.902249+01
190,33524a17-bdf3-4492-b7e2-59f5985ddce1,972d39d5-67f5-40a8-96fd-66a9d6bdd560,it,Comfort,7.1,2026-03-31 16:05:16.902249+01
191,33524a17-bdf3-4492-b7e2-59f5985ddce1,972d39d5-67f5-40a8-96fd-66a9d6bdd560,it,Rapporto qualità-prezzo,7.1,2026-03-31 16:05:16.902249+01
192,33524a17-bdf3-4492-b7e2-59f5985ddce1,972d39d5-67f5-40a8-96fd-66a9d6bdd560,it,Posizione,7.6,2026-03-31 16:05:16.902249+01
193,33524a17-bdf3-4492-b7e2-59f5985ddce1,972d39d5-67f5-40a8-96fd-66a9d6bdd560,it,WiFi gratuito,2.5,2026-03-31 16:05:16.902249+01
194,51a7627d-2bde-4af8-92ab-3e3f5ef5d073,8fca20b6-1cf4-47a7-bc53-2a6e58b33337,it,Staff,9.3,2026-03-31 16:05:56.960824+01
195,51a7627d-2bde-4af8-92ab-3e3f5ef5d073,8fca20b6-1cf4-47a7-bc53-2a6e58b33337,it,Servizi,9.5,2026-03-31 16:05:56.960824+01
196,51a7627d-2bde-4af8-92ab-3e3f5ef5d073,8fca20b6-1cf4-47a7-bc53-2a6e58b33337,it,Pulizia,9.7,2026-03-31 16:05:56.960824+01
197,51a7627d-2bde-4af8-92ab-3e3f5ef5d073,8fca20b6-1cf4-47a7-bc53-2a6e58b33337,it,Comfort,9.7,2026-03-31 16:05:56.960824+01
198,51a7627d-2bde-4af8-92ab-3e3f5ef5d073,8fca20b6-1cf4-47a7-bc53-2a6e58b33337,it,Rapporto qualità-prezzo,8.2,2026-03-31 16:05:56.960824+01
199,51a7627d-2bde-4af8-92ab-3e3f5ef5d073,8fca20b6-1cf4-47a7-bc53-2a6e58b33337,it,Posizione,9.8,2026-03-31 16:05:56.960824+01
200,51a7627d-2bde-4af8-92ab-3e3f5ef5d073,8fca20b6-1cf4-47a7-bc53-2a6e58b33337,it,WiFi gratuito,10,2026-03-31 16:05:56.960824+01
201,10513bc6-e451-40c2-aaac-f5b1ab093698,972d39d5-67f5-40a8-96fd-66a9d6bdd560,fr,Personnel,8.2,2026-03-31 16:06:27.146839+01
202,10513bc6-e451-40c2-aaac-f5b1ab093698,972d39d5-67f5-40a8-96fd-66a9d6bdd560,fr,Équipements,6.5,2026-03-31 16:06:27.146839+01
203,10513bc6-e451-40c2-aaac-f5b1ab093698,972d39d5-67f5-40a8-96fd-66a9d6bdd560,fr,Propreté,6.8,2026-03-31 16:06:27.146839+01
204,10513bc6-e451-40c2-aaac-f5b1ab093698,972d39d5-67f5-40a8-96fd-66a9d6bdd560,fr,Confort,7.1,2026-03-31 16:06:27.146839+01
205,10513bc6-e451-40c2-aaac-f5b1ab093698,972d39d5-67f5-40a8-96fd-66a9d6bdd560,fr,Rapport qualité/prix,7.1,2026-03-31 16:06:27.146839+01
206,10513bc6-e451-40c2-aaac-f5b1ab093698,972d39d5-67f5-40a8-96fd-66a9d6bdd560,fr,Situation géographique,7.6,2026-03-31 16:06:27.146839+01
207,10513bc6-e451-40c2-aaac-f5b1ab093698,972d39d5-67f5-40a8-96fd-66a9d6bdd560,fr,Connexion Wi-Fi gratuite,2.5,2026-03-31 16:06:27.146839+01
208,c0a94def-1d6d-4aa6-bec7-b111d72e7808,8fca20b6-1cf4-47a7-bc53-2a6e58b33337,fr,Personnel,9.3,2026-03-31 16:07:03.073261+01
209,c0a94def-1d6d-4aa6-bec7-b111d72e7808,8fca20b6-1cf4-47a7-bc53-2a6e58b33337,fr,Équipements,9.5,2026-03-31 16:07:03.073261+01
210,c0a94def-1d6d-4aa6-bec7-b111d72e7808,8fca20b6-1cf4-47a7-bc53-2a6e58b33337,fr,Propreté,9.7,2026-03-31 16:07:03.073261+01
211,c0a94def-1d6d-4aa6-bec7-b111d72e7808,8fca20b6-1cf4-47a7-bc53-2a6e58b33337,fr,Confort,9.7,2026-03-31 16:07:03.073261+01
212,c0a94def-1d6d-4aa6-bec7-b111d72e7808,8fca20b6-1cf4-47a7-bc53-2a6e58b33337,fr,Rapport qualité/prix,8.2,2026-03-31 16:07:03.073261+01
213,c0a94def-1d6d-4aa6-bec7-b111d72e7808,8fca20b6-1cf4-47a7-bc53-2a6e58b33337,fr,Situation géographique,9.8,2026-03-31 16:07:03.073261+01
214,c0a94def-1d6d-4aa6-bec7-b111d72e7808,8fca20b6-1cf4-47a7-bc53-2a6e58b33337,fr,Connexion Wi-Fi gratuite,10,2026-03-31 16:07:03.073261+01
215,c8022ca9-344b-4ca2-9b84-2f48f10f0696,972d39d5-67f5-40a8-96fd-66a9d6bdd560,pt,Funcionários,8.2,2026-03-31 16:07:36.776724+01
216,c8022ca9-344b-4ca2-9b84-2f48f10f0696,972d39d5-67f5-40a8-96fd-66a9d6bdd560,pt,Comodidades,6.5,2026-03-31 16:07:36.776724+01
217,c8022ca9-344b-4ca2-9b84-2f48f10f0696,972d39d5-67f5-40a8-96fd-66a9d6bdd560,pt,Limpeza,6.8,2026-03-31 16:07:36.776724+01
218,c8022ca9-344b-4ca2-9b84-2f48f10f0696,972d39d5-67f5-40a8-96fd-66a9d6bdd560,pt,Conforto,7.1,2026-03-31 16:07:36.776724+01
219,c8022ca9-344b-4ca2-9b84-2f48f10f0696,972d39d5-67f5-40a8-96fd-66a9d6bdd560,pt,Relação Qualidade/Preço,7.1,2026-03-31 16:07:36.776724+01
220,c8022ca9-344b-4ca2-9b84-2f48f10f0696,972d39d5-67f5-40a8-96fd-66a9d6bdd560,pt,Localização,7.6,2026-03-31 16:07:36.776724+01
221,c8022ca9-344b-4ca2-9b84-2f48f10f0696,972d39d5-67f5-40a8-96fd-66a9d6bdd560,pt,Wi-Fi gratuito,2.5,2026-03-31 16:07:36.776724+01
222,db87ec3c-da23-4865-a354-74c341fdd8ac,8fca20b6-1cf4-47a7-bc53-2a6e58b33337,pt,Funcionários,9.3,2026-03-31 16:08:12.671953+01
223,db87ec3c-da23-4865-a354-74c341fdd8ac,8fca20b6-1cf4-47a7-bc53-2a6e58b33337,pt,Comodidades,9.5,2026-03-31 16:08:12.671953+01
224,db87ec3c-da23-4865-a354-74c341fdd8ac,8fca20b6-1cf4-47a7-bc53-2a6e58b33337,pt,Limpeza,9.7,2026-03-31 16:08:12.671953+01
225,db87ec3c-da23-4865-a354-74c341fdd8ac,8fca20b6-1cf4-47a7-bc53-2a6e58b33337,pt,Conforto,9.7,2026-03-31 16:08:12.671953+01
226,db87ec3c-da23-4865-a354-74c341fdd8ac,8fca20b6-1cf4-47a7-bc53-2a6e58b33337,pt,Relação Qualidade/Preço,8.2,2026-03-31 16:08:12.671953+01
227,db87ec3c-da23-4865-a354-74c341fdd8ac,8fca20b6-1cf4-47a7-bc53-2a6e58b33337,pt,Localização,9.8,2026-03-31 16:08:12.671953+01
228,db87ec3c-da23-4865-a354-74c341fdd8ac,8fca20b6-1cf4-47a7-bc53-2a6e58b33337,pt,Wi-Fi gratuito,10,2026-03-31 16:08:12.671953+01
229,a572556b-d733-4d42-b202-edf6c1124517,7e19cbbf-0156-4b64-bd58-006067bbdf96,en,Staff,9.0,2026-03-31 16:08:56.87245+01
230,a572556b-d733-4d42-b202-edf6c1124517,7e19cbbf-0156-4b64-bd58-006067bbdf96,en,Facilities,9.5,2026-03-31 16:08:56.87245+01
231,a572556b-d733-4d42-b202-edf6c1124517,7e19cbbf-0156-4b64-bd58-006067bbdf96,en,Cleanliness,9.7,2026-03-31 16:08:56.87245+01
232,a572556b-d733-4d42-b202-edf6c1124517,7e19cbbf-0156-4b64-bd58-006067bbdf96,en,Comfort,9.8,2026-03-31 16:08:56.87245+01
233,a572556b-d733-4d42-b202-edf6c1124517,7e19cbbf-0156-4b64-bd58-006067bbdf96,en,Value for money,8.4,2026-03-31 16:08:56.87245+01
234,a572556b-d733-4d42-b202-edf6c1124517,7e19cbbf-0156-4b64-bd58-006067bbdf96,en,Location,9.7,2026-03-31 16:08:56.87245+01
235,b95405c3-8279-4ca2-8ced-fcca32805032,08ef9f35-6dd6-47a6-979f-e646c274d0c2,en,Staff,9.0,2026-03-31 16:09:33.610509+01
236,b95405c3-8279-4ca2-8ced-fcca32805032,08ef9f35-6dd6-47a6-979f-e646c274d0c2,en,Facilities,8.2,2026-03-31 16:09:33.610509+01
237,b95405c3-8279-4ca2-8ced-fcca32805032,08ef9f35-6dd6-47a6-979f-e646c274d0c2,en,Cleanliness,8.8,2026-03-31 16:09:33.610509+01
238,b95405c3-8279-4ca2-8ced-fcca32805032,08ef9f35-6dd6-47a6-979f-e646c274d0c2,en,Comfort,8.7,2026-03-31 16:09:33.610509+01
239,b95405c3-8279-4ca2-8ced-fcca32805032,08ef9f35-6dd6-47a6-979f-e646c274d0c2,en,Value for money,8.4,2026-03-31 16:09:33.610509+01
240,b95405c3-8279-4ca2-8ced-fcca32805032,08ef9f35-6dd6-47a6-979f-e646c274d0c2,en,Location,9.5,2026-03-31 16:09:33.610509+01
241,b95405c3-8279-4ca2-8ced-fcca32805032,08ef9f35-6dd6-47a6-979f-e646c274d0c2,en,Free WiFi,9.5,2026-03-31 16:09:33.610509+01
242,7f034cdd-ed7a-476a-b782-d346b35e730f,7e19cbbf-0156-4b64-bd58-006067bbdf96,es,Personal,9.0,2026-03-31 16:10:09.166224+01
243,7f034cdd-ed7a-476a-b782-d346b35e730f,7e19cbbf-0156-4b64-bd58-006067bbdf96,es,Instalaciones y servicios,9.5,2026-03-31 16:10:09.166224+01
244,7f034cdd-ed7a-476a-b782-d346b35e730f,7e19cbbf-0156-4b64-bd58-006067bbdf96,es,Limpieza,9.7,2026-03-31 16:10:09.166224+01
245,7f034cdd-ed7a-476a-b782-d346b35e730f,7e19cbbf-0156-4b64-bd58-006067bbdf96,es,Confort,9.8,2026-03-31 16:10:09.166224+01
246,7f034cdd-ed7a-476a-b782-d346b35e730f,7e19cbbf-0156-4b64-bd58-006067bbdf96,es,Relación calidad-precio,8.4,2026-03-31 16:10:09.166224+01
247,7f034cdd-ed7a-476a-b782-d346b35e730f,7e19cbbf-0156-4b64-bd58-006067bbdf96,es,Ubicación,9.7,2026-03-31 16:10:09.166224+01
248,7a64c3d1-a246-4c33-9de0-83e6dd078433,08ef9f35-6dd6-47a6-979f-e646c274d0c2,es,Personal,9.0,2026-03-31 16:10:44.526158+01
249,7a64c3d1-a246-4c33-9de0-83e6dd078433,08ef9f35-6dd6-47a6-979f-e646c274d0c2,es,Instalaciones y servicios,8.2,2026-03-31 16:10:44.526158+01
250,7a64c3d1-a246-4c33-9de0-83e6dd078433,08ef9f35-6dd6-47a6-979f-e646c274d0c2,es,Limpieza,8.8,2026-03-31 16:10:44.526158+01
251,7a64c3d1-a246-4c33-9de0-83e6dd078433,08ef9f35-6dd6-47a6-979f-e646c274d0c2,es,Confort,8.7,2026-03-31 16:10:44.526158+01
252,7a64c3d1-a246-4c33-9de0-83e6dd078433,08ef9f35-6dd6-47a6-979f-e646c274d0c2,es,Relación calidad-precio,8.4,2026-03-31 16:10:44.526158+01
253,7a64c3d1-a246-4c33-9de0-83e6dd078433,08ef9f35-6dd6-47a6-979f-e646c274d0c2,es,Ubicación,9.5,2026-03-31 16:10:44.526158+01
254,7a64c3d1-a246-4c33-9de0-83e6dd078433,08ef9f35-6dd6-47a6-979f-e646c274d0c2,es,WiFi gratis,9.5,2026-03-31 16:10:44.526158+01
255,0c6c5166-e53b-4d56-a737-644094d7c3c7,7e19cbbf-0156-4b64-bd58-006067bbdf96,de,Hotelpersonal,9.0,2026-03-31 16:11:19.700107+01
256,0c6c5166-e53b-4d56-a737-644094d7c3c7,7e19cbbf-0156-4b64-bd58-006067bbdf96,de,Ausstattung,9.5,2026-03-31 16:11:19.700107+01
257,0c6c5166-e53b-4d56-a737-644094d7c3c7,7e19cbbf-0156-4b64-bd58-006067bbdf96,de,Sauberkeit,9.7,2026-03-31 16:11:19.700107+01
258,0c6c5166-e53b-4d56-a737-644094d7c3c7,7e19cbbf-0156-4b64-bd58-006067bbdf96,de,Komfort,9.8,2026-03-31 16:11:19.700107+01
259,0c6c5166-e53b-4d56-a737-644094d7c3c7,7e19cbbf-0156-4b64-bd58-006067bbdf96,de,Preis-Leistungs-Verhältnis,8.4,2026-03-31 16:11:19.700107+01
260,0c6c5166-e53b-4d56-a737-644094d7c3c7,7e19cbbf-0156-4b64-bd58-006067bbdf96,de,Lage,9.7,2026-03-31 16:11:19.700107+01
261,2398c50f-9726-4ea0-97c3-6a069e90be43,08ef9f35-6dd6-47a6-979f-e646c274d0c2,de,Hotelpersonal,9.0,2026-03-31 16:11:55.709952+01
262,2398c50f-9726-4ea0-97c3-6a069e90be43,08ef9f35-6dd6-47a6-979f-e646c274d0c2,de,Ausstattung,8.2,2026-03-31 16:11:55.709952+01
263,2398c50f-9726-4ea0-97c3-6a069e90be43,08ef9f35-6dd6-47a6-979f-e646c274d0c2,de,Sauberkeit,8.8,2026-03-31 16:11:55.709952+01
264,2398c50f-9726-4ea0-97c3-6a069e90be43,08ef9f35-6dd6-47a6-979f-e646c274d0c2,de,Komfort,8.7,2026-03-31 16:11:55.709952+01
265,2398c50f-9726-4ea0-97c3-6a069e90be43,08ef9f35-6dd6-47a6-979f-e646c274d0c2,de,Preis-Leistungs-Verhältnis,8.4,2026-03-31 16:11:55.709952+01
266,2398c50f-9726-4ea0-97c3-6a069e90be43,08ef9f35-6dd6-47a6-979f-e646c274d0c2,de,Lage,9.5,2026-03-31 16:11:55.709952+01
267,2398c50f-9726-4ea0-97c3-6a069e90be43,08ef9f35-6dd6-47a6-979f-e646c274d0c2,de,Kostenfreies WLAN,9.5,2026-03-31 16:11:55.709952+01
268,dc3b6861-fd58-4841-a79f-243c2ffdb5b3,7e19cbbf-0156-4b64-bd58-006067bbdf96,it,Staff,9.0,2026-03-31 16:12:30.953607+01
269,dc3b6861-fd58-4841-a79f-243c2ffdb5b3,7e19cbbf-0156-4b64-bd58-006067bbdf96,it,Servizi,9.5,2026-03-31 16:12:30.953607+01
270,dc3b6861-fd58-4841-a79f-243c2ffdb5b3,7e19cbbf-0156-4b64-bd58-006067bbdf96,it,Pulizia,9.7,2026-03-31 16:12:30.953607+01
271,dc3b6861-fd58-4841-a79f-243c2ffdb5b3,7e19cbbf-0156-4b64-bd58-006067bbdf96,it,Comfort,9.8,2026-03-31 16:12:30.953607+01
272,dc3b6861-fd58-4841-a79f-243c2ffdb5b3,7e19cbbf-0156-4b64-bd58-006067bbdf96,it,Rapporto qualità-prezzo,8.4,2026-03-31 16:12:30.953607+01
273,dc3b6861-fd58-4841-a79f-243c2ffdb5b3,7e19cbbf-0156-4b64-bd58-006067bbdf96,it,Posizione,9.7,2026-03-31 16:12:30.953607+01
274,409ce334-fec3-4101-b30e-6c73a16be76c,08ef9f35-6dd6-47a6-979f-e646c274d0c2,it,Staff,9.0,2026-03-31 16:13:07.58327+01
275,409ce334-fec3-4101-b30e-6c73a16be76c,08ef9f35-6dd6-47a6-979f-e646c274d0c2,it,Servizi,8.2,2026-03-31 16:13:07.58327+01
276,409ce334-fec3-4101-b30e-6c73a16be76c,08ef9f35-6dd6-47a6-979f-e646c274d0c2,it,Pulizia,8.8,2026-03-31 16:13:07.58327+01
277,409ce334-fec3-4101-b30e-6c73a16be76c,08ef9f35-6dd6-47a6-979f-e646c274d0c2,it,Comfort,8.7,2026-03-31 16:13:07.58327+01
278,409ce334-fec3-4101-b30e-6c73a16be76c,08ef9f35-6dd6-47a6-979f-e646c274d0c2,it,Rapporto qualità-prezzo,8.4,2026-03-31 16:13:07.58327+01
279,409ce334-fec3-4101-b30e-6c73a16be76c,08ef9f35-6dd6-47a6-979f-e646c274d0c2,it,Posizione,9.5,2026-03-31 16:13:07.58327+01
280,409ce334-fec3-4101-b30e-6c73a16be76c,08ef9f35-6dd6-47a6-979f-e646c274d0c2,it,WiFi gratuito,9.5,2026-03-31 16:13:07.58327+01
281,7d547d83-487a-4c63-a160-bdb569cbcac9,7e19cbbf-0156-4b64-bd58-006067bbdf96,fr,Personnel,9.0,2026-03-31 16:13:43.22896+01
282,7d547d83-487a-4c63-a160-bdb569cbcac9,7e19cbbf-0156-4b64-bd58-006067bbdf96,fr,Équipements,9.5,2026-03-31 16:13:43.22896+01
283,7d547d83-487a-4c63-a160-bdb569cbcac9,7e19cbbf-0156-4b64-bd58-006067bbdf96,fr,Propreté,9.7,2026-03-31 16:13:43.22896+01
284,7d547d83-487a-4c63-a160-bdb569cbcac9,7e19cbbf-0156-4b64-bd58-006067bbdf96,fr,Confort,9.8,2026-03-31 16:13:43.22896+01
285,7d547d83-487a-4c63-a160-bdb569cbcac9,7e19cbbf-0156-4b64-bd58-006067bbdf96,fr,Rapport qualité/prix,8.4,2026-03-31 16:13:43.22896+01
286,7d547d83-487a-4c63-a160-bdb569cbcac9,7e19cbbf-0156-4b64-bd58-006067bbdf96,fr,Situation géographique,9.7,2026-03-31 16:13:43.22896+01
287,646ad355-a716-4427-a389-96a90ef5caf9,08ef9f35-6dd6-47a6-979f-e646c274d0c2,fr,Personnel,9.0,2026-03-31 16:14:18.746516+01
288,646ad355-a716-4427-a389-96a90ef5caf9,08ef9f35-6dd6-47a6-979f-e646c274d0c2,fr,Équipements,8.2,2026-03-31 16:14:18.746516+01
289,646ad355-a716-4427-a389-96a90ef5caf9,08ef9f35-6dd6-47a6-979f-e646c274d0c2,fr,Propreté,8.8,2026-03-31 16:14:18.746516+01
290,646ad355-a716-4427-a389-96a90ef5caf9,08ef9f35-6dd6-47a6-979f-e646c274d0c2,fr,Confort,8.7,2026-03-31 16:14:18.746516+01
291,646ad355-a716-4427-a389-96a90ef5caf9,08ef9f35-6dd6-47a6-979f-e646c274d0c2,fr,Rapport qualité/prix,8.4,2026-03-31 16:14:18.746516+01
292,646ad355-a716-4427-a389-96a90ef5caf9,08ef9f35-6dd6-47a6-979f-e646c274d0c2,fr,Situation géographique,9.5,2026-03-31 16:14:18.746516+01
293,646ad355-a716-4427-a389-96a90ef5caf9,08ef9f35-6dd6-47a6-979f-e646c274d0c2,fr,Connexion Wi-Fi gratuite,9.5,2026-03-31 16:14:18.746516+01
294,df42488b-8bfc-4144-858b-9294f2075d6f,7e19cbbf-0156-4b64-bd58-006067bbdf96,pt,Funcionários,9.0,2026-03-31 16:14:54.169431+01
295,df42488b-8bfc-4144-858b-9294f2075d6f,7e19cbbf-0156-4b64-bd58-006067bbdf96,pt,Comodidades,9.5,2026-03-31 16:14:54.169431+01
296,df42488b-8bfc-4144-858b-9294f2075d6f,7e19cbbf-0156-4b64-bd58-006067bbdf96,pt,Limpeza,9.7,2026-03-31 16:14:54.169431+01
297,df42488b-8bfc-4144-858b-9294f2075d6f,7e19cbbf-0156-4b64-bd58-006067bbdf96,pt,Conforto,9.8,2026-03-31 16:14:54.169431+01
298,df42488b-8bfc-4144-858b-9294f2075d6f,7e19cbbf-0156-4b64-bd58-006067bbdf96,pt,Relação Qualidade/Preço,8.4,2026-03-31 16:14:54.169431+01
299,df42488b-8bfc-4144-858b-9294f2075d6f,7e19cbbf-0156-4b64-bd58-006067bbdf96,pt,Localização,9.7,2026-03-31 16:14:54.169431+01
300,b5c4fa4a-c1ae-4ce9-bba7-a3f42d37962e,08ef9f35-6dd6-47a6-979f-e646c274d0c2,pt,Funcionários,9.0,2026-03-31 16:15:29.820824+01
301,b5c4fa4a-c1ae-4ce9-bba7-a3f42d37962e,08ef9f35-6dd6-47a6-979f-e646c274d0c2,pt,Comodidades,8.2,2026-03-31 16:15:29.820824+01
302,b5c4fa4a-c1ae-4ce9-bba7-a3f42d37962e,08ef9f35-6dd6-47a6-979f-e646c274d0c2,pt,Limpeza,8.8,2026-03-31 16:15:29.820824+01
303,b5c4fa4a-c1ae-4ce9-bba7-a3f42d37962e,08ef9f35-6dd6-47a6-979f-e646c274d0c2,pt,Conforto,8.7,2026-03-31 16:15:29.820824+01
304,b5c4fa4a-c1ae-4ce9-bba7-a3f42d37962e,08ef9f35-6dd6-47a6-979f-e646c274d0c2,pt,Relação Qualidade/Preço,8.4,2026-03-31 16:15:29.820824+01
305,b5c4fa4a-c1ae-4ce9-bba7-a3f42d37962e,08ef9f35-6dd6-47a6-979f-e646c274d0c2,pt,Localização,9.5,2026-03-31 16:15:29.820824+01
306,b5c4fa4a-c1ae-4ce9-bba7-a3f42d37962e,08ef9f35-6dd6-47a6-979f-e646c274d0c2,pt,Wi-Fi gratuito,9.5,2026-03-31 16:15:29.820824+01
307,d7345f86-45f6-4cb7-9160-33624b023139,e856ae4d-91bf-4ff5-b65a-b16670b06b24,en,Staff,8.9,2026-03-31 16:16:16.635992+01
308,d7345f86-45f6-4cb7-9160-33624b023139,e856ae4d-91bf-4ff5-b65a-b16670b06b24,en,Facilities,8.1,2026-03-31 16:16:16.635992+01
309,d7345f86-45f6-4cb7-9160-33624b023139,e856ae4d-91bf-4ff5-b65a-b16670b06b24,en,Cleanliness,8.7,2026-03-31 16:16:16.635992+01
310,d7345f86-45f6-4cb7-9160-33624b023139,e856ae4d-91bf-4ff5-b65a-b16670b06b24,en,Comfort,8.7,2026-03-31 16:16:16.635992+01
311,d7345f86-45f6-4cb7-9160-33624b023139,e856ae4d-91bf-4ff5-b65a-b16670b06b24,en,Value for money,8.2,2026-03-31 16:16:16.635992+01
312,d7345f86-45f6-4cb7-9160-33624b023139,e856ae4d-91bf-4ff5-b65a-b16670b06b24,en,Location,9.6,2026-03-31 16:16:16.635992+01
313,d7345f86-45f6-4cb7-9160-33624b023139,e856ae4d-91bf-4ff5-b65a-b16670b06b24,en,Free WiFi,8.7,2026-03-31 16:16:16.635992+01
314,b7c45505-6cb5-4cbe-8ea5-aaa45ba6b508,2d5fdc59-d3bf-4b41-8c56-e8d499e046f0,en,Staff,9.0,2026-03-31 16:16:47.96951+01
315,b7c45505-6cb5-4cbe-8ea5-aaa45ba6b508,2d5fdc59-d3bf-4b41-8c56-e8d499e046f0,en,Facilities,9.2,2026-03-31 16:16:47.96951+01
316,b7c45505-6cb5-4cbe-8ea5-aaa45ba6b508,2d5fdc59-d3bf-4b41-8c56-e8d499e046f0,en,Cleanliness,9.3,2026-03-31 16:16:47.96951+01
317,b7c45505-6cb5-4cbe-8ea5-aaa45ba6b508,2d5fdc59-d3bf-4b41-8c56-e8d499e046f0,en,Comfort,9.4,2026-03-31 16:16:47.96951+01
318,b7c45505-6cb5-4cbe-8ea5-aaa45ba6b508,2d5fdc59-d3bf-4b41-8c56-e8d499e046f0,en,Value for money,8.5,2026-03-31 16:16:47.96951+01
319,b7c45505-6cb5-4cbe-8ea5-aaa45ba6b508,2d5fdc59-d3bf-4b41-8c56-e8d499e046f0,en,Location,9.1,2026-03-31 16:16:47.96951+01
320,b7c45505-6cb5-4cbe-8ea5-aaa45ba6b508,2d5fdc59-d3bf-4b41-8c56-e8d499e046f0,en,Free WiFi,10,2026-03-31 16:16:47.96951+01
321,e044b7cc-7ec0-49c3-bb22-46b29fd32fde,e856ae4d-91bf-4ff5-b65a-b16670b06b24,es,Personal,8.9,2026-03-31 16:17:22.765852+01
322,e044b7cc-7ec0-49c3-bb22-46b29fd32fde,e856ae4d-91bf-4ff5-b65a-b16670b06b24,es,Instalaciones y servicios,8.1,2026-03-31 16:17:22.765852+01
323,e044b7cc-7ec0-49c3-bb22-46b29fd32fde,e856ae4d-91bf-4ff5-b65a-b16670b06b24,es,Limpieza,8.7,2026-03-31 16:17:22.765852+01
324,e044b7cc-7ec0-49c3-bb22-46b29fd32fde,e856ae4d-91bf-4ff5-b65a-b16670b06b24,es,Confort,8.7,2026-03-31 16:17:22.765852+01
325,e044b7cc-7ec0-49c3-bb22-46b29fd32fde,e856ae4d-91bf-4ff5-b65a-b16670b06b24,es,Relación calidad-precio,8.2,2026-03-31 16:17:22.765852+01
326,e044b7cc-7ec0-49c3-bb22-46b29fd32fde,e856ae4d-91bf-4ff5-b65a-b16670b06b24,es,Ubicación,9.6,2026-03-31 16:17:22.765852+01
327,e044b7cc-7ec0-49c3-bb22-46b29fd32fde,e856ae4d-91bf-4ff5-b65a-b16670b06b24,es,WiFi gratis,8.7,2026-03-31 16:17:22.765852+01
328,123d1ae5-0c3d-4db8-815a-596f12480f58,2d5fdc59-d3bf-4b41-8c56-e8d499e046f0,es,Personal,9.0,2026-03-31 16:17:58.317817+01
329,123d1ae5-0c3d-4db8-815a-596f12480f58,2d5fdc59-d3bf-4b41-8c56-e8d499e046f0,es,Instalaciones y servicios,9.2,2026-03-31 16:17:58.317817+01
330,123d1ae5-0c3d-4db8-815a-596f12480f58,2d5fdc59-d3bf-4b41-8c56-e8d499e046f0,es,Limpieza,9.3,2026-03-31 16:17:58.317817+01
332,123d1ae5-0c3d-4db8-815a-596f12480f58,2d5fdc59-d3bf-4b41-8c56-e8d499e046f0,es,Relación calidad-precio,8.5,2026-03-31 16:17:58.317817+01
333,123d1ae5-0c3d-4db8-815a-596f12480f58,2d5fdc59-d3bf-4b41-8c56-e8d499e046f0,es,Ubicación,9.1,2026-03-31 16:17:58.317817+01
334,123d1ae5-0c3d-4db8-815a-596f12480f58,2d5fdc59-d3bf-4b41-8c56-e8d499e046f0,es,WiFi gratis,10,2026-03-31 16:17:58.317817+01
335,3f968f79-eab0-4fad-b8f3-5ad7227ae2d3,e856ae4d-91bf-4ff5-b65a-b16670b06b24,de,Hotelpersonal,8.9,2026-03-31 16:18:32.961741+01
336,3f968f79-eab0-4fad-b8f3-5ad7227ae2d3,e856ae4d-91bf-4ff5-b65a-b16670b06b24,de,Ausstattung,8.1,2026-03-31 16:18:32.961741+01
337,3f968f79-eab0-4fad-b8f3-5ad7227ae2d3,e856ae4d-91bf-4ff5-b65a-b16670b06b24,de,Sauberkeit,8.7,2026-03-31 16:18:32.961741+01
338,3f968f79-eab0-4fad-b8f3-5ad7227ae2d3,e856ae4d-91bf-4ff5-b65a-b16670b06b24,de,Komfort,8.7,2026-03-31 16:18:32.961741+01
339,3f968f79-eab0-4fad-b8f3-5ad7227ae2d3,e856ae4d-91bf-4ff5-b65a-b16670b06b24,de,Preis-Leistungs-Verhältnis,8.2,2026-03-31 16:18:32.961741+01
340,3f968f79-eab0-4fad-b8f3-5ad7227ae2d3,e856ae4d-91bf-4ff5-b65a-b16670b06b24,de,Lage,9.6,2026-03-31 16:18:32.961741+01
341,3f968f79-eab0-4fad-b8f3-5ad7227ae2d3,e856ae4d-91bf-4ff5-b65a-b16670b06b24,de,Kostenfreies WLAN,8.7,2026-03-31 16:18:32.961741+01
342,e7750040-a33d-4c12-aa70-5b9e0136f2fa,2d5fdc59-d3bf-4b41-8c56-e8d499e046f0,de,Hotelpersonal,9.0,2026-03-31 16:19:07.896011+01
343,e7750040-a33d-4c12-aa70-5b9e0136f2fa,2d5fdc59-d3bf-4b41-8c56-e8d499e046f0,de,Ausstattung,9.2,2026-03-31 16:19:07.896011+01
344,e7750040-a33d-4c12-aa70-5b9e0136f2fa,2d5fdc59-d3bf-4b41-8c56-e8d499e046f0,de,Sauberkeit,9.3,2026-03-31 16:19:07.896011+01
345,e7750040-a33d-4c12-aa70-5b9e0136f2fa,2d5fdc59-d3bf-4b41-8c56-e8d499e046f0,de,Komfort,9.4,2026-03-31 16:19:07.896011+01
346,e7750040-a33d-4c12-aa70-5b9e0136f2fa,2d5fdc59-d3bf-4b41-8c56-e8d499e046f0,de,Preis-Leistungs-Verhältnis,8.5,2026-03-31 16:19:07.896011+01
347,e7750040-a33d-4c12-aa70-5b9e0136f2fa,2d5fdc59-d3bf-4b41-8c56-e8d499e046f0,de,Lage,9.1,2026-03-31 16:19:07.896011+01
348,e7750040-a33d-4c12-aa70-5b9e0136f2fa,2d5fdc59-d3bf-4b41-8c56-e8d499e046f0,de,Kostenfreies WLAN,10,2026-03-31 16:19:07.896011+01
349,1d76ad0b-5c70-495a-ab61-2184c0d99838,e856ae4d-91bf-4ff5-b65a-b16670b06b24,it,Staff,8.9,2026-03-31 16:19:42.352579+01
350,1d76ad0b-5c70-495a-ab61-2184c0d99838,e856ae4d-91bf-4ff5-b65a-b16670b06b24,it,Servizi,8.1,2026-03-31 16:19:42.352579+01
351,1d76ad0b-5c70-495a-ab61-2184c0d99838,e856ae4d-91bf-4ff5-b65a-b16670b06b24,it,Pulizia,8.7,2026-03-31 16:19:42.352579+01
352,1d76ad0b-5c70-495a-ab61-2184c0d99838,e856ae4d-91bf-4ff5-b65a-b16670b06b24,it,Comfort,8.7,2026-03-31 16:19:42.352579+01
353,1d76ad0b-5c70-495a-ab61-2184c0d99838,e856ae4d-91bf-4ff5-b65a-b16670b06b24,it,Rapporto qualità-prezzo,8.2,2026-03-31 16:19:42.352579+01
354,1d76ad0b-5c70-495a-ab61-2184c0d99838,e856ae4d-91bf-4ff5-b65a-b16670b06b24,it,Posizione,9.6,2026-03-31 16:19:42.352579+01
355,1d76ad0b-5c70-495a-ab61-2184c0d99838,e856ae4d-91bf-4ff5-b65a-b16670b06b24,it,WiFi gratuito,8.7,2026-03-31 16:19:42.352579+01
356,775408fb-89dd-4151-8666-0996beb0ddce,2d5fdc59-d3bf-4b41-8c56-e8d499e046f0,it,Staff,9.0,2026-03-31 16:20:21.693845+01
357,775408fb-89dd-4151-8666-0996beb0ddce,2d5fdc59-d3bf-4b41-8c56-e8d499e046f0,it,Servizi,9.2,2026-03-31 16:20:21.693845+01
358,775408fb-89dd-4151-8666-0996beb0ddce,2d5fdc59-d3bf-4b41-8c56-e8d499e046f0,it,Pulizia,9.3,2026-03-31 16:20:21.693845+01
359,775408fb-89dd-4151-8666-0996beb0ddce,2d5fdc59-d3bf-4b41-8c56-e8d499e046f0,it,Comfort,9.4,2026-03-31 16:20:21.693845+01
360,775408fb-89dd-4151-8666-0996beb0ddce,2d5fdc59-d3bf-4b41-8c56-e8d499e046f0,it,Rapporto qualità-prezzo,8.5,2026-03-31 16:20:21.693845+01
361,775408fb-89dd-4151-8666-0996beb0ddce,2d5fdc59-d3bf-4b41-8c56-e8d499e046f0,it,Posizione,9.1,2026-03-31 16:20:21.693845+01
362,775408fb-89dd-4151-8666-0996beb0ddce,2d5fdc59-d3bf-4b41-8c56-e8d499e046f0,it,WiFi gratuito,10,2026-03-31 16:20:21.693845+01
363,284b51ea-0290-41b1-a711-c079f1009ada,e856ae4d-91bf-4ff5-b65a-b16670b06b24,fr,Personnel,8.9,2026-03-31 16:20:52.276243+01
364,284b51ea-0290-41b1-a711-c079f1009ada,e856ae4d-91bf-4ff5-b65a-b16670b06b24,fr,Équipements,8.1,2026-03-31 16:20:52.276243+01
365,284b51ea-0290-41b1-a711-c079f1009ada,e856ae4d-91bf-4ff5-b65a-b16670b06b24,fr,Propreté,8.7,2026-03-31 16:20:52.276243+01
366,284b51ea-0290-41b1-a711-c079f1009ada,e856ae4d-91bf-4ff5-b65a-b16670b06b24,fr,Confort,8.7,2026-03-31 16:20:52.276243+01
367,284b51ea-0290-41b1-a711-c079f1009ada,e856ae4d-91bf-4ff5-b65a-b16670b06b24,fr,Rapport qualité/prix,8.2,2026-03-31 16:20:52.276243+01
368,284b51ea-0290-41b1-a711-c079f1009ada,e856ae4d-91bf-4ff5-b65a-b16670b06b24,fr,Situation géographique,9.6,2026-03-31 16:20:52.276243+01
369,284b51ea-0290-41b1-a711-c079f1009ada,e856ae4d-91bf-4ff5-b65a-b16670b06b24,fr,Connexion Wi-Fi gratuite,8.7,2026-03-31 16:20:52.276243+01
370,2c62815a-741b-4a1e-8f3b-ea6fdcba4054,2d5fdc59-d3bf-4b41-8c56-e8d499e046f0,fr,Personnel,9.0,2026-03-31 16:21:27.380451+01
371,2c62815a-741b-4a1e-8f3b-ea6fdcba4054,2d5fdc59-d3bf-4b41-8c56-e8d499e046f0,fr,Équipements,9.2,2026-03-31 16:21:27.380451+01
372,2c62815a-741b-4a1e-8f3b-ea6fdcba4054,2d5fdc59-d3bf-4b41-8c56-e8d499e046f0,fr,Propreté,9.3,2026-03-31 16:21:27.380451+01
373,2c62815a-741b-4a1e-8f3b-ea6fdcba4054,2d5fdc59-d3bf-4b41-8c56-e8d499e046f0,fr,Confort,9.4,2026-03-31 16:21:27.380451+01
374,2c62815a-741b-4a1e-8f3b-ea6fdcba4054,2d5fdc59-d3bf-4b41-8c56-e8d499e046f0,fr,Rapport qualité/prix,8.5,2026-03-31 16:21:27.380451+01
375,2c62815a-741b-4a1e-8f3b-ea6fdcba4054,2d5fdc59-d3bf-4b41-8c56-e8d499e046f0,fr,Situation géographique,9.1,2026-03-31 16:21:27.380451+01
376,2c62815a-741b-4a1e-8f3b-ea6fdcba4054,2d5fdc59-d3bf-4b41-8c56-e8d499e046f0,fr,Connexion Wi-Fi gratuite,10,2026-03-31 16:21:27.380451+01
377,7aeb68d5-81c2-428b-9525-da7a3b03f06b,e856ae4d-91bf-4ff5-b65a-b16670b06b24,pt,Funcionários,8.9,2026-03-31 16:22:02.089092+01
378,7aeb68d5-81c2-428b-9525-da7a3b03f06b,e856ae4d-91bf-4ff5-b65a-b16670b06b24,pt,Comodidades,8.1,2026-03-31 16:22:02.089092+01
379,7aeb68d5-81c2-428b-9525-da7a3b03f06b,e856ae4d-91bf-4ff5-b65a-b16670b06b24,pt,Limpeza,8.7,2026-03-31 16:22:02.089092+01
380,7aeb68d5-81c2-428b-9525-da7a3b03f06b,e856ae4d-91bf-4ff5-b65a-b16670b06b24,pt,Conforto,8.7,2026-03-31 16:22:02.089092+01
381,7aeb68d5-81c2-428b-9525-da7a3b03f06b,e856ae4d-91bf-4ff5-b65a-b16670b06b24,pt,Relação Qualidade/Preço,8.2,2026-03-31 16:22:02.089092+01
382,7aeb68d5-81c2-428b-9525-da7a3b03f06b,e856ae4d-91bf-4ff5-b65a-b16670b06b24,pt,Localização,9.6,2026-03-31 16:22:02.089092+01
383,7aeb68d5-81c2-428b-9525-da7a3b03f06b,e856ae4d-91bf-4ff5-b65a-b16670b06b24,pt,Wi-Fi gratuito,8.7,2026-03-31 16:22:02.089092+01
384,62459c09-88b5-4756-9b46-4d8d642c335d,2d5fdc59-d3bf-4b41-8c56-e8d499e046f0,pt,Funcionários,9.0,2026-03-31 16:22:37.269406+01
385,62459c09-88b5-4756-9b46-4d8d642c335d,2d5fdc59-d3bf-4b41-8c56-e8d499e046f0,pt,Comodidades,9.2,2026-03-31 16:22:37.269406+01
386,62459c09-88b5-4756-9b46-4d8d642c335d,2d5fdc59-d3bf-4b41-8c56-e8d499e046f0,pt,Limpeza,9.3,2026-03-31 16:22:37.269406+01
387,62459c09-88b5-4756-9b46-4d8d642c335d,2d5fdc59-d3bf-4b41-8c56-e8d499e046f0,pt,Conforto,9.4,2026-03-31 16:22:37.269406+01
388,62459c09-88b5-4756-9b46-4d8d642c335d,2d5fdc59-d3bf-4b41-8c56-e8d499e046f0,pt,Relação Qualidade/Preço,8.5,2026-03-31 16:22:37.269406+01
389,62459c09-88b5-4756-9b46-4d8d642c335d,2d5fdc59-d3bf-4b41-8c56-e8d499e046f0,pt,Localização,9.1,2026-03-31 16:22:37.269406+01
390,62459c09-88b5-4756-9b46-4d8d642c335d,2d5fdc59-d3bf-4b41-8c56-e8d499e046f0,pt,Wi-Fi gratuito,10,2026-03-31 16:22:37.269406+01
391,0213d7a0-ddec-4cd8-992c-643481b2e98f,ed56a1a9-066e-40f3-a481-8754e9e67641,en,Staff,7.4,2026-03-31 16:23:20.177911+01
392,0213d7a0-ddec-4cd8-992c-643481b2e98f,ed56a1a9-066e-40f3-a481-8754e9e67641,en,Facilities,6.9,2026-03-31 16:23:20.177911+01
393,0213d7a0-ddec-4cd8-992c-643481b2e98f,ed56a1a9-066e-40f3-a481-8754e9e67641,en,Cleanliness,7.1,2026-03-31 16:23:20.177911+01
394,0213d7a0-ddec-4cd8-992c-643481b2e98f,ed56a1a9-066e-40f3-a481-8754e9e67641,en,Comfort,7.2,2026-03-31 16:23:20.177911+01
395,0213d7a0-ddec-4cd8-992c-643481b2e98f,ed56a1a9-066e-40f3-a481-8754e9e67641,en,Value for money,7.1,2026-03-31 16:23:20.177911+01
396,0213d7a0-ddec-4cd8-992c-643481b2e98f,ed56a1a9-066e-40f3-a481-8754e9e67641,en,Location,8.7,2026-03-31 16:23:20.177911+01
397,0213d7a0-ddec-4cd8-992c-643481b2e98f,ed56a1a9-066e-40f3-a481-8754e9e67641,en,Free WiFi,7.0,2026-03-31 16:23:20.177911+01
398,64bb98c5-8450-49c9-9fa4-ee905f88962a,9ca27c7f-b2ec-44bd-9cf2-4689ba4e9b2c,en,Staff,9.2,2026-03-31 16:23:55.642537+01
399,64bb98c5-8450-49c9-9fa4-ee905f88962a,9ca27c7f-b2ec-44bd-9cf2-4689ba4e9b2c,en,Facilities,8.5,2026-03-31 16:23:55.642537+01
400,64bb98c5-8450-49c9-9fa4-ee905f88962a,9ca27c7f-b2ec-44bd-9cf2-4689ba4e9b2c,en,Cleanliness,8.8,2026-03-31 16:23:55.642537+01
401,64bb98c5-8450-49c9-9fa4-ee905f88962a,9ca27c7f-b2ec-44bd-9cf2-4689ba4e9b2c,en,Comfort,8.9,2026-03-31 16:23:55.642537+01
402,64bb98c5-8450-49c9-9fa4-ee905f88962a,9ca27c7f-b2ec-44bd-9cf2-4689ba4e9b2c,en,Value for money,8.3,2026-03-31 16:23:55.642537+01
403,64bb98c5-8450-49c9-9fa4-ee905f88962a,9ca27c7f-b2ec-44bd-9cf2-4689ba4e9b2c,en,Location,9.5,2026-03-31 16:23:55.642537+01
404,64bb98c5-8450-49c9-9fa4-ee905f88962a,9ca27c7f-b2ec-44bd-9cf2-4689ba4e9b2c,en,Free WiFi,8.0,2026-03-31 16:23:55.642537+01
405,5c45e51f-e741-4271-8110-415fc865b51c,ed56a1a9-066e-40f3-a481-8754e9e67641,es,Personal,7.4,2026-03-31 16:24:30.537761+01
406,5c45e51f-e741-4271-8110-415fc865b51c,ed56a1a9-066e-40f3-a481-8754e9e67641,es,Instalaciones y servicios,6.9,2026-03-31 16:24:30.537761+01
407,5c45e51f-e741-4271-8110-415fc865b51c,ed56a1a9-066e-40f3-a481-8754e9e67641,es,Limpieza,7.1,2026-03-31 16:24:30.537761+01
408,5c45e51f-e741-4271-8110-415fc865b51c,ed56a1a9-066e-40f3-a481-8754e9e67641,es,Confort,7.2,2026-03-31 16:24:30.537761+01
409,5c45e51f-e741-4271-8110-415fc865b51c,ed56a1a9-066e-40f3-a481-8754e9e67641,es,Relación calidad-precio,7.1,2026-03-31 16:24:30.537761+01
410,5c45e51f-e741-4271-8110-415fc865b51c,ed56a1a9-066e-40f3-a481-8754e9e67641,es,Ubicación,8.7,2026-03-31 16:24:30.537761+01
411,5c45e51f-e741-4271-8110-415fc865b51c,ed56a1a9-066e-40f3-a481-8754e9e67641,es,WiFi gratis,7.0,2026-03-31 16:24:30.537761+01
412,c072d579-c341-431f-9945-e36693391ed8,9ca27c7f-b2ec-44bd-9cf2-4689ba4e9b2c,es,Personal,9.2,2026-03-31 16:25:05.248649+01
413,c072d579-c341-431f-9945-e36693391ed8,9ca27c7f-b2ec-44bd-9cf2-4689ba4e9b2c,es,Instalaciones y servicios,8.5,2026-03-31 16:25:05.248649+01
414,c072d579-c341-431f-9945-e36693391ed8,9ca27c7f-b2ec-44bd-9cf2-4689ba4e9b2c,es,Limpieza,8.8,2026-03-31 16:25:05.248649+01
415,c072d579-c341-431f-9945-e36693391ed8,9ca27c7f-b2ec-44bd-9cf2-4689ba4e9b2c,es,Confort,8.9,2026-03-31 16:25:05.248649+01
416,c072d579-c341-431f-9945-e36693391ed8,9ca27c7f-b2ec-44bd-9cf2-4689ba4e9b2c,es,Relación calidad-precio,8.3,2026-03-31 16:25:05.248649+01
417,c072d579-c341-431f-9945-e36693391ed8,9ca27c7f-b2ec-44bd-9cf2-4689ba4e9b2c,es,Ubicación,9.5,2026-03-31 16:25:05.248649+01
418,c072d579-c341-431f-9945-e36693391ed8,9ca27c7f-b2ec-44bd-9cf2-4689ba4e9b2c,es,WiFi gratis,8.0,2026-03-31 16:25:05.248649+01
419,abbba992-398b-49d5-a832-defa7252c77a,ed56a1a9-066e-40f3-a481-8754e9e67641,de,Hotelpersonal,7.4,2026-03-31 16:25:39.70113+01
420,abbba992-398b-49d5-a832-defa7252c77a,ed56a1a9-066e-40f3-a481-8754e9e67641,de,Ausstattung,6.9,2026-03-31 16:25:39.70113+01
421,abbba992-398b-49d5-a832-defa7252c77a,ed56a1a9-066e-40f3-a481-8754e9e67641,de,Sauberkeit,7.1,2026-03-31 16:25:39.70113+01
422,abbba992-398b-49d5-a832-defa7252c77a,ed56a1a9-066e-40f3-a481-8754e9e67641,de,Komfort,7.2,2026-03-31 16:25:39.70113+01
423,abbba992-398b-49d5-a832-defa7252c77a,ed56a1a9-066e-40f3-a481-8754e9e67641,de,Preis-Leistungs-Verhältnis,7.1,2026-03-31 16:25:39.70113+01
424,abbba992-398b-49d5-a832-defa7252c77a,ed56a1a9-066e-40f3-a481-8754e9e67641,de,Lage,8.7,2026-03-31 16:25:39.70113+01
425,abbba992-398b-49d5-a832-defa7252c77a,ed56a1a9-066e-40f3-a481-8754e9e67641,de,Kostenfreies WLAN,7.0,2026-03-31 16:25:39.70113+01
426,a409e6ac-807a-49d1-bb11-3877a2336332,9ca27c7f-b2ec-44bd-9cf2-4689ba4e9b2c,de,Hotelpersonal,9.2,2026-03-31 16:26:14.66058+01
427,a409e6ac-807a-49d1-bb11-3877a2336332,9ca27c7f-b2ec-44bd-9cf2-4689ba4e9b2c,de,Ausstattung,8.5,2026-03-31 16:26:14.66058+01
428,a409e6ac-807a-49d1-bb11-3877a2336332,9ca27c7f-b2ec-44bd-9cf2-4689ba4e9b2c,de,Sauberkeit,8.8,2026-03-31 16:26:14.66058+01
429,a409e6ac-807a-49d1-bb11-3877a2336332,9ca27c7f-b2ec-44bd-9cf2-4689ba4e9b2c,de,Komfort,8.9,2026-03-31 16:26:14.66058+01
430,a409e6ac-807a-49d1-bb11-3877a2336332,9ca27c7f-b2ec-44bd-9cf2-4689ba4e9b2c,de,Preis-Leistungs-Verhältnis,8.3,2026-03-31 16:26:14.66058+01
431,a409e6ac-807a-49d1-bb11-3877a2336332,9ca27c7f-b2ec-44bd-9cf2-4689ba4e9b2c,de,Lage,9.5,2026-03-31 16:26:14.66058+01
432,a409e6ac-807a-49d1-bb11-3877a2336332,9ca27c7f-b2ec-44bd-9cf2-4689ba4e9b2c,de,Kostenfreies WLAN,8.0,2026-03-31 16:26:14.66058+01
433,0df98d8d-1a7c-4667-bc4b-1a34329d4eb8,ed56a1a9-066e-40f3-a481-8754e9e67641,it,Staff,7.4,2026-03-31 16:26:49.345939+01
434,0df98d8d-1a7c-4667-bc4b-1a34329d4eb8,ed56a1a9-066e-40f3-a481-8754e9e67641,it,Servizi,6.9,2026-03-31 16:26:49.345939+01
435,0df98d8d-1a7c-4667-bc4b-1a34329d4eb8,ed56a1a9-066e-40f3-a481-8754e9e67641,it,Pulizia,7.1,2026-03-31 16:26:49.345939+01
436,0df98d8d-1a7c-4667-bc4b-1a34329d4eb8,ed56a1a9-066e-40f3-a481-8754e9e67641,it,Comfort,7.2,2026-03-31 16:26:49.345939+01
437,0df98d8d-1a7c-4667-bc4b-1a34329d4eb8,ed56a1a9-066e-40f3-a481-8754e9e67641,it,Rapporto qualità-prezzo,7.1,2026-03-31 16:26:49.345939+01
438,0df98d8d-1a7c-4667-bc4b-1a34329d4eb8,ed56a1a9-066e-40f3-a481-8754e9e67641,it,Posizione,8.7,2026-03-31 16:26:49.345939+01
439,0df98d8d-1a7c-4667-bc4b-1a34329d4eb8,ed56a1a9-066e-40f3-a481-8754e9e67641,it,WiFi gratuito,7.0,2026-03-31 16:26:49.345939+01
440,746b25e8-9348-4d85-b9b2-00c0d037912f,9ca27c7f-b2ec-44bd-9cf2-4689ba4e9b2c,it,Staff,9.2,2026-03-31 16:27:24.367359+01
441,746b25e8-9348-4d85-b9b2-00c0d037912f,9ca27c7f-b2ec-44bd-9cf2-4689ba4e9b2c,it,Servizi,8.5,2026-03-31 16:27:24.367359+01
442,746b25e8-9348-4d85-b9b2-00c0d037912f,9ca27c7f-b2ec-44bd-9cf2-4689ba4e9b2c,it,Pulizia,8.8,2026-03-31 16:27:24.367359+01
443,746b25e8-9348-4d85-b9b2-00c0d037912f,9ca27c7f-b2ec-44bd-9cf2-4689ba4e9b2c,it,Comfort,8.9,2026-03-31 16:27:24.367359+01
444,746b25e8-9348-4d85-b9b2-00c0d037912f,9ca27c7f-b2ec-44bd-9cf2-4689ba4e9b2c,it,Rapporto qualità-prezzo,8.3,2026-03-31 16:27:24.367359+01
445,746b25e8-9348-4d85-b9b2-00c0d037912f,9ca27c7f-b2ec-44bd-9cf2-4689ba4e9b2c,it,Posizione,9.5,2026-03-31 16:27:24.367359+01
446,746b25e8-9348-4d85-b9b2-00c0d037912f,9ca27c7f-b2ec-44bd-9cf2-4689ba4e9b2c,it,WiFi gratuito,8.0,2026-03-31 16:27:24.367359+01
447,133350db-e2e2-4122-9da1-066a0bb1f467,ed56a1a9-066e-40f3-a481-8754e9e67641,fr,Personnel,7.4,2026-03-31 16:27:58.833695+01
448,133350db-e2e2-4122-9da1-066a0bb1f467,ed56a1a9-066e-40f3-a481-8754e9e67641,fr,Équipements,6.9,2026-03-31 16:27:58.833695+01
449,133350db-e2e2-4122-9da1-066a0bb1f467,ed56a1a9-066e-40f3-a481-8754e9e67641,fr,Propreté,7.1,2026-03-31 16:27:58.833695+01
450,133350db-e2e2-4122-9da1-066a0bb1f467,ed56a1a9-066e-40f3-a481-8754e9e67641,fr,Confort,7.2,2026-03-31 16:27:58.833695+01
451,133350db-e2e2-4122-9da1-066a0bb1f467,ed56a1a9-066e-40f3-a481-8754e9e67641,fr,Rapport qualité/prix,7.1,2026-03-31 16:27:58.833695+01
452,133350db-e2e2-4122-9da1-066a0bb1f467,ed56a1a9-066e-40f3-a481-8754e9e67641,fr,Situation géographique,8.7,2026-03-31 16:27:58.833695+01
453,133350db-e2e2-4122-9da1-066a0bb1f467,ed56a1a9-066e-40f3-a481-8754e9e67641,fr,Connexion Wi-Fi gratuite,7.0,2026-03-31 16:27:58.833695+01
454,aadd374b-597b-40ee-b02b-78b945016df5,9ca27c7f-b2ec-44bd-9cf2-4689ba4e9b2c,fr,Personnel,9.2,2026-03-31 16:28:33.347199+01
455,aadd374b-597b-40ee-b02b-78b945016df5,9ca27c7f-b2ec-44bd-9cf2-4689ba4e9b2c,fr,Équipements,8.5,2026-03-31 16:28:33.347199+01
456,aadd374b-597b-40ee-b02b-78b945016df5,9ca27c7f-b2ec-44bd-9cf2-4689ba4e9b2c,fr,Propreté,8.8,2026-03-31 16:28:33.347199+01
457,aadd374b-597b-40ee-b02b-78b945016df5,9ca27c7f-b2ec-44bd-9cf2-4689ba4e9b2c,fr,Confort,8.9,2026-03-31 16:28:33.347199+01
458,aadd374b-597b-40ee-b02b-78b945016df5,9ca27c7f-b2ec-44bd-9cf2-4689ba4e9b2c,fr,Rapport qualité/prix,8.3,2026-03-31 16:28:33.347199+01
459,aadd374b-597b-40ee-b02b-78b945016df5,9ca27c7f-b2ec-44bd-9cf2-4689ba4e9b2c,fr,Situation géographique,9.5,2026-03-31 16:28:33.347199+01
460,aadd374b-597b-40ee-b02b-78b945016df5,9ca27c7f-b2ec-44bd-9cf2-4689ba4e9b2c,fr,Connexion Wi-Fi gratuite,8.0,2026-03-31 16:28:33.347199+01
461,1cb9ccf2-830d-4bdd-964d-09ce97c7d709,ed56a1a9-066e-40f3-a481-8754e9e67641,pt,Funcionários,7.4,2026-03-31 16:29:08.096239+01
462,1cb9ccf2-830d-4bdd-964d-09ce97c7d709,ed56a1a9-066e-40f3-a481-8754e9e67641,pt,Comodidades,6.9,2026-03-31 16:29:08.096239+01
463,1cb9ccf2-830d-4bdd-964d-09ce97c7d709,ed56a1a9-066e-40f3-a481-8754e9e67641,pt,Limpeza,7.1,2026-03-31 16:29:08.096239+01
464,1cb9ccf2-830d-4bdd-964d-09ce97c7d709,ed56a1a9-066e-40f3-a481-8754e9e67641,pt,Conforto,7.2,2026-03-31 16:29:08.096239+01
465,1cb9ccf2-830d-4bdd-964d-09ce97c7d709,ed56a1a9-066e-40f3-a481-8754e9e67641,pt,Relação Qualidade/Preço,7.1,2026-03-31 16:29:08.096239+01
466,1cb9ccf2-830d-4bdd-964d-09ce97c7d709,ed56a1a9-066e-40f3-a481-8754e9e67641,pt,Localização,8.7,2026-03-31 16:29:08.096239+01
467,1cb9ccf2-830d-4bdd-964d-09ce97c7d709,ed56a1a9-066e-40f3-a481-8754e9e67641,pt,Wi-Fi gratuito,7.0,2026-03-31 16:29:08.096239+01
468,f4d74a51-ea1b-4361-b8ba-050c7243f0b6,9ca27c7f-b2ec-44bd-9cf2-4689ba4e9b2c,pt,Funcionários,9.2,2026-03-31 16:29:43.059275+01
469,f4d74a51-ea1b-4361-b8ba-050c7243f0b6,9ca27c7f-b2ec-44bd-9cf2-4689ba4e9b2c,pt,Comodidades,8.5,2026-03-31 16:29:43.059275+01
470,f4d74a51-ea1b-4361-b8ba-050c7243f0b6,9ca27c7f-b2ec-44bd-9cf2-4689ba4e9b2c,pt,Limpeza,8.8,2026-03-31 16:29:43.059275+01
471,f4d74a51-ea1b-4361-b8ba-050c7243f0b6,9ca27c7f-b2ec-44bd-9cf2-4689ba4e9b2c,pt,Conforto,8.9,2026-03-31 16:29:43.059275+01
472,f4d74a51-ea1b-4361-b8ba-050c7243f0b6,9ca27c7f-b2ec-44bd-9cf2-4689ba4e9b2c,pt,Relação Qualidade/Preço,8.3,2026-03-31 16:29:43.059275+01
473,f4d74a51-ea1b-4361-b8ba-050c7243f0b6,9ca27c7f-b2ec-44bd-9cf2-4689ba4e9b2c,pt,Localização,9.5,2026-03-31 16:29:43.059275+01
474,f4d74a51-ea1b-4361-b8ba-050c7243f0b6,9ca27c7f-b2ec-44bd-9cf2-4689ba4e9b2c,pt,Wi-Fi gratuito,8.0,2026-03-31 16:29:43.059275+01
475,145c407e-e694-4dc4-95b0-68b68b77885b,7a679640-d0ad-41e0-bbf3-e5b39aa7be7c,en,Staff,8.9,2026-03-31 16:30:25.826169+01
476,145c407e-e694-4dc4-95b0-68b68b77885b,7a679640-d0ad-41e0-bbf3-e5b39aa7be7c,en,Facilities,8.4,2026-03-31 16:30:25.826169+01
477,145c407e-e694-4dc4-95b0-68b68b77885b,7a679640-d0ad-41e0-bbf3-e5b39aa7be7c,en,Cleanliness,8.8,2026-03-31 16:30:25.826169+01
478,145c407e-e694-4dc4-95b0-68b68b77885b,7a679640-d0ad-41e0-bbf3-e5b39aa7be7c,en,Comfort,8.6,2026-03-31 16:30:25.826169+01
479,145c407e-e694-4dc4-95b0-68b68b77885b,7a679640-d0ad-41e0-bbf3-e5b39aa7be7c,en,Value for money,8.3,2026-03-31 16:30:25.826169+01
480,145c407e-e694-4dc4-95b0-68b68b77885b,7a679640-d0ad-41e0-bbf3-e5b39aa7be7c,en,Location,8.8,2026-03-31 16:30:25.826169+01
481,145c407e-e694-4dc4-95b0-68b68b77885b,7a679640-d0ad-41e0-bbf3-e5b39aa7be7c,en,Free WiFi,8.1,2026-03-31 16:30:25.826169+01
482,9355fbce-3cbd-419d-ac93-8b2f3f59162b,7a679640-d0ad-41e0-bbf3-e5b39aa7be7c,es,Personal,8.9,2026-03-31 16:31:18.228038+01
483,9355fbce-3cbd-419d-ac93-8b2f3f59162b,7a679640-d0ad-41e0-bbf3-e5b39aa7be7c,es,Instalaciones y servicios,8.4,2026-03-31 16:31:18.228038+01
484,9355fbce-3cbd-419d-ac93-8b2f3f59162b,7a679640-d0ad-41e0-bbf3-e5b39aa7be7c,es,Limpieza,8.8,2026-03-31 16:31:18.228038+01
485,9355fbce-3cbd-419d-ac93-8b2f3f59162b,7a679640-d0ad-41e0-bbf3-e5b39aa7be7c,es,Confort,8.6,2026-03-31 16:31:18.228038+01
486,9355fbce-3cbd-419d-ac93-8b2f3f59162b,7a679640-d0ad-41e0-bbf3-e5b39aa7be7c,es,Relación calidad-precio,8.3,2026-03-31 16:31:18.228038+01
487,9355fbce-3cbd-419d-ac93-8b2f3f59162b,7a679640-d0ad-41e0-bbf3-e5b39aa7be7c,es,Ubicación,8.8,2026-03-31 16:31:18.228038+01
488,9355fbce-3cbd-419d-ac93-8b2f3f59162b,7a679640-d0ad-41e0-bbf3-e5b39aa7be7c,es,WiFi gratis,8.1,2026-03-31 16:31:18.228038+01
489,4f8063e2-c501-4334-8d5a-a0a3f3bdf7fa,7a679640-d0ad-41e0-bbf3-e5b39aa7be7c,de,Hotelpersonal,8.9,2026-03-31 16:32:11.116147+01
490,4f8063e2-c501-4334-8d5a-a0a3f3bdf7fa,7a679640-d0ad-41e0-bbf3-e5b39aa7be7c,de,Ausstattung,8.4,2026-03-31 16:32:11.116147+01
491,4f8063e2-c501-4334-8d5a-a0a3f3bdf7fa,7a679640-d0ad-41e0-bbf3-e5b39aa7be7c,de,Sauberkeit,8.8,2026-03-31 16:32:11.116147+01
492,4f8063e2-c501-4334-8d5a-a0a3f3bdf7fa,7a679640-d0ad-41e0-bbf3-e5b39aa7be7c,de,Komfort,8.6,2026-03-31 16:32:11.116147+01
493,4f8063e2-c501-4334-8d5a-a0a3f3bdf7fa,7a679640-d0ad-41e0-bbf3-e5b39aa7be7c,de,Preis-Leistungs-Verhältnis,8.3,2026-03-31 16:32:11.116147+01
494,4f8063e2-c501-4334-8d5a-a0a3f3bdf7fa,7a679640-d0ad-41e0-bbf3-e5b39aa7be7c,de,Lage,8.8,2026-03-31 16:32:11.116147+01
495,4f8063e2-c501-4334-8d5a-a0a3f3bdf7fa,7a679640-d0ad-41e0-bbf3-e5b39aa7be7c,de,Kostenfreies WLAN,8.1,2026-03-31 16:32:11.116147+01
496,d133259d-757f-4ce1-a491-acf71d7de1ba,7a679640-d0ad-41e0-bbf3-e5b39aa7be7c,it,Staff,8.9,2026-03-31 16:32:55.85394+01
497,d133259d-757f-4ce1-a491-acf71d7de1ba,7a679640-d0ad-41e0-bbf3-e5b39aa7be7c,it,Servizi,8.4,2026-03-31 16:32:55.85394+01
498,d133259d-757f-4ce1-a491-acf71d7de1ba,7a679640-d0ad-41e0-bbf3-e5b39aa7be7c,it,Pulizia,8.8,2026-03-31 16:32:55.85394+01
499,d133259d-757f-4ce1-a491-acf71d7de1ba,7a679640-d0ad-41e0-bbf3-e5b39aa7be7c,it,Comfort,8.6,2026-03-31 16:32:55.85394+01
500,d133259d-757f-4ce1-a491-acf71d7de1ba,7a679640-d0ad-41e0-bbf3-e5b39aa7be7c,it,Rapporto qualità-prezzo,8.3,2026-03-31 16:32:55.85394+01
501,d133259d-757f-4ce1-a491-acf71d7de1ba,7a679640-d0ad-41e0-bbf3-e5b39aa7be7c,it,Posizione,8.8,2026-03-31 16:32:55.85394+01
502,d133259d-757f-4ce1-a491-acf71d7de1ba,7a679640-d0ad-41e0-bbf3-e5b39aa7be7c,it,WiFi gratuito,8.1,2026-03-31 16:32:55.85394+01
503,12d11d19-09de-45d4-8606-98eb629dbbad,7a679640-d0ad-41e0-bbf3-e5b39aa7be7c,fr,Personnel,8.9,2026-03-31 16:33:41.054347+01
504,12d11d19-09de-45d4-8606-98eb629dbbad,7a679640-d0ad-41e0-bbf3-e5b39aa7be7c,fr,Équipements,8.4,2026-03-31 16:33:41.054347+01
505,12d11d19-09de-45d4-8606-98eb629dbbad,7a679640-d0ad-41e0-bbf3-e5b39aa7be7c,fr,Propreté,8.8,2026-03-31 16:33:41.054347+01
506,12d11d19-09de-45d4-8606-98eb629dbbad,7a679640-d0ad-41e0-bbf3-e5b39aa7be7c,fr,Confort,8.6,2026-03-31 16:33:41.054347+01
507,12d11d19-09de-45d4-8606-98eb629dbbad,7a679640-d0ad-41e0-bbf3-e5b39aa7be7c,fr,Rapport qualité/prix,8.3,2026-03-31 16:33:41.054347+01
508,12d11d19-09de-45d4-8606-98eb629dbbad,7a679640-d0ad-41e0-bbf3-e5b39aa7be7c,fr,Situation géographique,8.8,2026-03-31 16:33:41.054347+01
509,12d11d19-09de-45d4-8606-98eb629dbbad,7a679640-d0ad-41e0-bbf3-e5b39aa7be7c,fr,Connexion Wi-Fi gratuite,8.1,2026-03-31 16:33:41.054347+01
510,9888b203-747c-4768-afe1-566ad3d002b3,7a679640-d0ad-41e0-bbf3-e5b39aa7be7c,pt,Funcionários,8.9,2026-03-31 16:34:26.277569+01
511,9888b203-747c-4768-afe1-566ad3d002b3,7a679640-d0ad-41e0-bbf3-e5b39aa7be7c,pt,Comodidades,8.4,2026-03-31 16:34:26.277569+01
512,9888b203-747c-4768-afe1-566ad3d002b3,7a679640-d0ad-41e0-bbf3-e5b39aa7be7c,pt,Limpeza,8.8,2026-03-31 16:34:26.277569+01
513,9888b203-747c-4768-afe1-566ad3d002b3,7a679640-d0ad-41e0-bbf3-e5b39aa7be7c,pt,Conforto,8.6,2026-03-31 16:34:26.277569+01
514,9888b203-747c-4768-afe1-566ad3d002b3,7a679640-d0ad-41e0-bbf3-e5b39aa7be7c,pt,Relação Qualidade/Preço,8.3,2026-03-31 16:34:26.277569+01
515,9888b203-747c-4768-afe1-566ad3d002b3,7a679640-d0ad-41e0-bbf3-e5b39aa7be7c,pt,Localização,8.8,2026-03-31 16:34:26.277569+01
516,9888b203-747c-4768-afe1-566ad3d002b3,7a679640-d0ad-41e0-bbf3-e5b39aa7be7c,pt,Wi-Fi gratuito,8.1,2026-03-31 16:34:26.277569+01
