id,hotel_id,url_id,language,popular_service,created_at
1,3149fbb9-80ce-4fb7-9258-2a7fc674bac9,3e7e9719-a327-4e60-aec0-134888f7c8c5,en,2 swimming pools,2026-03-31 01:33:55.480601+01
2,3149fbb9-80ce-4fb7-9258-2a7fc674bac9,3e7e9719-a327-4e60-aec0-134888f7c8c5,en,Free WiFi,2026-03-31 01:33:55.480601+01
3,3149fbb9-80ce-4fb7-9258-2a7fc674bac9,3e7e9719-a327-4e60-aec0-134888f7c8c5,en,Airport shuttle,2026-03-31 01:33:55.480601+01
4,3149fbb9-80ce-4fb7-9258-2a7fc674bac9,3e7e9719-a327-4e60-aec0-134888f7c8c5,en,Family rooms,2026-03-31 01:33:55.480601+01
5,3149fbb9-80ce-4fb7-9258-2a7fc674bac9,3e7e9719-a327-4e60-aec0-134888f7c8c5,en,8 restaurants,2026-03-31 01:33:55.480601+01
6,3149fbb9-80ce-4fb7-9258-2a7fc674bac9,3e7e9719-a327-4e60-aec0-134888f7c8c5,en,Tea/coffee maker in all rooms,2026-03-31 01:33:55.480601+01
7,3149fbb9-80ce-4fb7-9258-2a7fc674bac9,3e7e9719-a327-4e60-aec0-134888f7c8c5,en,Bar,2026-03-31 01:33:55.480601+01
8,3149fbb9-80ce-4fb7-9258-2a7fc674bac9,3e7e9719-a327-4e60-aec0-134888f7c8c5,en,Beachfront,2026-03-31 01:33:55.480601+01
9,3149fbb9-80ce-4fb7-9258-2a7fc674bac9,3e7e9719-a327-4e60-aec0-134888f7c8c5,en,Private beach area,2026-03-31 01:33:55.480601+01
10,3149fbb9-80ce-4fb7-9258-2a7fc674bac9,3e7e9719-a327-4e60-aec0-134888f7c8c5,en,Breakfast,2026-03-31 01:33:55.480601+01
11,a252a9a5-f443-44de-ae73-eb66ee94c985,9741ddcc-367b-4a8a-9f50-db35a7cd6533,en,Breakfast,2026-03-31 01:34:31.284999+01
12,d835fd9c-9878-4f08-8873-a7852755f905,3e7e9719-a327-4e60-aec0-134888f7c8c5,es,2 piscinas,2026-03-31 01:35:06.954426+01
13,d835fd9c-9878-4f08-8873-a7852755f905,3e7e9719-a327-4e60-aec0-134888f7c8c5,es,WiFi gratis,2026-03-31 01:35:06.954426+01
14,d835fd9c-9878-4f08-8873-a7852755f905,3e7e9719-a327-4e60-aec0-134888f7c8c5,es,Traslado aeropuerto,2026-03-31 01:35:06.954426+01
15,d835fd9c-9878-4f08-8873-a7852755f905,3e7e9719-a327-4e60-aec0-134888f7c8c5,es,Habitaciones familiares,2026-03-31 01:35:06.954426+01
16,d835fd9c-9878-4f08-8873-a7852755f905,3e7e9719-a327-4e60-aec0-134888f7c8c5,es,8 restaurantes,2026-03-31 01:35:06.954426+01
17,d835fd9c-9878-4f08-8873-a7852755f905,3e7e9719-a327-4e60-aec0-134888f7c8c5,es,Tetera/cafetera en todas las habitaciones,2026-03-31 01:35:06.954426+01
18,d835fd9c-9878-4f08-8873-a7852755f905,3e7e9719-a327-4e60-aec0-134888f7c8c5,es,Bar,2026-03-31 01:35:06.954426+01
19,d835fd9c-9878-4f08-8873-a7852755f905,3e7e9719-a327-4e60-aec0-134888f7c8c5,es,Situado frente a la playa,2026-03-31 01:35:06.954426+01
20,d835fd9c-9878-4f08-8873-a7852755f905,3e7e9719-a327-4e60-aec0-134888f7c8c5,es,Zona privada de playa,2026-03-31 01:35:06.954426+01
21,d835fd9c-9878-4f08-8873-a7852755f905,3e7e9719-a327-4e60-aec0-134888f7c8c5,es,Desayuno,2026-03-31 01:35:06.954426+01
22,6db56c1c-e149-4d60-920e-a2d5672c4706,9741ddcc-367b-4a8a-9f50-db35a7cd6533,es,Desayuno,2026-03-31 01:35:41.804863+01
23,c10bf3bc-dc5d-4782-9416-67d9b3c726e7,3e7e9719-a327-4e60-aec0-134888f7c8c5,de,2 Pools,2026-03-31 01:36:16.826729+01
24,c10bf3bc-dc5d-4782-9416-67d9b3c726e7,3e7e9719-a327-4e60-aec0-134888f7c8c5,de,WLAN inklusive,2026-03-31 01:36:16.826729+01
25,c10bf3bc-dc5d-4782-9416-67d9b3c726e7,3e7e9719-a327-4e60-aec0-134888f7c8c5,de,Flughafenshuttle,2026-03-31 01:36:16.826729+01
26,c10bf3bc-dc5d-4782-9416-67d9b3c726e7,3e7e9719-a327-4e60-aec0-134888f7c8c5,de,Familienzimmer,2026-03-31 01:36:16.826729+01
27,c10bf3bc-dc5d-4782-9416-67d9b3c726e7,3e7e9719-a327-4e60-aec0-134888f7c8c5,de,8 Restaurants,2026-03-31 01:36:16.826729+01
28,c10bf3bc-dc5d-4782-9416-67d9b3c726e7,3e7e9719-a327-4e60-aec0-134888f7c8c5,de,Kaffee- und Teezubehör in allen Zimmern,2026-03-31 01:36:16.826729+01
29,c10bf3bc-dc5d-4782-9416-67d9b3c726e7,3e7e9719-a327-4e60-aec0-134888f7c8c5,de,Bar,2026-03-31 01:36:16.826729+01
30,c10bf3bc-dc5d-4782-9416-67d9b3c726e7,3e7e9719-a327-4e60-aec0-134888f7c8c5,de,am Strand,2026-03-31 01:36:16.826729+01
31,c10bf3bc-dc5d-4782-9416-67d9b3c726e7,3e7e9719-a327-4e60-aec0-134888f7c8c5,de,Privater Strand,2026-03-31 01:36:16.826729+01
32,c10bf3bc-dc5d-4782-9416-67d9b3c726e7,3e7e9719-a327-4e60-aec0-134888f7c8c5,de,Frühstück,2026-03-31 01:36:16.826729+01
33,c10bf3bc-dc5d-4782-9416-67d9b3c726e7,3e7e9719-a327-4e60-aec0-134888f7c8c5,de,172 Einrichtungen anzeigen,2026-03-31 01:36:16.826729+01
34,db768f41-5b81-4464-b7df-9570046ff855,9741ddcc-367b-4a8a-9f50-db35a7cd6533,de,Frühstück,2026-03-31 01:36:51.948908+01
35,db768f41-5b81-4464-b7df-9570046ff855,9741ddcc-367b-4a8a-9f50-db35a7cd6533,de,1 Einrichtung anzeigen,2026-03-31 01:36:51.948908+01
36,fb590585-d81d-401d-a2f5-6e11554ed96f,3e7e9719-a327-4e60-aec0-134888f7c8c5,it,2 piscine,2026-03-31 01:37:27.134417+01
37,fb590585-d81d-401d-a2f5-6e11554ed96f,3e7e9719-a327-4e60-aec0-134888f7c8c5,it,Connessione WiFi gratuita,2026-03-31 01:37:27.134417+01
38,fb590585-d81d-401d-a2f5-6e11554ed96f,3e7e9719-a327-4e60-aec0-134888f7c8c5,it,Navetta aeroportuale,2026-03-31 01:37:27.134417+01
39,fb590585-d81d-401d-a2f5-6e11554ed96f,3e7e9719-a327-4e60-aec0-134888f7c8c5,it,Disponibilità di camere familiari,2026-03-31 01:37:27.134417+01
40,fb590585-d81d-401d-a2f5-6e11554ed96f,3e7e9719-a327-4e60-aec0-134888f7c8c5,it,8 ristoranti,2026-03-31 01:37:27.134417+01
41,fb590585-d81d-401d-a2f5-6e11554ed96f,3e7e9719-a327-4e60-aec0-134888f7c8c5,it,bollitore tè / macchina caffè in tutte le camere,2026-03-31 01:37:27.134417+01
42,fb590585-d81d-401d-a2f5-6e11554ed96f,3e7e9719-a327-4e60-aec0-134888f7c8c5,it,Bar,2026-03-31 01:37:27.134417+01
43,fb590585-d81d-401d-a2f5-6e11554ed96f,3e7e9719-a327-4e60-aec0-134888f7c8c5,it,Fronte spiaggia,2026-03-31 01:37:27.134417+01
44,fb590585-d81d-401d-a2f5-6e11554ed96f,3e7e9719-a327-4e60-aec0-134888f7c8c5,it,Spiaggia privata,2026-03-31 01:37:27.134417+01
45,fb590585-d81d-401d-a2f5-6e11554ed96f,3e7e9719-a327-4e60-aec0-134888f7c8c5,it,Colazione,2026-03-31 01:37:27.134417+01
46,b9c7f0b0-0bca-4dfd-890d-db4a20e6919c,9741ddcc-367b-4a8a-9f50-db35a7cd6533,it,Colazione,2026-03-31 01:38:02.505956+01
47,b9c7f0b0-0bca-4dfd-890d-db4a20e6919c,9741ddcc-367b-4a8a-9f50-db35a7cd6533,it,Vedi 1 servizio,2026-03-31 01:38:02.505956+01
48,c3f3598b-b432-4d3e-8017-60aeef912e84,3e7e9719-a327-4e60-aec0-134888f7c8c5,fr,2 piscines,2026-03-31 01:38:37.985955+01
49,c3f3598b-b432-4d3e-8017-60aeef912e84,3e7e9719-a327-4e60-aec0-134888f7c8c5,fr,Connexion Wi-Fi gratuite,2026-03-31 01:38:37.985955+01
50,c3f3598b-b432-4d3e-8017-60aeef912e84,3e7e9719-a327-4e60-aec0-134888f7c8c5,fr,Navette aéroport,2026-03-31 01:38:37.985955+01
51,c3f3598b-b432-4d3e-8017-60aeef912e84,3e7e9719-a327-4e60-aec0-134888f7c8c5,fr,Chambres familiales,2026-03-31 01:38:37.985955+01
52,c3f3598b-b432-4d3e-8017-60aeef912e84,3e7e9719-a327-4e60-aec0-134888f7c8c5,fr,8 restaurants,2026-03-31 01:38:37.985955+01
53,c3f3598b-b432-4d3e-8017-60aeef912e84,3e7e9719-a327-4e60-aec0-134888f7c8c5,fr,Plateau/bouilloire dans tous les hébergements,2026-03-31 01:38:37.985955+01
54,c3f3598b-b432-4d3e-8017-60aeef912e84,3e7e9719-a327-4e60-aec0-134888f7c8c5,fr,Bar,2026-03-31 01:38:37.985955+01
55,c3f3598b-b432-4d3e-8017-60aeef912e84,3e7e9719-a327-4e60-aec0-134888f7c8c5,fr,En bord de plage,2026-03-31 01:38:37.985955+01
56,c3f3598b-b432-4d3e-8017-60aeef912e84,3e7e9719-a327-4e60-aec0-134888f7c8c5,fr,Plage privée,2026-03-31 01:38:37.985955+01
57,c3f3598b-b432-4d3e-8017-60aeef912e84,3e7e9719-a327-4e60-aec0-134888f7c8c5,fr,Petit-déjeuner,2026-03-31 01:38:37.985955+01
58,9c1509a2-6e92-4b06-9526-55cbe25b2520,9741ddcc-367b-4a8a-9f50-db35a7cd6533,fr,Petit-déjeuner,2026-03-31 01:39:13.448927+01
59,1e52941c-2f2d-4727-8918-ad324ec65ef0,3e7e9719-a327-4e60-aec0-134888f7c8c5,pt,2 piscinas,2026-03-31 01:39:49.714083+01
60,1e52941c-2f2d-4727-8918-ad324ec65ef0,3e7e9719-a327-4e60-aec0-134888f7c8c5,pt,Acesso Wi-Fi gratuito,2026-03-31 01:39:49.714083+01
61,1e52941c-2f2d-4727-8918-ad324ec65ef0,3e7e9719-a327-4e60-aec0-134888f7c8c5,pt,Transfer (aeroporto),2026-03-31 01:39:49.714083+01
62,1e52941c-2f2d-4727-8918-ad324ec65ef0,3e7e9719-a327-4e60-aec0-134888f7c8c5,pt,Quartos familiares,2026-03-31 01:39:49.714083+01
63,1e52941c-2f2d-4727-8918-ad324ec65ef0,3e7e9719-a327-4e60-aec0-134888f7c8c5,pt,8 restaurantes,2026-03-31 01:39:49.714083+01
64,1e52941c-2f2d-4727-8918-ad324ec65ef0,3e7e9719-a327-4e60-aec0-134888f7c8c5,pt,Comodidades para fazer chá e café em todos os quartos,2026-03-31 01:39:49.714083+01
65,1e52941c-2f2d-4727-8918-ad324ec65ef0,3e7e9719-a327-4e60-aec0-134888f7c8c5,pt,Bar,2026-03-31 01:39:49.714083+01
66,1e52941c-2f2d-4727-8918-ad324ec65ef0,3e7e9719-a327-4e60-aec0-134888f7c8c5,pt,Frente à praia,2026-03-31 01:39:49.714083+01
67,1e52941c-2f2d-4727-8918-ad324ec65ef0,3e7e9719-a327-4e60-aec0-134888f7c8c5,pt,Área de praia privada,2026-03-31 01:39:49.714083+01
68,1e52941c-2f2d-4727-8918-ad324ec65ef0,3e7e9719-a327-4e60-aec0-134888f7c8c5,pt,Pequeno-almoço,2026-03-31 01:39:49.714083+01
69,1e52941c-2f2d-4727-8918-ad324ec65ef0,3e7e9719-a327-4e60-aec0-134888f7c8c5,pt,Ver as 172 comodidades,2026-03-31 01:39:49.714083+01
70,9c1e754e-9d01-4462-9f72-6acbdc354743,9741ddcc-367b-4a8a-9f50-db35a7cd6533,pt,Pequeno-almoço,2026-03-31 01:40:25.230884+01
71,d7f053e1-23ab-4f83-8d83-7ef225954c44,5a5c36db-9ef2-4065-883b-40aa835e109c,en,Outdoor swimming pool,2026-03-31 01:41:07.642764+01
72,d7f053e1-23ab-4f83-8d83-7ef225954c44,5a5c36db-9ef2-4065-883b-40aa835e109c,en,Spa and wellness centre,2026-03-31 01:41:07.642764+01
73,d7f053e1-23ab-4f83-8d83-7ef225954c44,5a5c36db-9ef2-4065-883b-40aa835e109c,en,Restaurant,2026-03-31 01:41:07.642764+01
74,d7f053e1-23ab-4f83-8d83-7ef225954c44,5a5c36db-9ef2-4065-883b-40aa835e109c,en,Fitness centre,2026-03-31 01:41:07.642764+01
75,d7f053e1-23ab-4f83-8d83-7ef225954c44,5a5c36db-9ef2-4065-883b-40aa835e109c,en,Free WiFi,2026-03-31 01:41:07.642764+01
76,d7f053e1-23ab-4f83-8d83-7ef225954c44,5a5c36db-9ef2-4065-883b-40aa835e109c,en,Room service,2026-03-31 01:41:07.642764+01
77,d7f053e1-23ab-4f83-8d83-7ef225954c44,5a5c36db-9ef2-4065-883b-40aa835e109c,en,Free parking,2026-03-31 01:41:07.642764+01
78,d7f053e1-23ab-4f83-8d83-7ef225954c44,5a5c36db-9ef2-4065-883b-40aa835e109c,en,Tea/coffee maker in all rooms,2026-03-31 01:41:07.642764+01
79,d7f053e1-23ab-4f83-8d83-7ef225954c44,5a5c36db-9ef2-4065-883b-40aa835e109c,en,Bar,2026-03-31 01:41:07.642764+01
80,d7f053e1-23ab-4f83-8d83-7ef225954c44,5a5c36db-9ef2-4065-883b-40aa835e109c,en,Breakfast,2026-03-31 01:41:07.642764+01
81,b0ba52ea-7ec4-4d04-8d7a-a770a5decb90,bc65b18b-5557-4472-841f-64a22f0c7e82,en,Outdoor swimming pool,2026-03-31 01:41:42.835921+01
82,b0ba52ea-7ec4-4d04-8d7a-a770a5decb90,bc65b18b-5557-4472-841f-64a22f0c7e82,en,Airport shuttle (free),2026-03-31 01:41:42.835921+01
83,b0ba52ea-7ec4-4d04-8d7a-a770a5decb90,bc65b18b-5557-4472-841f-64a22f0c7e82,en,Fitness centre,2026-03-31 01:41:42.835921+01
84,b0ba52ea-7ec4-4d04-8d7a-a770a5decb90,bc65b18b-5557-4472-841f-64a22f0c7e82,en,Free WiFi,2026-03-31 01:41:42.835921+01
85,b0ba52ea-7ec4-4d04-8d7a-a770a5decb90,bc65b18b-5557-4472-841f-64a22f0c7e82,en,Spa and wellness centre,2026-03-31 01:41:42.835921+01
86,b0ba52ea-7ec4-4d04-8d7a-a770a5decb90,bc65b18b-5557-4472-841f-64a22f0c7e82,en,Facilities for disabled guests,2026-03-31 01:41:42.835921+01
87,b0ba52ea-7ec4-4d04-8d7a-a770a5decb90,bc65b18b-5557-4472-841f-64a22f0c7e82,en,Bar,2026-03-31 01:41:42.835921+01
88,b0ba52ea-7ec4-4d04-8d7a-a770a5decb90,bc65b18b-5557-4472-841f-64a22f0c7e82,en,Beachfront,2026-03-31 01:41:42.835921+01
89,b0ba52ea-7ec4-4d04-8d7a-a770a5decb90,bc65b18b-5557-4472-841f-64a22f0c7e82,en,Private beach area,2026-03-31 01:41:42.835921+01
90,b0ba52ea-7ec4-4d04-8d7a-a770a5decb90,bc65b18b-5557-4472-841f-64a22f0c7e82,en,Breakfast,2026-03-31 01:41:42.835921+01
91,276986b4-a0e9-4eba-ad61-446fc8195be5,5a5c36db-9ef2-4065-883b-40aa835e109c,es,Piscina al aire libre,2026-03-31 01:42:20.551352+01
92,276986b4-a0e9-4eba-ad61-446fc8195be5,5a5c36db-9ef2-4065-883b-40aa835e109c,es,Spa y centro de bienestar,2026-03-31 01:42:20.551352+01
93,276986b4-a0e9-4eba-ad61-446fc8195be5,5a5c36db-9ef2-4065-883b-40aa835e109c,es,Restaurante,2026-03-31 01:42:20.551352+01
94,276986b4-a0e9-4eba-ad61-446fc8195be5,5a5c36db-9ef2-4065-883b-40aa835e109c,es,Gimnasio,2026-03-31 01:42:20.551352+01
95,276986b4-a0e9-4eba-ad61-446fc8195be5,5a5c36db-9ef2-4065-883b-40aa835e109c,es,WiFi gratis,2026-03-31 01:42:20.551352+01
96,276986b4-a0e9-4eba-ad61-446fc8195be5,5a5c36db-9ef2-4065-883b-40aa835e109c,es,Servicio de habitaciones,2026-03-31 01:42:20.551352+01
97,276986b4-a0e9-4eba-ad61-446fc8195be5,5a5c36db-9ef2-4065-883b-40aa835e109c,es,Parking gratis,2026-03-31 01:42:20.551352+01
98,276986b4-a0e9-4eba-ad61-446fc8195be5,5a5c36db-9ef2-4065-883b-40aa835e109c,es,Tetera/cafetera en todas las habitaciones,2026-03-31 01:42:20.551352+01
99,276986b4-a0e9-4eba-ad61-446fc8195be5,5a5c36db-9ef2-4065-883b-40aa835e109c,es,Bar,2026-03-31 01:42:20.551352+01
100,276986b4-a0e9-4eba-ad61-446fc8195be5,5a5c36db-9ef2-4065-883b-40aa835e109c,es,Desayuno,2026-03-31 01:42:20.551352+01
101,9a5d19d8-cd87-465f-b649-1ae3d61becfd,bc65b18b-5557-4472-841f-64a22f0c7e82,es,Piscina al aire libre,2026-03-31 01:42:55.726883+01
102,9a5d19d8-cd87-465f-b649-1ae3d61becfd,bc65b18b-5557-4472-841f-64a22f0c7e82,es,Traslado aeropuerto (gratis),2026-03-31 01:42:55.726883+01
103,9a5d19d8-cd87-465f-b649-1ae3d61becfd,bc65b18b-5557-4472-841f-64a22f0c7e82,es,Gimnasio,2026-03-31 01:42:55.726883+01
104,9a5d19d8-cd87-465f-b649-1ae3d61becfd,bc65b18b-5557-4472-841f-64a22f0c7e82,es,WiFi gratis,2026-03-31 01:42:55.726883+01
105,9a5d19d8-cd87-465f-b649-1ae3d61becfd,bc65b18b-5557-4472-841f-64a22f0c7e82,es,Spa y centro de bienestar,2026-03-31 01:42:55.726883+01
106,9a5d19d8-cd87-465f-b649-1ae3d61becfd,bc65b18b-5557-4472-841f-64a22f0c7e82,es,Adaptado personas de movilidad reducida,2026-03-31 01:42:55.726883+01
107,9a5d19d8-cd87-465f-b649-1ae3d61becfd,bc65b18b-5557-4472-841f-64a22f0c7e82,es,Bar,2026-03-31 01:42:55.726883+01
108,9a5d19d8-cd87-465f-b649-1ae3d61becfd,bc65b18b-5557-4472-841f-64a22f0c7e82,es,Situado frente a la playa,2026-03-31 01:42:55.726883+01
109,9a5d19d8-cd87-465f-b649-1ae3d61becfd,bc65b18b-5557-4472-841f-64a22f0c7e82,es,Zona privada de playa,2026-03-31 01:42:55.726883+01
110,9a5d19d8-cd87-465f-b649-1ae3d61becfd,bc65b18b-5557-4472-841f-64a22f0c7e82,es,Desayuno,2026-03-31 01:42:55.726883+01
111,d8b1a7a0-ab19-4a41-88fa-bf778ea1d0df,5a5c36db-9ef2-4065-883b-40aa835e109c,de,Außenpool,2026-03-31 01:43:32.495632+01
112,d8b1a7a0-ab19-4a41-88fa-bf778ea1d0df,5a5c36db-9ef2-4065-883b-40aa835e109c,de,Spa & Wellnesscenter,2026-03-31 01:43:32.495632+01
113,d8b1a7a0-ab19-4a41-88fa-bf778ea1d0df,5a5c36db-9ef2-4065-883b-40aa835e109c,de,Restaurant,2026-03-31 01:43:32.495632+01
114,d8b1a7a0-ab19-4a41-88fa-bf778ea1d0df,5a5c36db-9ef2-4065-883b-40aa835e109c,de,Fitnesscenter,2026-03-31 01:43:32.495632+01
115,d8b1a7a0-ab19-4a41-88fa-bf778ea1d0df,5a5c36db-9ef2-4065-883b-40aa835e109c,de,WLAN inklusive,2026-03-31 01:43:32.495632+01
116,d8b1a7a0-ab19-4a41-88fa-bf778ea1d0df,5a5c36db-9ef2-4065-883b-40aa835e109c,de,Zimmerservice,2026-03-31 01:43:32.495632+01
117,d8b1a7a0-ab19-4a41-88fa-bf778ea1d0df,5a5c36db-9ef2-4065-883b-40aa835e109c,de,Parkplatz inbegriffen,2026-03-31 01:43:32.495632+01
118,d8b1a7a0-ab19-4a41-88fa-bf778ea1d0df,5a5c36db-9ef2-4065-883b-40aa835e109c,de,Kaffee- und Teezubehör in allen Zimmern,2026-03-31 01:43:32.495632+01
119,d8b1a7a0-ab19-4a41-88fa-bf778ea1d0df,5a5c36db-9ef2-4065-883b-40aa835e109c,de,Bar,2026-03-31 01:43:32.495632+01
120,d8b1a7a0-ab19-4a41-88fa-bf778ea1d0df,5a5c36db-9ef2-4065-883b-40aa835e109c,de,Frühstück,2026-03-31 01:43:32.495632+01
121,cb846a11-5d89-4333-968b-bb518b442e66,bc65b18b-5557-4472-841f-64a22f0c7e82,de,Außenpool,2026-03-31 01:44:07.646977+01
122,cb846a11-5d89-4333-968b-bb518b442e66,bc65b18b-5557-4472-841f-64a22f0c7e82,de,Flughafentransfer (kostenlos),2026-03-31 01:44:07.646977+01
123,cb846a11-5d89-4333-968b-bb518b442e66,bc65b18b-5557-4472-841f-64a22f0c7e82,de,Fitnesscenter,2026-03-31 01:44:07.646977+01
124,cb846a11-5d89-4333-968b-bb518b442e66,bc65b18b-5557-4472-841f-64a22f0c7e82,de,WLAN inklusive,2026-03-31 01:44:07.646977+01
125,cb846a11-5d89-4333-968b-bb518b442e66,bc65b18b-5557-4472-841f-64a22f0c7e82,de,Spa & Wellnesscenter,2026-03-31 01:44:07.646977+01
126,cb846a11-5d89-4333-968b-bb518b442e66,bc65b18b-5557-4472-841f-64a22f0c7e82,de,Einrichtungen für behinderte Gäste,2026-03-31 01:44:07.646977+01
127,cb846a11-5d89-4333-968b-bb518b442e66,bc65b18b-5557-4472-841f-64a22f0c7e82,de,Bar,2026-03-31 01:44:07.646977+01
128,cb846a11-5d89-4333-968b-bb518b442e66,bc65b18b-5557-4472-841f-64a22f0c7e82,de,am Strand,2026-03-31 01:44:07.646977+01
129,cb846a11-5d89-4333-968b-bb518b442e66,bc65b18b-5557-4472-841f-64a22f0c7e82,de,Privater Strand,2026-03-31 01:44:07.646977+01
130,cb846a11-5d89-4333-968b-bb518b442e66,bc65b18b-5557-4472-841f-64a22f0c7e82,de,Frühstück,2026-03-31 01:44:07.646977+01
131,cb846a11-5d89-4333-968b-bb518b442e66,bc65b18b-5557-4472-841f-64a22f0c7e82,de,101 Einrichtungen anzeigen,2026-03-31 01:44:07.646977+01
132,99e856ee-34fb-4161-bae8-0cbacc0639d7,5a5c36db-9ef2-4065-883b-40aa835e109c,it,Piscina scoperta,2026-03-31 01:44:45.576422+01
133,99e856ee-34fb-4161-bae8-0cbacc0639d7,5a5c36db-9ef2-4065-883b-40aa835e109c,it,Spa & centro benessere,2026-03-31 01:44:45.576422+01
134,99e856ee-34fb-4161-bae8-0cbacc0639d7,5a5c36db-9ef2-4065-883b-40aa835e109c,it,Ristorante,2026-03-31 01:44:45.576422+01
135,99e856ee-34fb-4161-bae8-0cbacc0639d7,5a5c36db-9ef2-4065-883b-40aa835e109c,it,Palestra,2026-03-31 01:44:45.576422+01
136,99e856ee-34fb-4161-bae8-0cbacc0639d7,5a5c36db-9ef2-4065-883b-40aa835e109c,it,Connessione WiFi gratuita,2026-03-31 01:44:45.576422+01
137,99e856ee-34fb-4161-bae8-0cbacc0639d7,5a5c36db-9ef2-4065-883b-40aa835e109c,it,Servizio in camera,2026-03-31 01:44:45.576422+01
138,99e856ee-34fb-4161-bae8-0cbacc0639d7,5a5c36db-9ef2-4065-883b-40aa835e109c,it,Parcheggio gratuito,2026-03-31 01:44:45.576422+01
139,99e856ee-34fb-4161-bae8-0cbacc0639d7,5a5c36db-9ef2-4065-883b-40aa835e109c,it,bollitore tè / macchina caffè in tutte le camere,2026-03-31 01:44:45.576422+01
140,99e856ee-34fb-4161-bae8-0cbacc0639d7,5a5c36db-9ef2-4065-883b-40aa835e109c,it,Bar,2026-03-31 01:44:45.576422+01
141,99e856ee-34fb-4161-bae8-0cbacc0639d7,5a5c36db-9ef2-4065-883b-40aa835e109c,it,Colazione,2026-03-31 01:44:45.576422+01
142,99e856ee-34fb-4161-bae8-0cbacc0639d7,5a5c36db-9ef2-4065-883b-40aa835e109c,it,Vedi tutti e 88 i servizi,2026-03-31 01:44:45.576422+01
143,bacd3eb9-bbb0-41e5-bd64-69993fe84b01,bc65b18b-5557-4472-841f-64a22f0c7e82,it,Piscina scoperta,2026-03-31 01:45:20.483674+01
144,bacd3eb9-bbb0-41e5-bd64-69993fe84b01,bc65b18b-5557-4472-841f-64a22f0c7e82,it,Navetta aeroportuale (gratuita),2026-03-31 01:45:20.483674+01
145,bacd3eb9-bbb0-41e5-bd64-69993fe84b01,bc65b18b-5557-4472-841f-64a22f0c7e82,it,Palestra,2026-03-31 01:45:20.483674+01
146,bacd3eb9-bbb0-41e5-bd64-69993fe84b01,bc65b18b-5557-4472-841f-64a22f0c7e82,it,Connessione WiFi gratuita,2026-03-31 01:45:20.483674+01
147,bacd3eb9-bbb0-41e5-bd64-69993fe84b01,bc65b18b-5557-4472-841f-64a22f0c7e82,it,Spa & centro benessere,2026-03-31 01:45:20.483674+01
148,bacd3eb9-bbb0-41e5-bd64-69993fe84b01,bc65b18b-5557-4472-841f-64a22f0c7e82,it,Camere/strutture per ospiti disabili,2026-03-31 01:45:20.483674+01
149,bacd3eb9-bbb0-41e5-bd64-69993fe84b01,bc65b18b-5557-4472-841f-64a22f0c7e82,it,Bar,2026-03-31 01:45:20.483674+01
150,bacd3eb9-bbb0-41e5-bd64-69993fe84b01,bc65b18b-5557-4472-841f-64a22f0c7e82,it,Fronte spiaggia,2026-03-31 01:45:20.483674+01
151,bacd3eb9-bbb0-41e5-bd64-69993fe84b01,bc65b18b-5557-4472-841f-64a22f0c7e82,it,Spiaggia privata,2026-03-31 01:45:20.483674+01
152,bacd3eb9-bbb0-41e5-bd64-69993fe84b01,bc65b18b-5557-4472-841f-64a22f0c7e82,it,Colazione,2026-03-31 01:45:20.483674+01
153,b30aaa8d-9319-4a15-8cb1-c4b0969c266e,5a5c36db-9ef2-4065-883b-40aa835e109c,fr,Piscine extérieure,2026-03-31 01:45:59.927828+01
154,b30aaa8d-9319-4a15-8cb1-c4b0969c266e,5a5c36db-9ef2-4065-883b-40aa835e109c,fr,Spa et centre de bien-être,2026-03-31 01:45:59.927828+01
155,b30aaa8d-9319-4a15-8cb1-c4b0969c266e,5a5c36db-9ef2-4065-883b-40aa835e109c,fr,Restaurant,2026-03-31 01:45:59.927828+01
156,b30aaa8d-9319-4a15-8cb1-c4b0969c266e,5a5c36db-9ef2-4065-883b-40aa835e109c,fr,Centre de remise en forme,2026-03-31 01:45:59.927828+01
157,b30aaa8d-9319-4a15-8cb1-c4b0969c266e,5a5c36db-9ef2-4065-883b-40aa835e109c,fr,Connexion Wi-Fi gratuite,2026-03-31 01:45:59.927828+01
158,b30aaa8d-9319-4a15-8cb1-c4b0969c266e,5a5c36db-9ef2-4065-883b-40aa835e109c,fr,Service d'étage,2026-03-31 01:45:59.927828+01
159,b30aaa8d-9319-4a15-8cb1-c4b0969c266e,5a5c36db-9ef2-4065-883b-40aa835e109c,fr,Parking gratuit,2026-03-31 01:45:59.927828+01
160,b30aaa8d-9319-4a15-8cb1-c4b0969c266e,5a5c36db-9ef2-4065-883b-40aa835e109c,fr,Plateau/bouilloire dans tous les hébergements,2026-03-31 01:45:59.927828+01
161,b30aaa8d-9319-4a15-8cb1-c4b0969c266e,5a5c36db-9ef2-4065-883b-40aa835e109c,fr,Bar,2026-03-31 01:45:59.927828+01
162,b30aaa8d-9319-4a15-8cb1-c4b0969c266e,5a5c36db-9ef2-4065-883b-40aa835e109c,fr,Petit-déjeuner,2026-03-31 01:45:59.927828+01
163,2aa6aec3-a43e-459f-b438-6a62708a24dd,bc65b18b-5557-4472-841f-64a22f0c7e82,fr,Piscine extérieure,2026-03-31 01:46:33.051835+01
164,2aa6aec3-a43e-459f-b438-6a62708a24dd,bc65b18b-5557-4472-841f-64a22f0c7e82,fr,Navette aéroport (gratuite),2026-03-31 01:46:33.051835+01
165,2aa6aec3-a43e-459f-b438-6a62708a24dd,bc65b18b-5557-4472-841f-64a22f0c7e82,fr,Centre de remise en forme,2026-03-31 01:46:33.051835+01
166,2aa6aec3-a43e-459f-b438-6a62708a24dd,bc65b18b-5557-4472-841f-64a22f0c7e82,fr,Connexion Wi-Fi gratuite,2026-03-31 01:46:33.051835+01
167,2aa6aec3-a43e-459f-b438-6a62708a24dd,bc65b18b-5557-4472-841f-64a22f0c7e82,fr,Spa et centre de bien-être,2026-03-31 01:46:33.051835+01
168,2aa6aec3-a43e-459f-b438-6a62708a24dd,bc65b18b-5557-4472-841f-64a22f0c7e82,fr,Équipements pour les personnes handicapées,2026-03-31 01:46:33.051835+01
169,2aa6aec3-a43e-459f-b438-6a62708a24dd,bc65b18b-5557-4472-841f-64a22f0c7e82,fr,Bar,2026-03-31 01:46:33.051835+01
170,2aa6aec3-a43e-459f-b438-6a62708a24dd,bc65b18b-5557-4472-841f-64a22f0c7e82,fr,En bord de plage,2026-03-31 01:46:33.051835+01
171,2aa6aec3-a43e-459f-b438-6a62708a24dd,bc65b18b-5557-4472-841f-64a22f0c7e82,fr,Plage privée,2026-03-31 01:46:33.051835+01
172,2aa6aec3-a43e-459f-b438-6a62708a24dd,bc65b18b-5557-4472-841f-64a22f0c7e82,fr,Petit-déjeuner,2026-03-31 01:46:33.051835+01
173,733ff547-7d07-4685-9e3a-f23f2adcbda9,5a5c36db-9ef2-4065-883b-40aa835e109c,pt,Piscina exterior,2026-03-31 01:47:11.159572+01
174,733ff547-7d07-4685-9e3a-f23f2adcbda9,5a5c36db-9ef2-4065-883b-40aa835e109c,pt,Spa e centro de bem-estar,2026-03-31 01:47:11.159572+01
175,733ff547-7d07-4685-9e3a-f23f2adcbda9,5a5c36db-9ef2-4065-883b-40aa835e109c,pt,Restaurante,2026-03-31 01:47:11.159572+01
176,733ff547-7d07-4685-9e3a-f23f2adcbda9,5a5c36db-9ef2-4065-883b-40aa835e109c,pt,Centro de fitness,2026-03-31 01:47:11.159572+01
177,733ff547-7d07-4685-9e3a-f23f2adcbda9,5a5c36db-9ef2-4065-883b-40aa835e109c,pt,Acesso Wi-Fi gratuito,2026-03-31 01:47:11.159572+01
178,733ff547-7d07-4685-9e3a-f23f2adcbda9,5a5c36db-9ef2-4065-883b-40aa835e109c,pt,Serviço de quartos,2026-03-31 01:47:11.159572+01
179,733ff547-7d07-4685-9e3a-f23f2adcbda9,5a5c36db-9ef2-4065-883b-40aa835e109c,pt,Estacionamento gratuito,2026-03-31 01:47:11.159572+01
180,733ff547-7d07-4685-9e3a-f23f2adcbda9,5a5c36db-9ef2-4065-883b-40aa835e109c,pt,Comodidades para fazer chá e café em todos os quartos,2026-03-31 01:47:11.159572+01
181,733ff547-7d07-4685-9e3a-f23f2adcbda9,5a5c36db-9ef2-4065-883b-40aa835e109c,pt,Bar,2026-03-31 01:47:11.159572+01
182,733ff547-7d07-4685-9e3a-f23f2adcbda9,5a5c36db-9ef2-4065-883b-40aa835e109c,pt,Pequeno-almoço,2026-03-31 01:47:11.159572+01
183,a8cb155b-526d-47b8-bfab-730e53326736,bc65b18b-5557-4472-841f-64a22f0c7e82,pt,Piscina exterior,2026-03-31 01:47:46.111441+01
184,a8cb155b-526d-47b8-bfab-730e53326736,bc65b18b-5557-4472-841f-64a22f0c7e82,pt,Transfer aeroporto (gratuito),2026-03-31 01:47:46.111441+01
185,a8cb155b-526d-47b8-bfab-730e53326736,bc65b18b-5557-4472-841f-64a22f0c7e82,pt,Centro de fitness,2026-03-31 01:47:46.111441+01
186,a8cb155b-526d-47b8-bfab-730e53326736,bc65b18b-5557-4472-841f-64a22f0c7e82,pt,Acesso Wi-Fi gratuito,2026-03-31 01:47:46.111441+01
187,a8cb155b-526d-47b8-bfab-730e53326736,bc65b18b-5557-4472-841f-64a22f0c7e82,pt,Spa e centro de bem-estar,2026-03-31 01:47:46.111441+01
188,a8cb155b-526d-47b8-bfab-730e53326736,bc65b18b-5557-4472-841f-64a22f0c7e82,pt,Comodidades para pessoas com mobilidade condicionada,2026-03-31 01:47:46.111441+01
189,a8cb155b-526d-47b8-bfab-730e53326736,bc65b18b-5557-4472-841f-64a22f0c7e82,pt,Bar,2026-03-31 01:47:46.111441+01
190,a8cb155b-526d-47b8-bfab-730e53326736,bc65b18b-5557-4472-841f-64a22f0c7e82,pt,Frente à praia,2026-03-31 01:47:46.111441+01
191,a8cb155b-526d-47b8-bfab-730e53326736,bc65b18b-5557-4472-841f-64a22f0c7e82,pt,Área de praia privada,2026-03-31 01:47:46.111441+01
192,a8cb155b-526d-47b8-bfab-730e53326736,bc65b18b-5557-4472-841f-64a22f0c7e82,pt,Pequeno-almoço,2026-03-31 01:47:46.111441+01
193,64157e3e-43b6-4bb5-b7e3-10dd1f03c036,c577c018-1d34-4f70-98a6-fee5cbf97b78,en,Outdoor swimming pool,2026-03-31 01:48:26.753969+01
194,64157e3e-43b6-4bb5-b7e3-10dd1f03c036,c577c018-1d34-4f70-98a6-fee5cbf97b78,en,Free WiFi,2026-03-31 01:48:26.753969+01
195,64157e3e-43b6-4bb5-b7e3-10dd1f03c036,c577c018-1d34-4f70-98a6-fee5cbf97b78,en,Family rooms,2026-03-31 01:48:26.753969+01
196,64157e3e-43b6-4bb5-b7e3-10dd1f03c036,c577c018-1d34-4f70-98a6-fee5cbf97b78,en,Free parking,2026-03-31 01:48:26.753969+01
197,64157e3e-43b6-4bb5-b7e3-10dd1f03c036,c577c018-1d34-4f70-98a6-fee5cbf97b78,en,Non-smoking rooms,2026-03-31 01:48:26.753969+01
198,dc5dcaa1-7734-40ac-a09e-5ee46cee8264,485ad99e-32d5-48dc-944b-8507895ee94e,en,2 swimming pools,2026-03-31 01:49:03.143013+01
199,dc5dcaa1-7734-40ac-a09e-5ee46cee8264,485ad99e-32d5-48dc-944b-8507895ee94e,en,Beachfront,2026-03-31 01:49:03.143013+01
200,dc5dcaa1-7734-40ac-a09e-5ee46cee8264,485ad99e-32d5-48dc-944b-8507895ee94e,en,Free WiFi,2026-03-31 01:49:03.143013+01
201,dc5dcaa1-7734-40ac-a09e-5ee46cee8264,485ad99e-32d5-48dc-944b-8507895ee94e,en,Family rooms,2026-03-31 01:49:03.143013+01
202,dc5dcaa1-7734-40ac-a09e-5ee46cee8264,485ad99e-32d5-48dc-944b-8507895ee94e,en,Non-smoking rooms,2026-03-31 01:49:03.143013+01
203,dc5dcaa1-7734-40ac-a09e-5ee46cee8264,485ad99e-32d5-48dc-944b-8507895ee94e,en,Spa and wellness centre,2026-03-31 01:49:03.143013+01
204,dc5dcaa1-7734-40ac-a09e-5ee46cee8264,485ad99e-32d5-48dc-944b-8507895ee94e,en,Tea/coffee maker in all rooms,2026-03-31 01:49:03.143013+01
205,dc5dcaa1-7734-40ac-a09e-5ee46cee8264,485ad99e-32d5-48dc-944b-8507895ee94e,en,Bar,2026-03-31 01:49:03.143013+01
206,dc5dcaa1-7734-40ac-a09e-5ee46cee8264,485ad99e-32d5-48dc-944b-8507895ee94e,en,Private beach area,2026-03-31 01:49:03.143013+01
207,dc5dcaa1-7734-40ac-a09e-5ee46cee8264,485ad99e-32d5-48dc-944b-8507895ee94e,en,Breakfast,2026-03-31 01:49:03.143013+01
208,d2a74a25-7392-4062-8a0b-a78c9bec80d6,c577c018-1d34-4f70-98a6-fee5cbf97b78,es,Piscina al aire libre,2026-03-31 01:49:37.371477+01
209,d2a74a25-7392-4062-8a0b-a78c9bec80d6,c577c018-1d34-4f70-98a6-fee5cbf97b78,es,WiFi gratis,2026-03-31 01:49:37.371477+01
210,d2a74a25-7392-4062-8a0b-a78c9bec80d6,c577c018-1d34-4f70-98a6-fee5cbf97b78,es,Habitaciones familiares,2026-03-31 01:49:37.371477+01
211,d2a74a25-7392-4062-8a0b-a78c9bec80d6,c577c018-1d34-4f70-98a6-fee5cbf97b78,es,Parking gratis,2026-03-31 01:49:37.371477+01
212,d2a74a25-7392-4062-8a0b-a78c9bec80d6,c577c018-1d34-4f70-98a6-fee5cbf97b78,es,Habitaciones sin humo,2026-03-31 01:49:37.371477+01
213,c5c730d7-238c-4b11-a151-93761ff3169c,485ad99e-32d5-48dc-944b-8507895ee94e,es,2 piscinas,2026-03-31 01:50:14.055391+01
214,c5c730d7-238c-4b11-a151-93761ff3169c,485ad99e-32d5-48dc-944b-8507895ee94e,es,Situado frente a la playa,2026-03-31 01:50:14.055391+01
215,c5c730d7-238c-4b11-a151-93761ff3169c,485ad99e-32d5-48dc-944b-8507895ee94e,es,WiFi gratis,2026-03-31 01:50:14.055391+01
216,c5c730d7-238c-4b11-a151-93761ff3169c,485ad99e-32d5-48dc-944b-8507895ee94e,es,Habitaciones familiares,2026-03-31 01:50:14.055391+01
217,c5c730d7-238c-4b11-a151-93761ff3169c,485ad99e-32d5-48dc-944b-8507895ee94e,es,Habitaciones sin humo,2026-03-31 01:50:14.055391+01
218,c5c730d7-238c-4b11-a151-93761ff3169c,485ad99e-32d5-48dc-944b-8507895ee94e,es,Spa y centro de bienestar,2026-03-31 01:50:14.055391+01
219,c5c730d7-238c-4b11-a151-93761ff3169c,485ad99e-32d5-48dc-944b-8507895ee94e,es,Tetera/cafetera en todas las habitaciones,2026-03-31 01:50:14.055391+01
220,c5c730d7-238c-4b11-a151-93761ff3169c,485ad99e-32d5-48dc-944b-8507895ee94e,es,Bar,2026-03-31 01:50:14.055391+01
221,c5c730d7-238c-4b11-a151-93761ff3169c,485ad99e-32d5-48dc-944b-8507895ee94e,es,Zona privada de playa,2026-03-31 01:50:14.055391+01
222,c5c730d7-238c-4b11-a151-93761ff3169c,485ad99e-32d5-48dc-944b-8507895ee94e,es,Desayuno,2026-03-31 01:50:14.055391+01
223,128d4ff9-55d8-4b21-857a-93d48ed77983,c577c018-1d34-4f70-98a6-fee5cbf97b78,de,Außenpool,2026-03-31 01:50:48.805917+01
224,128d4ff9-55d8-4b21-857a-93d48ed77983,c577c018-1d34-4f70-98a6-fee5cbf97b78,de,WLAN inklusive,2026-03-31 01:50:48.805917+01
225,128d4ff9-55d8-4b21-857a-93d48ed77983,c577c018-1d34-4f70-98a6-fee5cbf97b78,de,Familienzimmer,2026-03-31 01:50:48.805917+01
226,128d4ff9-55d8-4b21-857a-93d48ed77983,c577c018-1d34-4f70-98a6-fee5cbf97b78,de,Parkplatz inbegriffen,2026-03-31 01:50:48.805917+01
227,128d4ff9-55d8-4b21-857a-93d48ed77983,c577c018-1d34-4f70-98a6-fee5cbf97b78,de,Nichtraucherzimmer,2026-03-31 01:50:48.805917+01
228,128d4ff9-55d8-4b21-857a-93d48ed77983,c577c018-1d34-4f70-98a6-fee5cbf97b78,de,20 Einrichtungen anzeigen,2026-03-31 01:50:48.805917+01
229,16bb0c3f-cec7-4e5b-8064-63241a1cc686,485ad99e-32d5-48dc-944b-8507895ee94e,de,2 Pools,2026-03-31 01:51:25.167284+01
230,16bb0c3f-cec7-4e5b-8064-63241a1cc686,485ad99e-32d5-48dc-944b-8507895ee94e,de,am Strand,2026-03-31 01:51:25.167284+01
231,16bb0c3f-cec7-4e5b-8064-63241a1cc686,485ad99e-32d5-48dc-944b-8507895ee94e,de,WLAN inklusive,2026-03-31 01:51:25.167284+01
232,16bb0c3f-cec7-4e5b-8064-63241a1cc686,485ad99e-32d5-48dc-944b-8507895ee94e,de,Familienzimmer,2026-03-31 01:51:25.167284+01
233,16bb0c3f-cec7-4e5b-8064-63241a1cc686,485ad99e-32d5-48dc-944b-8507895ee94e,de,Nichtraucherzimmer,2026-03-31 01:51:25.167284+01
234,16bb0c3f-cec7-4e5b-8064-63241a1cc686,485ad99e-32d5-48dc-944b-8507895ee94e,de,Spa & Wellnesscenter,2026-03-31 01:51:25.167284+01
235,16bb0c3f-cec7-4e5b-8064-63241a1cc686,485ad99e-32d5-48dc-944b-8507895ee94e,de,Kaffee- und Teezubehör in allen Zimmern,2026-03-31 01:51:25.167284+01
236,16bb0c3f-cec7-4e5b-8064-63241a1cc686,485ad99e-32d5-48dc-944b-8507895ee94e,de,Bar,2026-03-31 01:51:25.167284+01
237,16bb0c3f-cec7-4e5b-8064-63241a1cc686,485ad99e-32d5-48dc-944b-8507895ee94e,de,Privater Strand,2026-03-31 01:51:25.167284+01
238,16bb0c3f-cec7-4e5b-8064-63241a1cc686,485ad99e-32d5-48dc-944b-8507895ee94e,de,Frühstück,2026-03-31 01:51:25.167284+01
239,16bb0c3f-cec7-4e5b-8064-63241a1cc686,485ad99e-32d5-48dc-944b-8507895ee94e,de,113 Einrichtungen anzeigen,2026-03-31 01:51:25.167284+01
240,f956a495-6184-4e3d-bcdc-ec57999d6f96,c577c018-1d34-4f70-98a6-fee5cbf97b78,it,Piscina scoperta,2026-03-31 01:51:59.798408+01
241,f956a495-6184-4e3d-bcdc-ec57999d6f96,c577c018-1d34-4f70-98a6-fee5cbf97b78,it,Connessione WiFi gratuita,2026-03-31 01:51:59.798408+01
242,f956a495-6184-4e3d-bcdc-ec57999d6f96,c577c018-1d34-4f70-98a6-fee5cbf97b78,it,Disponibilità di camere familiari,2026-03-31 01:51:59.798408+01
243,f956a495-6184-4e3d-bcdc-ec57999d6f96,c577c018-1d34-4f70-98a6-fee5cbf97b78,it,Parcheggio gratuito,2026-03-31 01:51:59.798408+01
244,f956a495-6184-4e3d-bcdc-ec57999d6f96,c577c018-1d34-4f70-98a6-fee5cbf97b78,it,Camere non fumatori,2026-03-31 01:51:59.798408+01
245,f956a495-6184-4e3d-bcdc-ec57999d6f96,c577c018-1d34-4f70-98a6-fee5cbf97b78,it,Vedi tutti e 20 i servizi,2026-03-31 01:51:59.798408+01
246,8c36f658-22c7-4b4e-8578-5e985c9d5302,485ad99e-32d5-48dc-944b-8507895ee94e,it,2 piscine,2026-03-31 01:52:35.939348+01
247,8c36f658-22c7-4b4e-8578-5e985c9d5302,485ad99e-32d5-48dc-944b-8507895ee94e,it,Fronte spiaggia,2026-03-31 01:52:35.939348+01
248,8c36f658-22c7-4b4e-8578-5e985c9d5302,485ad99e-32d5-48dc-944b-8507895ee94e,it,Connessione WiFi gratuita,2026-03-31 01:52:35.939348+01
249,8c36f658-22c7-4b4e-8578-5e985c9d5302,485ad99e-32d5-48dc-944b-8507895ee94e,it,Disponibilità di camere familiari,2026-03-31 01:52:35.939348+01
250,8c36f658-22c7-4b4e-8578-5e985c9d5302,485ad99e-32d5-48dc-944b-8507895ee94e,it,Camere non fumatori,2026-03-31 01:52:35.939348+01
251,8c36f658-22c7-4b4e-8578-5e985c9d5302,485ad99e-32d5-48dc-944b-8507895ee94e,it,Spa & centro benessere,2026-03-31 01:52:35.939348+01
252,8c36f658-22c7-4b4e-8578-5e985c9d5302,485ad99e-32d5-48dc-944b-8507895ee94e,it,bollitore tè / macchina caffè in tutte le camere,2026-03-31 01:52:35.939348+01
253,8c36f658-22c7-4b4e-8578-5e985c9d5302,485ad99e-32d5-48dc-944b-8507895ee94e,it,Bar,2026-03-31 01:52:35.939348+01
254,8c36f658-22c7-4b4e-8578-5e985c9d5302,485ad99e-32d5-48dc-944b-8507895ee94e,it,Spiaggia privata,2026-03-31 01:52:35.939348+01
255,8c36f658-22c7-4b4e-8578-5e985c9d5302,485ad99e-32d5-48dc-944b-8507895ee94e,it,Colazione,2026-03-31 01:52:35.939348+01
256,8c36f658-22c7-4b4e-8578-5e985c9d5302,485ad99e-32d5-48dc-944b-8507895ee94e,it,Vedi tutti e 113 i servizi,2026-03-31 01:52:35.939348+01
257,9be3a9f9-e7bd-4169-85ab-928e5fc4fb71,c577c018-1d34-4f70-98a6-fee5cbf97b78,fr,Piscine extérieure,2026-03-31 01:53:10.547634+01
258,9be3a9f9-e7bd-4169-85ab-928e5fc4fb71,c577c018-1d34-4f70-98a6-fee5cbf97b78,fr,Connexion Wi-Fi gratuite,2026-03-31 01:53:10.547634+01
259,9be3a9f9-e7bd-4169-85ab-928e5fc4fb71,c577c018-1d34-4f70-98a6-fee5cbf97b78,fr,Chambres familiales,2026-03-31 01:53:10.547634+01
260,9be3a9f9-e7bd-4169-85ab-928e5fc4fb71,c577c018-1d34-4f70-98a6-fee5cbf97b78,fr,Parking gratuit,2026-03-31 01:53:10.547634+01
261,9be3a9f9-e7bd-4169-85ab-928e5fc4fb71,c577c018-1d34-4f70-98a6-fee5cbf97b78,fr,Chambres non-fumeurs,2026-03-31 01:53:10.547634+01
262,d4e93ac2-8b8f-46d7-9bda-142351f98708,485ad99e-32d5-48dc-944b-8507895ee94e,fr,2 piscines,2026-03-31 01:53:46.448107+01
263,d4e93ac2-8b8f-46d7-9bda-142351f98708,485ad99e-32d5-48dc-944b-8507895ee94e,fr,En bord de plage,2026-03-31 01:53:46.448107+01
264,d4e93ac2-8b8f-46d7-9bda-142351f98708,485ad99e-32d5-48dc-944b-8507895ee94e,fr,Connexion Wi-Fi gratuite,2026-03-31 01:53:46.448107+01
265,d4e93ac2-8b8f-46d7-9bda-142351f98708,485ad99e-32d5-48dc-944b-8507895ee94e,fr,Chambres familiales,2026-03-31 01:53:46.448107+01
266,d4e93ac2-8b8f-46d7-9bda-142351f98708,485ad99e-32d5-48dc-944b-8507895ee94e,fr,Chambres non-fumeurs,2026-03-31 01:53:46.448107+01
267,d4e93ac2-8b8f-46d7-9bda-142351f98708,485ad99e-32d5-48dc-944b-8507895ee94e,fr,Spa et centre de bien-être,2026-03-31 01:53:46.448107+01
268,d4e93ac2-8b8f-46d7-9bda-142351f98708,485ad99e-32d5-48dc-944b-8507895ee94e,fr,Plateau/bouilloire dans tous les hébergements,2026-03-31 01:53:46.448107+01
269,d4e93ac2-8b8f-46d7-9bda-142351f98708,485ad99e-32d5-48dc-944b-8507895ee94e,fr,Bar,2026-03-31 01:53:46.448107+01
270,d4e93ac2-8b8f-46d7-9bda-142351f98708,485ad99e-32d5-48dc-944b-8507895ee94e,fr,Plage privée,2026-03-31 01:53:46.448107+01
271,d4e93ac2-8b8f-46d7-9bda-142351f98708,485ad99e-32d5-48dc-944b-8507895ee94e,fr,Petit-déjeuner,2026-03-31 01:53:46.448107+01
272,ab66e0bb-feb6-446e-ad79-b8af2e434db9,c577c018-1d34-4f70-98a6-fee5cbf97b78,pt,Piscina exterior,2026-03-31 01:54:20.425473+01
273,ab66e0bb-feb6-446e-ad79-b8af2e434db9,c577c018-1d34-4f70-98a6-fee5cbf97b78,pt,Acesso Wi-Fi gratuito,2026-03-31 01:54:20.425473+01
274,ab66e0bb-feb6-446e-ad79-b8af2e434db9,c577c018-1d34-4f70-98a6-fee5cbf97b78,pt,Quartos familiares,2026-03-31 01:54:20.425473+01
275,ab66e0bb-feb6-446e-ad79-b8af2e434db9,c577c018-1d34-4f70-98a6-fee5cbf97b78,pt,Estacionamento gratuito,2026-03-31 01:54:20.425473+01
276,ab66e0bb-feb6-446e-ad79-b8af2e434db9,c577c018-1d34-4f70-98a6-fee5cbf97b78,pt,Quartos para não fumadores,2026-03-31 01:54:20.425473+01
277,8c96eb8b-a336-4e07-8cd9-7c6e643878e8,485ad99e-32d5-48dc-944b-8507895ee94e,pt,2 piscinas,2026-03-31 01:54:56.204334+01
278,8c96eb8b-a336-4e07-8cd9-7c6e643878e8,485ad99e-32d5-48dc-944b-8507895ee94e,pt,Frente à praia,2026-03-31 01:54:56.204334+01
279,8c96eb8b-a336-4e07-8cd9-7c6e643878e8,485ad99e-32d5-48dc-944b-8507895ee94e,pt,Acesso Wi-Fi gratuito,2026-03-31 01:54:56.204334+01
280,8c96eb8b-a336-4e07-8cd9-7c6e643878e8,485ad99e-32d5-48dc-944b-8507895ee94e,pt,Quartos familiares,2026-03-31 01:54:56.204334+01
281,8c96eb8b-a336-4e07-8cd9-7c6e643878e8,485ad99e-32d5-48dc-944b-8507895ee94e,pt,Quartos para não fumadores,2026-03-31 01:54:56.204334+01
282,8c96eb8b-a336-4e07-8cd9-7c6e643878e8,485ad99e-32d5-48dc-944b-8507895ee94e,pt,Spa e centro de bem-estar,2026-03-31 01:54:56.204334+01
283,8c96eb8b-a336-4e07-8cd9-7c6e643878e8,485ad99e-32d5-48dc-944b-8507895ee94e,pt,Comodidades para fazer chá e café em todos os quartos,2026-03-31 01:54:56.204334+01
284,8c96eb8b-a336-4e07-8cd9-7c6e643878e8,485ad99e-32d5-48dc-944b-8507895ee94e,pt,Bar,2026-03-31 01:54:56.204334+01
285,8c96eb8b-a336-4e07-8cd9-7c6e643878e8,485ad99e-32d5-48dc-944b-8507895ee94e,pt,Área de praia privada,2026-03-31 01:54:56.204334+01
286,8c96eb8b-a336-4e07-8cd9-7c6e643878e8,485ad99e-32d5-48dc-944b-8507895ee94e,pt,Pequeno-almoço,2026-03-31 01:54:56.204334+01
287,8c96eb8b-a336-4e07-8cd9-7c6e643878e8,485ad99e-32d5-48dc-944b-8507895ee94e,pt,Ver as 113 comodidades,2026-03-31 01:54:56.204334+01
288,51819013-9521-4b64-a3c7-14eb29353f0e,bb748584-8a30-42e3-97ef-e117f3b162ff,en,Outdoor swimming pool,2026-03-31 01:55:37.121005+01
289,51819013-9521-4b64-a3c7-14eb29353f0e,bb748584-8a30-42e3-97ef-e117f3b162ff,en,Free WiFi,2026-03-31 01:55:37.121005+01
290,51819013-9521-4b64-a3c7-14eb29353f0e,bb748584-8a30-42e3-97ef-e117f3b162ff,en,Airport shuttle (free),2026-03-31 01:55:37.121005+01
291,51819013-9521-4b64-a3c7-14eb29353f0e,bb748584-8a30-42e3-97ef-e117f3b162ff,en,Family rooms,2026-03-31 01:55:37.121005+01
292,51819013-9521-4b64-a3c7-14eb29353f0e,bb748584-8a30-42e3-97ef-e117f3b162ff,en,5 restaurants,2026-03-31 01:55:37.121005+01
293,51819013-9521-4b64-a3c7-14eb29353f0e,bb748584-8a30-42e3-97ef-e117f3b162ff,en,Spa and wellness centre,2026-03-31 01:55:37.121005+01
294,51819013-9521-4b64-a3c7-14eb29353f0e,bb748584-8a30-42e3-97ef-e117f3b162ff,en,Free parking,2026-03-31 01:55:37.121005+01
295,51819013-9521-4b64-a3c7-14eb29353f0e,bb748584-8a30-42e3-97ef-e117f3b162ff,en,Tea/coffee maker in all rooms,2026-03-31 01:55:37.121005+01
296,51819013-9521-4b64-a3c7-14eb29353f0e,bb748584-8a30-42e3-97ef-e117f3b162ff,en,Bar,2026-03-31 01:55:37.121005+01
297,51819013-9521-4b64-a3c7-14eb29353f0e,bb748584-8a30-42e3-97ef-e117f3b162ff,en,Breakfast,2026-03-31 01:55:37.121005+01
298,563a77c0-1282-4827-915f-61bcde469e5a,876ae6d7-2107-4a0d-ba22-b008376dd790,en,Outdoor swimming pool,2026-03-31 01:56:12.866574+01
299,563a77c0-1282-4827-915f-61bcde469e5a,876ae6d7-2107-4a0d-ba22-b008376dd790,en,Free WiFi,2026-03-31 01:56:12.866574+01
300,563a77c0-1282-4827-915f-61bcde469e5a,876ae6d7-2107-4a0d-ba22-b008376dd790,en,Beachfront,2026-03-31 01:56:12.866574+01
301,563a77c0-1282-4827-915f-61bcde469e5a,876ae6d7-2107-4a0d-ba22-b008376dd790,en,Airport shuttle,2026-03-31 01:56:12.866574+01
302,563a77c0-1282-4827-915f-61bcde469e5a,876ae6d7-2107-4a0d-ba22-b008376dd790,en,Non-smoking rooms,2026-03-31 01:56:12.866574+01
303,563a77c0-1282-4827-915f-61bcde469e5a,876ae6d7-2107-4a0d-ba22-b008376dd790,en,Free parking,2026-03-31 01:56:12.866574+01
304,563a77c0-1282-4827-915f-61bcde469e5a,876ae6d7-2107-4a0d-ba22-b008376dd790,en,Family rooms,2026-03-31 01:56:12.866574+01
305,563a77c0-1282-4827-915f-61bcde469e5a,876ae6d7-2107-4a0d-ba22-b008376dd790,en,Tea/coffee maker in all rooms,2026-03-31 01:56:12.866574+01
306,563a77c0-1282-4827-915f-61bcde469e5a,876ae6d7-2107-4a0d-ba22-b008376dd790,en,Bar,2026-03-31 01:56:12.866574+01
307,563a77c0-1282-4827-915f-61bcde469e5a,876ae6d7-2107-4a0d-ba22-b008376dd790,en,Breakfast,2026-03-31 01:56:12.866574+01
308,e8c0d641-8dde-4391-958e-f3a7d7dd9b19,bb748584-8a30-42e3-97ef-e117f3b162ff,es,Piscina al aire libre,2026-03-31 01:56:50.341555+01
309,e8c0d641-8dde-4391-958e-f3a7d7dd9b19,bb748584-8a30-42e3-97ef-e117f3b162ff,es,WiFi gratis,2026-03-31 01:56:50.341555+01
310,e8c0d641-8dde-4391-958e-f3a7d7dd9b19,bb748584-8a30-42e3-97ef-e117f3b162ff,es,Traslado aeropuerto (gratis),2026-03-31 01:56:50.341555+01
311,e8c0d641-8dde-4391-958e-f3a7d7dd9b19,bb748584-8a30-42e3-97ef-e117f3b162ff,es,Habitaciones familiares,2026-03-31 01:56:50.341555+01
312,e8c0d641-8dde-4391-958e-f3a7d7dd9b19,bb748584-8a30-42e3-97ef-e117f3b162ff,es,5 restaurantes,2026-03-31 01:56:50.341555+01
313,e8c0d641-8dde-4391-958e-f3a7d7dd9b19,bb748584-8a30-42e3-97ef-e117f3b162ff,es,Spa y centro de bienestar,2026-03-31 01:56:50.341555+01
314,e8c0d641-8dde-4391-958e-f3a7d7dd9b19,bb748584-8a30-42e3-97ef-e117f3b162ff,es,Parking gratis,2026-03-31 01:56:50.341555+01
315,e8c0d641-8dde-4391-958e-f3a7d7dd9b19,bb748584-8a30-42e3-97ef-e117f3b162ff,es,Tetera/cafetera en todas las habitaciones,2026-03-31 01:56:50.341555+01
316,e8c0d641-8dde-4391-958e-f3a7d7dd9b19,bb748584-8a30-42e3-97ef-e117f3b162ff,es,Bar,2026-03-31 01:56:50.341555+01
317,e8c0d641-8dde-4391-958e-f3a7d7dd9b19,bb748584-8a30-42e3-97ef-e117f3b162ff,es,Desayuno,2026-03-31 01:56:50.341555+01
318,ed663375-aa49-40b6-8cf8-8cf1b9e015d0,876ae6d7-2107-4a0d-ba22-b008376dd790,es,Piscina al aire libre,2026-03-31 01:57:24.08295+01
319,ed663375-aa49-40b6-8cf8-8cf1b9e015d0,876ae6d7-2107-4a0d-ba22-b008376dd790,es,WiFi gratis,2026-03-31 01:57:24.08295+01
320,ed663375-aa49-40b6-8cf8-8cf1b9e015d0,876ae6d7-2107-4a0d-ba22-b008376dd790,es,Situado frente a la playa,2026-03-31 01:57:24.08295+01
321,ed663375-aa49-40b6-8cf8-8cf1b9e015d0,876ae6d7-2107-4a0d-ba22-b008376dd790,es,Traslado aeropuerto,2026-03-31 01:57:24.08295+01
322,ed663375-aa49-40b6-8cf8-8cf1b9e015d0,876ae6d7-2107-4a0d-ba22-b008376dd790,es,Habitaciones sin humo,2026-03-31 01:57:24.08295+01
323,ed663375-aa49-40b6-8cf8-8cf1b9e015d0,876ae6d7-2107-4a0d-ba22-b008376dd790,es,Parking gratis,2026-03-31 01:57:24.08295+01
324,ed663375-aa49-40b6-8cf8-8cf1b9e015d0,876ae6d7-2107-4a0d-ba22-b008376dd790,es,Habitaciones familiares,2026-03-31 01:57:24.08295+01
325,ed663375-aa49-40b6-8cf8-8cf1b9e015d0,876ae6d7-2107-4a0d-ba22-b008376dd790,es,Tetera/cafetera en todas las habitaciones,2026-03-31 01:57:24.08295+01
326,ed663375-aa49-40b6-8cf8-8cf1b9e015d0,876ae6d7-2107-4a0d-ba22-b008376dd790,es,Bar,2026-03-31 01:57:24.08295+01
327,ed663375-aa49-40b6-8cf8-8cf1b9e015d0,876ae6d7-2107-4a0d-ba22-b008376dd790,es,Desayuno,2026-03-31 01:57:24.08295+01
328,84449922-5106-4d7a-922b-b144eb85e8b6,bb748584-8a30-42e3-97ef-e117f3b162ff,de,Außenpool,2026-03-31 01:57:59.657596+01
329,84449922-5106-4d7a-922b-b144eb85e8b6,bb748584-8a30-42e3-97ef-e117f3b162ff,de,WLAN inklusive,2026-03-31 01:57:59.657596+01
330,84449922-5106-4d7a-922b-b144eb85e8b6,bb748584-8a30-42e3-97ef-e117f3b162ff,de,Flughafentransfer (kostenlos),2026-03-31 01:57:59.657596+01
331,84449922-5106-4d7a-922b-b144eb85e8b6,bb748584-8a30-42e3-97ef-e117f3b162ff,de,Familienzimmer,2026-03-31 01:57:59.657596+01
332,84449922-5106-4d7a-922b-b144eb85e8b6,bb748584-8a30-42e3-97ef-e117f3b162ff,de,5 Restaurants,2026-03-31 01:57:59.657596+01
333,84449922-5106-4d7a-922b-b144eb85e8b6,bb748584-8a30-42e3-97ef-e117f3b162ff,de,Spa & Wellnesscenter,2026-03-31 01:57:59.657596+01
334,84449922-5106-4d7a-922b-b144eb85e8b6,bb748584-8a30-42e3-97ef-e117f3b162ff,de,Parkplatz inbegriffen,2026-03-31 01:57:59.657596+01
335,84449922-5106-4d7a-922b-b144eb85e8b6,bb748584-8a30-42e3-97ef-e117f3b162ff,de,Kaffee- und Teezubehör in allen Zimmern,2026-03-31 01:57:59.657596+01
336,84449922-5106-4d7a-922b-b144eb85e8b6,bb748584-8a30-42e3-97ef-e117f3b162ff,de,Bar,2026-03-31 01:57:59.657596+01
337,84449922-5106-4d7a-922b-b144eb85e8b6,bb748584-8a30-42e3-97ef-e117f3b162ff,de,Frühstück,2026-03-31 01:57:59.657596+01
338,84449922-5106-4d7a-922b-b144eb85e8b6,bb748584-8a30-42e3-97ef-e117f3b162ff,de,124 Einrichtungen anzeigen,2026-03-31 01:57:59.657596+01
339,edb49539-a61c-4998-8361-3679ba6f1008,876ae6d7-2107-4a0d-ba22-b008376dd790,de,Außenpool,2026-03-31 01:58:35.799915+01
340,edb49539-a61c-4998-8361-3679ba6f1008,876ae6d7-2107-4a0d-ba22-b008376dd790,de,WLAN inklusive,2026-03-31 01:58:35.799915+01
341,edb49539-a61c-4998-8361-3679ba6f1008,876ae6d7-2107-4a0d-ba22-b008376dd790,de,am Strand,2026-03-31 01:58:35.799915+01
342,edb49539-a61c-4998-8361-3679ba6f1008,876ae6d7-2107-4a0d-ba22-b008376dd790,de,Flughafenshuttle,2026-03-31 01:58:35.799915+01
343,edb49539-a61c-4998-8361-3679ba6f1008,876ae6d7-2107-4a0d-ba22-b008376dd790,de,Nichtraucherzimmer,2026-03-31 01:58:35.799915+01
344,edb49539-a61c-4998-8361-3679ba6f1008,876ae6d7-2107-4a0d-ba22-b008376dd790,de,Parkplatz inbegriffen,2026-03-31 01:58:35.799915+01
345,edb49539-a61c-4998-8361-3679ba6f1008,876ae6d7-2107-4a0d-ba22-b008376dd790,de,Familienzimmer,2026-03-31 01:58:35.799915+01
346,edb49539-a61c-4998-8361-3679ba6f1008,876ae6d7-2107-4a0d-ba22-b008376dd790,de,Kaffee- und Teezubehör in allen Zimmern,2026-03-31 01:58:35.799915+01
347,edb49539-a61c-4998-8361-3679ba6f1008,876ae6d7-2107-4a0d-ba22-b008376dd790,de,Bar,2026-03-31 01:58:35.799915+01
348,edb49539-a61c-4998-8361-3679ba6f1008,876ae6d7-2107-4a0d-ba22-b008376dd790,de,Frühstück,2026-03-31 01:58:35.799915+01
349,edb49539-a61c-4998-8361-3679ba6f1008,876ae6d7-2107-4a0d-ba22-b008376dd790,de,56 Einrichtungen anzeigen,2026-03-31 01:58:35.799915+01
350,37f5c429-7691-4fb0-b0b5-08c181faad4e,bb748584-8a30-42e3-97ef-e117f3b162ff,it,Piscina scoperta,2026-03-31 01:59:11.025499+01
351,37f5c429-7691-4fb0-b0b5-08c181faad4e,bb748584-8a30-42e3-97ef-e117f3b162ff,it,Connessione WiFi gratuita,2026-03-31 01:59:11.025499+01
352,37f5c429-7691-4fb0-b0b5-08c181faad4e,bb748584-8a30-42e3-97ef-e117f3b162ff,it,Navetta aeroportuale (gratuita),2026-03-31 01:59:11.025499+01
353,37f5c429-7691-4fb0-b0b5-08c181faad4e,bb748584-8a30-42e3-97ef-e117f3b162ff,it,Disponibilità di camere familiari,2026-03-31 01:59:11.025499+01
354,37f5c429-7691-4fb0-b0b5-08c181faad4e,bb748584-8a30-42e3-97ef-e117f3b162ff,it,5 ristoranti,2026-03-31 01:59:11.025499+01
355,37f5c429-7691-4fb0-b0b5-08c181faad4e,bb748584-8a30-42e3-97ef-e117f3b162ff,it,Spa & centro benessere,2026-03-31 01:59:11.025499+01
356,37f5c429-7691-4fb0-b0b5-08c181faad4e,bb748584-8a30-42e3-97ef-e117f3b162ff,it,Parcheggio gratuito,2026-03-31 01:59:11.025499+01
357,37f5c429-7691-4fb0-b0b5-08c181faad4e,bb748584-8a30-42e3-97ef-e117f3b162ff,it,bollitore tè / macchina caffè in tutte le camere,2026-03-31 01:59:11.025499+01
358,37f5c429-7691-4fb0-b0b5-08c181faad4e,bb748584-8a30-42e3-97ef-e117f3b162ff,it,Bar,2026-03-31 01:59:11.025499+01
359,37f5c429-7691-4fb0-b0b5-08c181faad4e,bb748584-8a30-42e3-97ef-e117f3b162ff,it,Colazione,2026-03-31 01:59:11.025499+01
360,37f5c429-7691-4fb0-b0b5-08c181faad4e,bb748584-8a30-42e3-97ef-e117f3b162ff,it,Vedi tutti e 124 i servizi,2026-03-31 01:59:11.025499+01
361,53330869-a126-417f-881d-f26cd40eaf1e,876ae6d7-2107-4a0d-ba22-b008376dd790,it,Piscina scoperta,2026-03-31 01:59:46.911614+01
362,53330869-a126-417f-881d-f26cd40eaf1e,876ae6d7-2107-4a0d-ba22-b008376dd790,it,Connessione WiFi gratuita,2026-03-31 01:59:46.911614+01
363,53330869-a126-417f-881d-f26cd40eaf1e,876ae6d7-2107-4a0d-ba22-b008376dd790,it,Fronte spiaggia,2026-03-31 01:59:46.911614+01
364,53330869-a126-417f-881d-f26cd40eaf1e,876ae6d7-2107-4a0d-ba22-b008376dd790,it,Navetta aeroportuale,2026-03-31 01:59:46.911614+01
365,53330869-a126-417f-881d-f26cd40eaf1e,876ae6d7-2107-4a0d-ba22-b008376dd790,it,Camere non fumatori,2026-03-31 01:59:46.911614+01
366,53330869-a126-417f-881d-f26cd40eaf1e,876ae6d7-2107-4a0d-ba22-b008376dd790,it,Parcheggio gratuito,2026-03-31 01:59:46.911614+01
367,53330869-a126-417f-881d-f26cd40eaf1e,876ae6d7-2107-4a0d-ba22-b008376dd790,it,Disponibilità di camere familiari,2026-03-31 01:59:46.911614+01
368,53330869-a126-417f-881d-f26cd40eaf1e,876ae6d7-2107-4a0d-ba22-b008376dd790,it,bollitore tè / macchina caffè in tutte le camere,2026-03-31 01:59:46.911614+01
369,53330869-a126-417f-881d-f26cd40eaf1e,876ae6d7-2107-4a0d-ba22-b008376dd790,it,Bar,2026-03-31 01:59:46.911614+01
370,53330869-a126-417f-881d-f26cd40eaf1e,876ae6d7-2107-4a0d-ba22-b008376dd790,it,Colazione,2026-03-31 01:59:46.911614+01
371,69ec5132-92b7-4870-94dc-cb2147bc0c78,bb748584-8a30-42e3-97ef-e117f3b162ff,fr,Piscine extérieure,2026-03-31 02:00:21.974518+01
372,69ec5132-92b7-4870-94dc-cb2147bc0c78,bb748584-8a30-42e3-97ef-e117f3b162ff,fr,Connexion Wi-Fi gratuite,2026-03-31 02:00:21.974518+01
373,69ec5132-92b7-4870-94dc-cb2147bc0c78,bb748584-8a30-42e3-97ef-e117f3b162ff,fr,Navette aéroport (gratuite),2026-03-31 02:00:21.974518+01
374,69ec5132-92b7-4870-94dc-cb2147bc0c78,bb748584-8a30-42e3-97ef-e117f3b162ff,fr,Chambres familiales,2026-03-31 02:00:21.974518+01
375,69ec5132-92b7-4870-94dc-cb2147bc0c78,bb748584-8a30-42e3-97ef-e117f3b162ff,fr,5 restaurants,2026-03-31 02:00:21.974518+01
376,69ec5132-92b7-4870-94dc-cb2147bc0c78,bb748584-8a30-42e3-97ef-e117f3b162ff,fr,Spa et centre de bien-être,2026-03-31 02:00:21.974518+01
377,69ec5132-92b7-4870-94dc-cb2147bc0c78,bb748584-8a30-42e3-97ef-e117f3b162ff,fr,Parking gratuit,2026-03-31 02:00:21.974518+01
378,69ec5132-92b7-4870-94dc-cb2147bc0c78,bb748584-8a30-42e3-97ef-e117f3b162ff,fr,Plateau/bouilloire dans tous les hébergements,2026-03-31 02:00:21.974518+01
379,69ec5132-92b7-4870-94dc-cb2147bc0c78,bb748584-8a30-42e3-97ef-e117f3b162ff,fr,Bar,2026-03-31 02:00:21.974518+01
380,69ec5132-92b7-4870-94dc-cb2147bc0c78,bb748584-8a30-42e3-97ef-e117f3b162ff,fr,Petit-déjeuner,2026-03-31 02:00:21.974518+01
381,25819c63-2e33-4901-976b-18134004cb5e,876ae6d7-2107-4a0d-ba22-b008376dd790,fr,Piscine extérieure,2026-03-31 02:00:57.435881+01
382,25819c63-2e33-4901-976b-18134004cb5e,876ae6d7-2107-4a0d-ba22-b008376dd790,fr,Connexion Wi-Fi gratuite,2026-03-31 02:00:57.435881+01
383,25819c63-2e33-4901-976b-18134004cb5e,876ae6d7-2107-4a0d-ba22-b008376dd790,fr,En bord de plage,2026-03-31 02:00:57.435881+01
384,25819c63-2e33-4901-976b-18134004cb5e,876ae6d7-2107-4a0d-ba22-b008376dd790,fr,Navette aéroport,2026-03-31 02:00:57.435881+01
385,25819c63-2e33-4901-976b-18134004cb5e,876ae6d7-2107-4a0d-ba22-b008376dd790,fr,Chambres non-fumeurs,2026-03-31 02:00:57.435881+01
386,25819c63-2e33-4901-976b-18134004cb5e,876ae6d7-2107-4a0d-ba22-b008376dd790,fr,Parking gratuit,2026-03-31 02:00:57.435881+01
387,25819c63-2e33-4901-976b-18134004cb5e,876ae6d7-2107-4a0d-ba22-b008376dd790,fr,Chambres familiales,2026-03-31 02:00:57.435881+01
388,25819c63-2e33-4901-976b-18134004cb5e,876ae6d7-2107-4a0d-ba22-b008376dd790,fr,Plateau/bouilloire dans tous les hébergements,2026-03-31 02:00:57.435881+01
389,25819c63-2e33-4901-976b-18134004cb5e,876ae6d7-2107-4a0d-ba22-b008376dd790,fr,Bar,2026-03-31 02:00:57.435881+01
390,25819c63-2e33-4901-976b-18134004cb5e,876ae6d7-2107-4a0d-ba22-b008376dd790,fr,Petit-déjeuner,2026-03-31 02:00:57.435881+01
391,b0177fb0-59cf-48e2-bfd5-586ba3e24d89,bb748584-8a30-42e3-97ef-e117f3b162ff,pt,Piscina exterior,2026-03-31 02:01:32.609719+01
392,b0177fb0-59cf-48e2-bfd5-586ba3e24d89,bb748584-8a30-42e3-97ef-e117f3b162ff,pt,Acesso Wi-Fi gratuito,2026-03-31 02:01:32.609719+01
393,b0177fb0-59cf-48e2-bfd5-586ba3e24d89,bb748584-8a30-42e3-97ef-e117f3b162ff,pt,Transfer aeroporto (gratuito),2026-03-31 02:01:32.609719+01
394,b0177fb0-59cf-48e2-bfd5-586ba3e24d89,bb748584-8a30-42e3-97ef-e117f3b162ff,pt,Quartos familiares,2026-03-31 02:01:32.609719+01
395,b0177fb0-59cf-48e2-bfd5-586ba3e24d89,bb748584-8a30-42e3-97ef-e117f3b162ff,pt,5 restaurantes,2026-03-31 02:01:32.609719+01
396,b0177fb0-59cf-48e2-bfd5-586ba3e24d89,bb748584-8a30-42e3-97ef-e117f3b162ff,pt,Spa e centro de bem-estar,2026-03-31 02:01:32.609719+01
397,b0177fb0-59cf-48e2-bfd5-586ba3e24d89,bb748584-8a30-42e3-97ef-e117f3b162ff,pt,Estacionamento gratuito,2026-03-31 02:01:32.609719+01
398,b0177fb0-59cf-48e2-bfd5-586ba3e24d89,bb748584-8a30-42e3-97ef-e117f3b162ff,pt,Comodidades para fazer chá e café em todos os quartos,2026-03-31 02:01:32.609719+01
399,b0177fb0-59cf-48e2-bfd5-586ba3e24d89,bb748584-8a30-42e3-97ef-e117f3b162ff,pt,Bar,2026-03-31 02:01:32.609719+01
400,b0177fb0-59cf-48e2-bfd5-586ba3e24d89,bb748584-8a30-42e3-97ef-e117f3b162ff,pt,Pequeno-almoço,2026-03-31 02:01:32.609719+01
401,b0177fb0-59cf-48e2-bfd5-586ba3e24d89,bb748584-8a30-42e3-97ef-e117f3b162ff,pt,Ver as 124 comodidades,2026-03-31 02:01:32.609719+01
402,c1612314-f63e-4612-abf8-99d3089332e2,876ae6d7-2107-4a0d-ba22-b008376dd790,pt,Piscina exterior,2026-03-31 02:02:10.491806+01
403,c1612314-f63e-4612-abf8-99d3089332e2,876ae6d7-2107-4a0d-ba22-b008376dd790,pt,Acesso Wi-Fi gratuito,2026-03-31 02:02:10.491806+01
404,c1612314-f63e-4612-abf8-99d3089332e2,876ae6d7-2107-4a0d-ba22-b008376dd790,pt,Frente à praia,2026-03-31 02:02:10.491806+01
405,c1612314-f63e-4612-abf8-99d3089332e2,876ae6d7-2107-4a0d-ba22-b008376dd790,pt,Transfer (aeroporto),2026-03-31 02:02:10.491806+01
406,c1612314-f63e-4612-abf8-99d3089332e2,876ae6d7-2107-4a0d-ba22-b008376dd790,pt,Quartos para não fumadores,2026-03-31 02:02:10.491806+01
407,c1612314-f63e-4612-abf8-99d3089332e2,876ae6d7-2107-4a0d-ba22-b008376dd790,pt,Estacionamento gratuito,2026-03-31 02:02:10.491806+01
408,c1612314-f63e-4612-abf8-99d3089332e2,876ae6d7-2107-4a0d-ba22-b008376dd790,pt,Quartos familiares,2026-03-31 02:02:10.491806+01
409,c1612314-f63e-4612-abf8-99d3089332e2,876ae6d7-2107-4a0d-ba22-b008376dd790,pt,Comodidades para fazer chá e café em todos os quartos,2026-03-31 02:02:10.491806+01
410,c1612314-f63e-4612-abf8-99d3089332e2,876ae6d7-2107-4a0d-ba22-b008376dd790,pt,Bar,2026-03-31 02:02:10.491806+01
411,c1612314-f63e-4612-abf8-99d3089332e2,876ae6d7-2107-4a0d-ba22-b008376dd790,pt,Pequeno-almoço,2026-03-31 02:02:10.491806+01
412,e4dc9441-291c-447f-b52d-2c5ab689b5ee,ee2746ec-b612-4295-87c9-77479c48e860,en,Indoor swimming pool,2026-03-31 02:02:50.456036+01
413,e4dc9441-291c-447f-b52d-2c5ab689b5ee,ee2746ec-b612-4295-87c9-77479c48e860,en,Private parking,2026-03-31 02:02:50.456036+01
414,e4dc9441-291c-447f-b52d-2c5ab689b5ee,ee2746ec-b612-4295-87c9-77479c48e860,en,Free WiFi,2026-03-31 02:02:50.456036+01
415,e4dc9441-291c-447f-b52d-2c5ab689b5ee,ee2746ec-b612-4295-87c9-77479c48e860,en,Family rooms,2026-03-31 02:02:50.456036+01
416,e4dc9441-291c-447f-b52d-2c5ab689b5ee,ee2746ec-b612-4295-87c9-77479c48e860,en,Airport shuttle,2026-03-31 02:02:50.456036+01
417,e4dc9441-291c-447f-b52d-2c5ab689b5ee,ee2746ec-b612-4295-87c9-77479c48e860,en,Room service,2026-03-31 02:02:50.456036+01
418,e4dc9441-291c-447f-b52d-2c5ab689b5ee,ee2746ec-b612-4295-87c9-77479c48e860,en,Non-smoking rooms,2026-03-31 02:02:50.456036+01
419,e4dc9441-291c-447f-b52d-2c5ab689b5ee,ee2746ec-b612-4295-87c9-77479c48e860,en,24-hour front desk,2026-03-31 02:02:50.456036+01
420,e4dc9441-291c-447f-b52d-2c5ab689b5ee,ee2746ec-b612-4295-87c9-77479c48e860,en,Daily housekeeping,2026-03-31 02:02:50.456036+01
421,e4dc9441-291c-447f-b52d-2c5ab689b5ee,ee2746ec-b612-4295-87c9-77479c48e860,en,Superb breakfast,2026-03-31 02:02:50.456036+01
422,8df3bf6a-2b7b-4722-b760-96bb5ceff9d9,5e39c27a-d31e-4221-badf-a2591e389f0c,en,Outdoor swimming pool,2026-03-31 02:03:26.185827+01
423,8df3bf6a-2b7b-4722-b760-96bb5ceff9d9,5e39c27a-d31e-4221-badf-a2591e389f0c,en,Free WiFi,2026-03-31 02:03:26.185827+01
424,8df3bf6a-2b7b-4722-b760-96bb5ceff9d9,5e39c27a-d31e-4221-badf-a2591e389f0c,en,Airport shuttle,2026-03-31 02:03:26.185827+01
425,8df3bf6a-2b7b-4722-b760-96bb5ceff9d9,5e39c27a-d31e-4221-badf-a2591e389f0c,en,Spa and wellness centre,2026-03-31 02:03:26.185827+01
426,8df3bf6a-2b7b-4722-b760-96bb5ceff9d9,5e39c27a-d31e-4221-badf-a2591e389f0c,en,Family rooms,2026-03-31 02:03:26.185827+01
427,8df3bf6a-2b7b-4722-b760-96bb5ceff9d9,5e39c27a-d31e-4221-badf-a2591e389f0c,en,Free parking,2026-03-31 02:03:26.185827+01
428,8df3bf6a-2b7b-4722-b760-96bb5ceff9d9,5e39c27a-d31e-4221-badf-a2591e389f0c,en,Restaurant,2026-03-31 02:03:26.185827+01
429,8df3bf6a-2b7b-4722-b760-96bb5ceff9d9,5e39c27a-d31e-4221-badf-a2591e389f0c,en,Fitness centre,2026-03-31 02:03:26.185827+01
430,8df3bf6a-2b7b-4722-b760-96bb5ceff9d9,5e39c27a-d31e-4221-badf-a2591e389f0c,en,Bar,2026-03-31 02:03:26.185827+01
431,8df3bf6a-2b7b-4722-b760-96bb5ceff9d9,5e39c27a-d31e-4221-badf-a2591e389f0c,en,Very good breakfast,2026-03-31 02:03:26.185827+01
432,1bb2b3b8-57ce-41b3-92e5-c23dd61c8111,ee2746ec-b612-4295-87c9-77479c48e860,es,Piscina interior,2026-03-31 02:04:00.337491+01
433,1bb2b3b8-57ce-41b3-92e5-c23dd61c8111,ee2746ec-b612-4295-87c9-77479c48e860,es,Parking privado,2026-03-31 02:04:00.337491+01
434,1bb2b3b8-57ce-41b3-92e5-c23dd61c8111,ee2746ec-b612-4295-87c9-77479c48e860,es,WiFi gratis,2026-03-31 02:04:00.337491+01
435,1bb2b3b8-57ce-41b3-92e5-c23dd61c8111,ee2746ec-b612-4295-87c9-77479c48e860,es,Habitaciones familiares,2026-03-31 02:04:00.337491+01
436,1bb2b3b8-57ce-41b3-92e5-c23dd61c8111,ee2746ec-b612-4295-87c9-77479c48e860,es,Traslado aeropuerto,2026-03-31 02:04:00.337491+01
437,1bb2b3b8-57ce-41b3-92e5-c23dd61c8111,ee2746ec-b612-4295-87c9-77479c48e860,es,Servicio de habitaciones,2026-03-31 02:04:00.337491+01
438,1bb2b3b8-57ce-41b3-92e5-c23dd61c8111,ee2746ec-b612-4295-87c9-77479c48e860,es,Habitaciones sin humo,2026-03-31 02:04:00.337491+01
439,1bb2b3b8-57ce-41b3-92e5-c23dd61c8111,ee2746ec-b612-4295-87c9-77479c48e860,es,Recepción 24 horas,2026-03-31 02:04:00.337491+01
440,1bb2b3b8-57ce-41b3-92e5-c23dd61c8111,ee2746ec-b612-4295-87c9-77479c48e860,es,Servicio de limpieza diario,2026-03-31 02:04:00.337491+01
441,1bb2b3b8-57ce-41b3-92e5-c23dd61c8111,ee2746ec-b612-4295-87c9-77479c48e860,es,Desayuno fantástico,2026-03-31 02:04:00.337491+01
442,fa30b200-9d15-4068-8af5-26827c0507b9,5e39c27a-d31e-4221-badf-a2591e389f0c,es,Piscina al aire libre,2026-03-31 02:04:35.55016+01
443,fa30b200-9d15-4068-8af5-26827c0507b9,5e39c27a-d31e-4221-badf-a2591e389f0c,es,WiFi gratis,2026-03-31 02:04:35.55016+01
444,fa30b200-9d15-4068-8af5-26827c0507b9,5e39c27a-d31e-4221-badf-a2591e389f0c,es,Traslado aeropuerto,2026-03-31 02:04:35.55016+01
445,fa30b200-9d15-4068-8af5-26827c0507b9,5e39c27a-d31e-4221-badf-a2591e389f0c,es,Spa y centro de bienestar,2026-03-31 02:04:35.55016+01
446,fa30b200-9d15-4068-8af5-26827c0507b9,5e39c27a-d31e-4221-badf-a2591e389f0c,es,Habitaciones familiares,2026-03-31 02:04:35.55016+01
447,fa30b200-9d15-4068-8af5-26827c0507b9,5e39c27a-d31e-4221-badf-a2591e389f0c,es,Parking gratis,2026-03-31 02:04:35.55016+01
448,fa30b200-9d15-4068-8af5-26827c0507b9,5e39c27a-d31e-4221-badf-a2591e389f0c,es,Restaurante,2026-03-31 02:04:35.55016+01
449,fa30b200-9d15-4068-8af5-26827c0507b9,5e39c27a-d31e-4221-badf-a2591e389f0c,es,Gimnasio,2026-03-31 02:04:35.55016+01
450,fa30b200-9d15-4068-8af5-26827c0507b9,5e39c27a-d31e-4221-badf-a2591e389f0c,es,Bar,2026-03-31 02:04:35.55016+01
451,fa30b200-9d15-4068-8af5-26827c0507b9,5e39c27a-d31e-4221-badf-a2591e389f0c,es,Muy buen desayuno,2026-03-31 02:04:35.55016+01
452,1f1a90a5-18e2-4013-8be3-8a21c509b45d,ee2746ec-b612-4295-87c9-77479c48e860,de,Innenpool,2026-03-31 02:05:10.231542+01
453,1f1a90a5-18e2-4013-8be3-8a21c509b45d,ee2746ec-b612-4295-87c9-77479c48e860,de,Privatparkplatz,2026-03-31 02:05:10.231542+01
454,1f1a90a5-18e2-4013-8be3-8a21c509b45d,ee2746ec-b612-4295-87c9-77479c48e860,de,WLAN inklusive,2026-03-31 02:05:10.231542+01
455,1f1a90a5-18e2-4013-8be3-8a21c509b45d,ee2746ec-b612-4295-87c9-77479c48e860,de,Familienzimmer,2026-03-31 02:05:10.231542+01
456,1f1a90a5-18e2-4013-8be3-8a21c509b45d,ee2746ec-b612-4295-87c9-77479c48e860,de,Flughafenshuttle,2026-03-31 02:05:10.231542+01
457,1f1a90a5-18e2-4013-8be3-8a21c509b45d,ee2746ec-b612-4295-87c9-77479c48e860,de,Zimmerservice,2026-03-31 02:05:10.231542+01
458,1f1a90a5-18e2-4013-8be3-8a21c509b45d,ee2746ec-b612-4295-87c9-77479c48e860,de,Nichtraucherzimmer,2026-03-31 02:05:10.231542+01
459,1f1a90a5-18e2-4013-8be3-8a21c509b45d,ee2746ec-b612-4295-87c9-77479c48e860,de,24-Stunden-Rezeption,2026-03-31 02:05:10.231542+01
460,1f1a90a5-18e2-4013-8be3-8a21c509b45d,ee2746ec-b612-4295-87c9-77479c48e860,de,Tägliche Reinigung,2026-03-31 02:05:10.231542+01
461,1f1a90a5-18e2-4013-8be3-8a21c509b45d,ee2746ec-b612-4295-87c9-77479c48e860,de,Hervorragendes Frühstück,2026-03-31 02:05:10.231542+01
462,ac552a9a-1bed-43fd-9069-2494c3dc1267,5e39c27a-d31e-4221-badf-a2591e389f0c,de,Außenpool,2026-03-31 02:05:45.712358+01
463,ac552a9a-1bed-43fd-9069-2494c3dc1267,5e39c27a-d31e-4221-badf-a2591e389f0c,de,WLAN inklusive,2026-03-31 02:05:45.712358+01
464,ac552a9a-1bed-43fd-9069-2494c3dc1267,5e39c27a-d31e-4221-badf-a2591e389f0c,de,Flughafenshuttle,2026-03-31 02:05:45.712358+01
465,ac552a9a-1bed-43fd-9069-2494c3dc1267,5e39c27a-d31e-4221-badf-a2591e389f0c,de,Spa & Wellnesscenter,2026-03-31 02:05:45.712358+01
466,ac552a9a-1bed-43fd-9069-2494c3dc1267,5e39c27a-d31e-4221-badf-a2591e389f0c,de,Familienzimmer,2026-03-31 02:05:45.712358+01
467,ac552a9a-1bed-43fd-9069-2494c3dc1267,5e39c27a-d31e-4221-badf-a2591e389f0c,de,Parkplatz inbegriffen,2026-03-31 02:05:45.712358+01
468,ac552a9a-1bed-43fd-9069-2494c3dc1267,5e39c27a-d31e-4221-badf-a2591e389f0c,de,Restaurant,2026-03-31 02:05:45.712358+01
469,ac552a9a-1bed-43fd-9069-2494c3dc1267,5e39c27a-d31e-4221-badf-a2591e389f0c,de,Fitnesscenter,2026-03-31 02:05:45.712358+01
470,ac552a9a-1bed-43fd-9069-2494c3dc1267,5e39c27a-d31e-4221-badf-a2591e389f0c,de,Bar,2026-03-31 02:05:45.712358+01
471,ac552a9a-1bed-43fd-9069-2494c3dc1267,5e39c27a-d31e-4221-badf-a2591e389f0c,de,Sehr gutes Frühstück,2026-03-31 02:05:45.712358+01
472,0c8de9c8-558c-4bb9-b88f-0ec25320c875,ee2746ec-b612-4295-87c9-77479c48e860,it,Piscina coperta,2026-03-31 02:06:20.29919+01
473,0c8de9c8-558c-4bb9-b88f-0ec25320c875,ee2746ec-b612-4295-87c9-77479c48e860,it,Parcheggio privato,2026-03-31 02:06:20.29919+01
474,0c8de9c8-558c-4bb9-b88f-0ec25320c875,ee2746ec-b612-4295-87c9-77479c48e860,it,Connessione WiFi gratuita,2026-03-31 02:06:20.29919+01
475,0c8de9c8-558c-4bb9-b88f-0ec25320c875,ee2746ec-b612-4295-87c9-77479c48e860,it,Disponibilità di camere familiari,2026-03-31 02:06:20.29919+01
476,0c8de9c8-558c-4bb9-b88f-0ec25320c875,ee2746ec-b612-4295-87c9-77479c48e860,it,Navetta aeroportuale,2026-03-31 02:06:20.29919+01
477,0c8de9c8-558c-4bb9-b88f-0ec25320c875,ee2746ec-b612-4295-87c9-77479c48e860,it,Servizio in camera,2026-03-31 02:06:20.29919+01
478,0c8de9c8-558c-4bb9-b88f-0ec25320c875,ee2746ec-b612-4295-87c9-77479c48e860,it,Camere non fumatori,2026-03-31 02:06:20.29919+01
479,0c8de9c8-558c-4bb9-b88f-0ec25320c875,ee2746ec-b612-4295-87c9-77479c48e860,it,Reception 24 ore su 24,2026-03-31 02:06:20.29919+01
480,0c8de9c8-558c-4bb9-b88f-0ec25320c875,ee2746ec-b612-4295-87c9-77479c48e860,it,Servizio pulizie giornaliero,2026-03-31 02:06:20.29919+01
481,0c8de9c8-558c-4bb9-b88f-0ec25320c875,ee2746ec-b612-4295-87c9-77479c48e860,it,Colazione eccellente,2026-03-31 02:06:20.29919+01
482,0c8de9c8-558c-4bb9-b88f-0ec25320c875,ee2746ec-b612-4295-87c9-77479c48e860,it,Vedi tutti e 65 i servizi,2026-03-31 02:06:20.29919+01
483,1fb85786-2938-4081-8995-a2b4c2adc6f3,5e39c27a-d31e-4221-badf-a2591e389f0c,it,Piscina scoperta,2026-03-31 02:06:55.865941+01
484,1fb85786-2938-4081-8995-a2b4c2adc6f3,5e39c27a-d31e-4221-badf-a2591e389f0c,it,Connessione WiFi gratuita,2026-03-31 02:06:55.865941+01
485,1fb85786-2938-4081-8995-a2b4c2adc6f3,5e39c27a-d31e-4221-badf-a2591e389f0c,it,Navetta aeroportuale,2026-03-31 02:06:55.865941+01
486,1fb85786-2938-4081-8995-a2b4c2adc6f3,5e39c27a-d31e-4221-badf-a2591e389f0c,it,Spa & centro benessere,2026-03-31 02:06:55.865941+01
487,1fb85786-2938-4081-8995-a2b4c2adc6f3,5e39c27a-d31e-4221-badf-a2591e389f0c,it,Disponibilità di camere familiari,2026-03-31 02:06:55.865941+01
488,1fb85786-2938-4081-8995-a2b4c2adc6f3,5e39c27a-d31e-4221-badf-a2591e389f0c,it,Parcheggio gratuito,2026-03-31 02:06:55.865941+01
489,1fb85786-2938-4081-8995-a2b4c2adc6f3,5e39c27a-d31e-4221-badf-a2591e389f0c,it,Ristorante,2026-03-31 02:06:55.865941+01
490,1fb85786-2938-4081-8995-a2b4c2adc6f3,5e39c27a-d31e-4221-badf-a2591e389f0c,it,Palestra,2026-03-31 02:06:55.865941+01
491,1fb85786-2938-4081-8995-a2b4c2adc6f3,5e39c27a-d31e-4221-badf-a2591e389f0c,it,Bar,2026-03-31 02:06:55.865941+01
492,1fb85786-2938-4081-8995-a2b4c2adc6f3,5e39c27a-d31e-4221-badf-a2591e389f0c,it,Colazione ottima,2026-03-31 02:06:55.865941+01
493,b48317ee-12d8-4105-a1b5-a93ce4762b04,ee2746ec-b612-4295-87c9-77479c48e860,fr,Piscine intérieure,2026-03-31 02:07:30.779515+01
494,b48317ee-12d8-4105-a1b5-a93ce4762b04,ee2746ec-b612-4295-87c9-77479c48e860,fr,Parking privé,2026-03-31 02:07:30.779515+01
495,b48317ee-12d8-4105-a1b5-a93ce4762b04,ee2746ec-b612-4295-87c9-77479c48e860,fr,Connexion Wi-Fi gratuite,2026-03-31 02:07:30.779515+01
496,b48317ee-12d8-4105-a1b5-a93ce4762b04,ee2746ec-b612-4295-87c9-77479c48e860,fr,Chambres familiales,2026-03-31 02:07:30.779515+01
497,b48317ee-12d8-4105-a1b5-a93ce4762b04,ee2746ec-b612-4295-87c9-77479c48e860,fr,Navette aéroport,2026-03-31 02:07:30.779515+01
498,b48317ee-12d8-4105-a1b5-a93ce4762b04,ee2746ec-b612-4295-87c9-77479c48e860,fr,Service d'étage,2026-03-31 02:07:30.779515+01
499,b48317ee-12d8-4105-a1b5-a93ce4762b04,ee2746ec-b612-4295-87c9-77479c48e860,fr,Chambres non-fumeurs,2026-03-31 02:07:30.779515+01
500,b48317ee-12d8-4105-a1b5-a93ce4762b04,ee2746ec-b612-4295-87c9-77479c48e860,fr,Réception ouverte 24h/24,2026-03-31 02:07:30.779515+01
501,b48317ee-12d8-4105-a1b5-a93ce4762b04,ee2746ec-b612-4295-87c9-77479c48e860,fr,Service de ménage quotidien,2026-03-31 02:07:30.779515+01
502,b48317ee-12d8-4105-a1b5-a93ce4762b04,ee2746ec-b612-4295-87c9-77479c48e860,fr,Petit-déjeuner fabuleux,2026-03-31 02:07:30.779515+01
503,e7d91003-372e-4e5b-9fdd-f2bbca04bc35,5e39c27a-d31e-4221-badf-a2591e389f0c,fr,Piscine extérieure,2026-03-31 02:08:08.385768+01
504,e7d91003-372e-4e5b-9fdd-f2bbca04bc35,5e39c27a-d31e-4221-badf-a2591e389f0c,fr,Connexion Wi-Fi gratuite,2026-03-31 02:08:08.385768+01
505,e7d91003-372e-4e5b-9fdd-f2bbca04bc35,5e39c27a-d31e-4221-badf-a2591e389f0c,fr,Navette aéroport,2026-03-31 02:08:08.385768+01
506,e7d91003-372e-4e5b-9fdd-f2bbca04bc35,5e39c27a-d31e-4221-badf-a2591e389f0c,fr,Spa et centre de bien-être,2026-03-31 02:08:08.385768+01
507,e7d91003-372e-4e5b-9fdd-f2bbca04bc35,5e39c27a-d31e-4221-badf-a2591e389f0c,fr,Chambres familiales,2026-03-31 02:08:08.385768+01
508,e7d91003-372e-4e5b-9fdd-f2bbca04bc35,5e39c27a-d31e-4221-badf-a2591e389f0c,fr,Parking gratuit,2026-03-31 02:08:08.385768+01
509,e7d91003-372e-4e5b-9fdd-f2bbca04bc35,5e39c27a-d31e-4221-badf-a2591e389f0c,fr,Restaurant,2026-03-31 02:08:08.385768+01
510,e7d91003-372e-4e5b-9fdd-f2bbca04bc35,5e39c27a-d31e-4221-badf-a2591e389f0c,fr,Centre de remise en forme,2026-03-31 02:08:08.385768+01
511,e7d91003-372e-4e5b-9fdd-f2bbca04bc35,5e39c27a-d31e-4221-badf-a2591e389f0c,fr,Bar,2026-03-31 02:08:08.385768+01
512,e7d91003-372e-4e5b-9fdd-f2bbca04bc35,5e39c27a-d31e-4221-badf-a2591e389f0c,fr,Très bon petit-déjeuner,2026-03-31 02:08:08.385768+01
513,595b17bd-8bd0-4a31-94c3-49fb6e0098b1,ee2746ec-b612-4295-87c9-77479c48e860,pt,Piscina interior,2026-03-31 02:08:41.026522+01
514,595b17bd-8bd0-4a31-94c3-49fb6e0098b1,ee2746ec-b612-4295-87c9-77479c48e860,pt,Estacionamento privado,2026-03-31 02:08:41.026522+01
515,595b17bd-8bd0-4a31-94c3-49fb6e0098b1,ee2746ec-b612-4295-87c9-77479c48e860,pt,Acesso Wi-Fi gratuito,2026-03-31 02:08:41.026522+01
516,595b17bd-8bd0-4a31-94c3-49fb6e0098b1,ee2746ec-b612-4295-87c9-77479c48e860,pt,Quartos familiares,2026-03-31 02:08:41.026522+01
517,595b17bd-8bd0-4a31-94c3-49fb6e0098b1,ee2746ec-b612-4295-87c9-77479c48e860,pt,Transfer (aeroporto),2026-03-31 02:08:41.026522+01
518,595b17bd-8bd0-4a31-94c3-49fb6e0098b1,ee2746ec-b612-4295-87c9-77479c48e860,pt,Serviço de quartos,2026-03-31 02:08:41.026522+01
519,595b17bd-8bd0-4a31-94c3-49fb6e0098b1,ee2746ec-b612-4295-87c9-77479c48e860,pt,Quartos para não fumadores,2026-03-31 02:08:41.026522+01
520,595b17bd-8bd0-4a31-94c3-49fb6e0098b1,ee2746ec-b612-4295-87c9-77479c48e860,pt,Receção disponível 24 horas,2026-03-31 02:08:41.026522+01
521,595b17bd-8bd0-4a31-94c3-49fb6e0098b1,ee2746ec-b612-4295-87c9-77479c48e860,pt,Serviço de limpeza diário,2026-03-31 02:08:41.026522+01
522,595b17bd-8bd0-4a31-94c3-49fb6e0098b1,ee2746ec-b612-4295-87c9-77479c48e860,pt,Soberbo pequeno-almoço,2026-03-31 02:08:41.026522+01
523,595b17bd-8bd0-4a31-94c3-49fb6e0098b1,ee2746ec-b612-4295-87c9-77479c48e860,pt,Ver as 65 comodidades,2026-03-31 02:08:41.026522+01
524,296d9504-c00b-4c7f-b061-883e94c213c3,5e39c27a-d31e-4221-badf-a2591e389f0c,pt,Piscina exterior,2026-03-31 02:09:16.457026+01
525,296d9504-c00b-4c7f-b061-883e94c213c3,5e39c27a-d31e-4221-badf-a2591e389f0c,pt,Acesso Wi-Fi gratuito,2026-03-31 02:09:16.457026+01
526,296d9504-c00b-4c7f-b061-883e94c213c3,5e39c27a-d31e-4221-badf-a2591e389f0c,pt,Transfer (aeroporto),2026-03-31 02:09:16.457026+01
527,296d9504-c00b-4c7f-b061-883e94c213c3,5e39c27a-d31e-4221-badf-a2591e389f0c,pt,Spa e centro de bem-estar,2026-03-31 02:09:16.457026+01
528,296d9504-c00b-4c7f-b061-883e94c213c3,5e39c27a-d31e-4221-badf-a2591e389f0c,pt,Quartos familiares,2026-03-31 02:09:16.457026+01
529,296d9504-c00b-4c7f-b061-883e94c213c3,5e39c27a-d31e-4221-badf-a2591e389f0c,pt,Estacionamento gratuito,2026-03-31 02:09:16.457026+01
530,296d9504-c00b-4c7f-b061-883e94c213c3,5e39c27a-d31e-4221-badf-a2591e389f0c,pt,Restaurante,2026-03-31 02:09:16.457026+01
531,296d9504-c00b-4c7f-b061-883e94c213c3,5e39c27a-d31e-4221-badf-a2591e389f0c,pt,Centro de fitness,2026-03-31 02:09:16.457026+01
532,296d9504-c00b-4c7f-b061-883e94c213c3,5e39c27a-d31e-4221-badf-a2591e389f0c,pt,Bar,2026-03-31 02:09:16.457026+01
533,296d9504-c00b-4c7f-b061-883e94c213c3,5e39c27a-d31e-4221-badf-a2591e389f0c,pt,Muito bom pequeno-almoço,2026-03-31 02:09:16.457026+01
534,296d9504-c00b-4c7f-b061-883e94c213c3,5e39c27a-d31e-4221-badf-a2591e389f0c,pt,Ver as 80 comodidades,2026-03-31 02:09:16.457026+01
535,afa7020b-c303-4e35-b638-bf968e88eeb9,9ea337e0-96c8-484f-b6f2-307e3c419666,en,Outdoor swimming pool,2026-03-31 02:09:56.776804+01
536,afa7020b-c303-4e35-b638-bf968e88eeb9,9ea337e0-96c8-484f-b6f2-307e3c419666,en,Free WiFi,2026-03-31 02:09:56.776804+01
537,afa7020b-c303-4e35-b638-bf968e88eeb9,9ea337e0-96c8-484f-b6f2-307e3c419666,en,Restaurant,2026-03-31 02:09:56.776804+01
538,afa7020b-c303-4e35-b638-bf968e88eeb9,9ea337e0-96c8-484f-b6f2-307e3c419666,en,Non-smoking rooms,2026-03-31 02:09:56.776804+01
539,afa7020b-c303-4e35-b638-bf968e88eeb9,9ea337e0-96c8-484f-b6f2-307e3c419666,en,Room service,2026-03-31 02:09:56.776804+01
540,afa7020b-c303-4e35-b638-bf968e88eeb9,9ea337e0-96c8-484f-b6f2-307e3c419666,en,24-hour front desk,2026-03-31 02:09:56.776804+01
541,afa7020b-c303-4e35-b638-bf968e88eeb9,9ea337e0-96c8-484f-b6f2-307e3c419666,en,Facilities for disabled guests,2026-03-31 02:09:56.776804+01
542,afa7020b-c303-4e35-b638-bf968e88eeb9,9ea337e0-96c8-484f-b6f2-307e3c419666,en,Terrace,2026-03-31 02:09:56.776804+01
543,afa7020b-c303-4e35-b638-bf968e88eeb9,9ea337e0-96c8-484f-b6f2-307e3c419666,en,Bar,2026-03-31 02:09:56.776804+01
544,afa7020b-c303-4e35-b638-bf968e88eeb9,9ea337e0-96c8-484f-b6f2-307e3c419666,en,Good breakfast,2026-03-31 02:09:56.776804+01
545,89b5e278-1735-4722-8ee2-1a64b5dc7f3d,f942bd6b-0169-41e9-9966-7a960225590f,en,Outdoor swimming pool,2026-03-31 02:10:32.021368+01
546,89b5e278-1735-4722-8ee2-1a64b5dc7f3d,f942bd6b-0169-41e9-9966-7a960225590f,en,Free WiFi,2026-03-31 02:10:32.021368+01
547,89b5e278-1735-4722-8ee2-1a64b5dc7f3d,f942bd6b-0169-41e9-9966-7a960225590f,en,Beachfront,2026-03-31 02:10:32.021368+01
548,89b5e278-1735-4722-8ee2-1a64b5dc7f3d,f942bd6b-0169-41e9-9966-7a960225590f,en,Family rooms,2026-03-31 02:10:32.021368+01
549,89b5e278-1735-4722-8ee2-1a64b5dc7f3d,f942bd6b-0169-41e9-9966-7a960225590f,en,Restaurant,2026-03-31 02:10:32.021368+01
550,89b5e278-1735-4722-8ee2-1a64b5dc7f3d,f942bd6b-0169-41e9-9966-7a960225590f,en,Room service,2026-03-31 02:10:32.021368+01
551,89b5e278-1735-4722-8ee2-1a64b5dc7f3d,f942bd6b-0169-41e9-9966-7a960225590f,en,Non-smoking rooms,2026-03-31 02:10:32.021368+01
552,89b5e278-1735-4722-8ee2-1a64b5dc7f3d,f942bd6b-0169-41e9-9966-7a960225590f,en,24-hour front desk,2026-03-31 02:10:32.021368+01
553,89b5e278-1735-4722-8ee2-1a64b5dc7f3d,f942bd6b-0169-41e9-9966-7a960225590f,en,Bar,2026-03-31 02:10:32.021368+01
554,89b5e278-1735-4722-8ee2-1a64b5dc7f3d,f942bd6b-0169-41e9-9966-7a960225590f,en,Superb breakfast,2026-03-31 02:10:32.021368+01
555,c53253f0-40bc-46a4-844e-66f4d4515bae,9ea337e0-96c8-484f-b6f2-307e3c419666,es,Piscina al aire libre,2026-03-31 02:11:06.562482+01
556,c53253f0-40bc-46a4-844e-66f4d4515bae,9ea337e0-96c8-484f-b6f2-307e3c419666,es,WiFi gratis,2026-03-31 02:11:06.562482+01
557,c53253f0-40bc-46a4-844e-66f4d4515bae,9ea337e0-96c8-484f-b6f2-307e3c419666,es,Restaurante,2026-03-31 02:11:06.562482+01
558,c53253f0-40bc-46a4-844e-66f4d4515bae,9ea337e0-96c8-484f-b6f2-307e3c419666,es,Habitaciones sin humo,2026-03-31 02:11:06.562482+01
559,c53253f0-40bc-46a4-844e-66f4d4515bae,9ea337e0-96c8-484f-b6f2-307e3c419666,es,Servicio de habitaciones,2026-03-31 02:11:06.562482+01
560,c53253f0-40bc-46a4-844e-66f4d4515bae,9ea337e0-96c8-484f-b6f2-307e3c419666,es,Recepción 24 horas,2026-03-31 02:11:06.562482+01
561,c53253f0-40bc-46a4-844e-66f4d4515bae,9ea337e0-96c8-484f-b6f2-307e3c419666,es,Adaptado personas de movilidad reducida,2026-03-31 02:11:06.562482+01
562,c53253f0-40bc-46a4-844e-66f4d4515bae,9ea337e0-96c8-484f-b6f2-307e3c419666,es,Terraza,2026-03-31 02:11:06.562482+01
563,c53253f0-40bc-46a4-844e-66f4d4515bae,9ea337e0-96c8-484f-b6f2-307e3c419666,es,Bar,2026-03-31 02:11:06.562482+01
564,c53253f0-40bc-46a4-844e-66f4d4515bae,9ea337e0-96c8-484f-b6f2-307e3c419666,es,Buen desayuno,2026-03-31 02:11:06.562482+01
565,2905bf20-afea-4b0d-b94f-20b0ab7d0c41,f942bd6b-0169-41e9-9966-7a960225590f,es,Piscina al aire libre,2026-03-31 02:11:41.630867+01
566,2905bf20-afea-4b0d-b94f-20b0ab7d0c41,f942bd6b-0169-41e9-9966-7a960225590f,es,WiFi gratis,2026-03-31 02:11:41.630867+01
567,2905bf20-afea-4b0d-b94f-20b0ab7d0c41,f942bd6b-0169-41e9-9966-7a960225590f,es,Situado frente a la playa,2026-03-31 02:11:41.630867+01
568,2905bf20-afea-4b0d-b94f-20b0ab7d0c41,f942bd6b-0169-41e9-9966-7a960225590f,es,Habitaciones familiares,2026-03-31 02:11:41.630867+01
569,2905bf20-afea-4b0d-b94f-20b0ab7d0c41,f942bd6b-0169-41e9-9966-7a960225590f,es,Restaurante,2026-03-31 02:11:41.630867+01
570,2905bf20-afea-4b0d-b94f-20b0ab7d0c41,f942bd6b-0169-41e9-9966-7a960225590f,es,Servicio de habitaciones,2026-03-31 02:11:41.630867+01
571,2905bf20-afea-4b0d-b94f-20b0ab7d0c41,f942bd6b-0169-41e9-9966-7a960225590f,es,Habitaciones sin humo,2026-03-31 02:11:41.630867+01
572,2905bf20-afea-4b0d-b94f-20b0ab7d0c41,f942bd6b-0169-41e9-9966-7a960225590f,es,Recepción 24 horas,2026-03-31 02:11:41.630867+01
573,2905bf20-afea-4b0d-b94f-20b0ab7d0c41,f942bd6b-0169-41e9-9966-7a960225590f,es,Bar,2026-03-31 02:11:41.630867+01
574,2905bf20-afea-4b0d-b94f-20b0ab7d0c41,f942bd6b-0169-41e9-9966-7a960225590f,es,Desayuno fantástico,2026-03-31 02:11:41.630867+01
575,b2edf3bb-6345-4d10-9a71-e10ba33f2554,9ea337e0-96c8-484f-b6f2-307e3c419666,de,Außenpool,2026-03-31 02:12:16.386005+01
576,b2edf3bb-6345-4d10-9a71-e10ba33f2554,9ea337e0-96c8-484f-b6f2-307e3c419666,de,WLAN inklusive,2026-03-31 02:12:16.386005+01
577,b2edf3bb-6345-4d10-9a71-e10ba33f2554,9ea337e0-96c8-484f-b6f2-307e3c419666,de,Restaurant,2026-03-31 02:12:16.386005+01
578,b2edf3bb-6345-4d10-9a71-e10ba33f2554,9ea337e0-96c8-484f-b6f2-307e3c419666,de,Nichtraucherzimmer,2026-03-31 02:12:16.386005+01
579,b2edf3bb-6345-4d10-9a71-e10ba33f2554,9ea337e0-96c8-484f-b6f2-307e3c419666,de,Zimmerservice,2026-03-31 02:12:16.386005+01
580,b2edf3bb-6345-4d10-9a71-e10ba33f2554,9ea337e0-96c8-484f-b6f2-307e3c419666,de,24-Stunden-Rezeption,2026-03-31 02:12:16.386005+01
581,b2edf3bb-6345-4d10-9a71-e10ba33f2554,9ea337e0-96c8-484f-b6f2-307e3c419666,de,Einrichtungen für behinderte Gäste,2026-03-31 02:12:16.386005+01
582,b2edf3bb-6345-4d10-9a71-e10ba33f2554,9ea337e0-96c8-484f-b6f2-307e3c419666,de,Terrasse,2026-03-31 02:12:16.386005+01
583,b2edf3bb-6345-4d10-9a71-e10ba33f2554,9ea337e0-96c8-484f-b6f2-307e3c419666,de,Bar,2026-03-31 02:12:16.386005+01
584,b2edf3bb-6345-4d10-9a71-e10ba33f2554,9ea337e0-96c8-484f-b6f2-307e3c419666,de,Gutes Frühstück,2026-03-31 02:12:16.386005+01
585,e068c80d-fd93-4458-838f-49030e3d9363,f942bd6b-0169-41e9-9966-7a960225590f,de,Außenpool,2026-03-31 02:12:51.308758+01
586,e068c80d-fd93-4458-838f-49030e3d9363,f942bd6b-0169-41e9-9966-7a960225590f,de,WLAN inklusive,2026-03-31 02:12:51.308758+01
587,e068c80d-fd93-4458-838f-49030e3d9363,f942bd6b-0169-41e9-9966-7a960225590f,de,am Strand,2026-03-31 02:12:51.308758+01
588,e068c80d-fd93-4458-838f-49030e3d9363,f942bd6b-0169-41e9-9966-7a960225590f,de,Familienzimmer,2026-03-31 02:12:51.308758+01
589,e068c80d-fd93-4458-838f-49030e3d9363,f942bd6b-0169-41e9-9966-7a960225590f,de,Restaurant,2026-03-31 02:12:51.308758+01
590,e068c80d-fd93-4458-838f-49030e3d9363,f942bd6b-0169-41e9-9966-7a960225590f,de,Zimmerservice,2026-03-31 02:12:51.308758+01
591,e068c80d-fd93-4458-838f-49030e3d9363,f942bd6b-0169-41e9-9966-7a960225590f,de,Nichtraucherzimmer,2026-03-31 02:12:51.308758+01
592,e068c80d-fd93-4458-838f-49030e3d9363,f942bd6b-0169-41e9-9966-7a960225590f,de,24-Stunden-Rezeption,2026-03-31 02:12:51.308758+01
593,e068c80d-fd93-4458-838f-49030e3d9363,f942bd6b-0169-41e9-9966-7a960225590f,de,Bar,2026-03-31 02:12:51.308758+01
594,e068c80d-fd93-4458-838f-49030e3d9363,f942bd6b-0169-41e9-9966-7a960225590f,de,Hervorragendes Frühstück,2026-03-31 02:12:51.308758+01
595,e068c80d-fd93-4458-838f-49030e3d9363,f942bd6b-0169-41e9-9966-7a960225590f,de,56 Einrichtungen anzeigen,2026-03-31 02:12:51.308758+01
596,b9af3499-973b-4803-b493-bc822a7b9f44,9ea337e0-96c8-484f-b6f2-307e3c419666,it,Piscina scoperta,2026-03-31 02:13:26.014576+01
597,b9af3499-973b-4803-b493-bc822a7b9f44,9ea337e0-96c8-484f-b6f2-307e3c419666,it,Connessione WiFi gratuita,2026-03-31 02:13:26.014576+01
598,b9af3499-973b-4803-b493-bc822a7b9f44,9ea337e0-96c8-484f-b6f2-307e3c419666,it,Ristorante,2026-03-31 02:13:26.014576+01
599,b9af3499-973b-4803-b493-bc822a7b9f44,9ea337e0-96c8-484f-b6f2-307e3c419666,it,Camere non fumatori,2026-03-31 02:13:26.014576+01
600,b9af3499-973b-4803-b493-bc822a7b9f44,9ea337e0-96c8-484f-b6f2-307e3c419666,it,Servizio in camera,2026-03-31 02:13:26.014576+01
601,b9af3499-973b-4803-b493-bc822a7b9f44,9ea337e0-96c8-484f-b6f2-307e3c419666,it,Reception 24 ore su 24,2026-03-31 02:13:26.014576+01
602,b9af3499-973b-4803-b493-bc822a7b9f44,9ea337e0-96c8-484f-b6f2-307e3c419666,it,Camere/strutture per ospiti disabili,2026-03-31 02:13:26.014576+01
603,b9af3499-973b-4803-b493-bc822a7b9f44,9ea337e0-96c8-484f-b6f2-307e3c419666,it,Terrazza,2026-03-31 02:13:26.014576+01
604,b9af3499-973b-4803-b493-bc822a7b9f44,9ea337e0-96c8-484f-b6f2-307e3c419666,it,Bar,2026-03-31 02:13:26.014576+01
605,b9af3499-973b-4803-b493-bc822a7b9f44,9ea337e0-96c8-484f-b6f2-307e3c419666,it,Colazione buona,2026-03-31 02:13:26.014576+01
606,b9af3499-973b-4803-b493-bc822a7b9f44,9ea337e0-96c8-484f-b6f2-307e3c419666,it,Vedi tutti e 48 i servizi,2026-03-31 02:13:26.014576+01
607,3de19e64-29c9-4de1-a08e-cf93fb317928,f942bd6b-0169-41e9-9966-7a960225590f,it,Piscina scoperta,2026-03-31 02:14:03.106052+01
608,3de19e64-29c9-4de1-a08e-cf93fb317928,f942bd6b-0169-41e9-9966-7a960225590f,it,Connessione WiFi gratuita,2026-03-31 02:14:03.106052+01
609,3de19e64-29c9-4de1-a08e-cf93fb317928,f942bd6b-0169-41e9-9966-7a960225590f,it,Fronte spiaggia,2026-03-31 02:14:03.106052+01
610,3de19e64-29c9-4de1-a08e-cf93fb317928,f942bd6b-0169-41e9-9966-7a960225590f,it,Disponibilità di camere familiari,2026-03-31 02:14:03.106052+01
611,3de19e64-29c9-4de1-a08e-cf93fb317928,f942bd6b-0169-41e9-9966-7a960225590f,it,Ristorante,2026-03-31 02:14:03.106052+01
612,3de19e64-29c9-4de1-a08e-cf93fb317928,f942bd6b-0169-41e9-9966-7a960225590f,it,Servizio in camera,2026-03-31 02:14:03.106052+01
613,3de19e64-29c9-4de1-a08e-cf93fb317928,f942bd6b-0169-41e9-9966-7a960225590f,it,Camere non fumatori,2026-03-31 02:14:03.106052+01
614,3de19e64-29c9-4de1-a08e-cf93fb317928,f942bd6b-0169-41e9-9966-7a960225590f,it,Reception 24 ore su 24,2026-03-31 02:14:03.106052+01
615,3de19e64-29c9-4de1-a08e-cf93fb317928,f942bd6b-0169-41e9-9966-7a960225590f,it,Bar,2026-03-31 02:14:03.106052+01
616,3de19e64-29c9-4de1-a08e-cf93fb317928,f942bd6b-0169-41e9-9966-7a960225590f,it,Colazione eccellente,2026-03-31 02:14:03.106052+01
617,f4d8bc70-cdbe-491f-bb08-77ab2a1a29fb,9ea337e0-96c8-484f-b6f2-307e3c419666,fr,Piscine extérieure,2026-03-31 02:14:35.466608+01
618,f4d8bc70-cdbe-491f-bb08-77ab2a1a29fb,9ea337e0-96c8-484f-b6f2-307e3c419666,fr,Connexion Wi-Fi gratuite,2026-03-31 02:14:35.466608+01
619,f4d8bc70-cdbe-491f-bb08-77ab2a1a29fb,9ea337e0-96c8-484f-b6f2-307e3c419666,fr,Restaurant,2026-03-31 02:14:35.466608+01
620,f4d8bc70-cdbe-491f-bb08-77ab2a1a29fb,9ea337e0-96c8-484f-b6f2-307e3c419666,fr,Chambres non-fumeurs,2026-03-31 02:14:35.466608+01
621,f4d8bc70-cdbe-491f-bb08-77ab2a1a29fb,9ea337e0-96c8-484f-b6f2-307e3c419666,fr,Service d'étage,2026-03-31 02:14:35.466608+01
622,f4d8bc70-cdbe-491f-bb08-77ab2a1a29fb,9ea337e0-96c8-484f-b6f2-307e3c419666,fr,Réception ouverte 24h/24,2026-03-31 02:14:35.466608+01
623,f4d8bc70-cdbe-491f-bb08-77ab2a1a29fb,9ea337e0-96c8-484f-b6f2-307e3c419666,fr,Équipements pour les personnes handicapées,2026-03-31 02:14:35.466608+01
624,f4d8bc70-cdbe-491f-bb08-77ab2a1a29fb,9ea337e0-96c8-484f-b6f2-307e3c419666,fr,Terrasse,2026-03-31 02:14:35.466608+01
625,f4d8bc70-cdbe-491f-bb08-77ab2a1a29fb,9ea337e0-96c8-484f-b6f2-307e3c419666,fr,Bar,2026-03-31 02:14:35.466608+01
626,f4d8bc70-cdbe-491f-bb08-77ab2a1a29fb,9ea337e0-96c8-484f-b6f2-307e3c419666,fr,Bon petit-déjeuner,2026-03-31 02:14:35.466608+01
627,fe333e96-1227-4225-8b63-639de81d462c,f942bd6b-0169-41e9-9966-7a960225590f,fr,Piscine extérieure,2026-03-31 02:15:10.538236+01
628,fe333e96-1227-4225-8b63-639de81d462c,f942bd6b-0169-41e9-9966-7a960225590f,fr,Connexion Wi-Fi gratuite,2026-03-31 02:15:10.538236+01
629,fe333e96-1227-4225-8b63-639de81d462c,f942bd6b-0169-41e9-9966-7a960225590f,fr,En bord de plage,2026-03-31 02:15:10.538236+01
630,fe333e96-1227-4225-8b63-639de81d462c,f942bd6b-0169-41e9-9966-7a960225590f,fr,Chambres familiales,2026-03-31 02:15:10.538236+01
631,fe333e96-1227-4225-8b63-639de81d462c,f942bd6b-0169-41e9-9966-7a960225590f,fr,Restaurant,2026-03-31 02:15:10.538236+01
632,fe333e96-1227-4225-8b63-639de81d462c,f942bd6b-0169-41e9-9966-7a960225590f,fr,Service d'étage,2026-03-31 02:15:10.538236+01
633,fe333e96-1227-4225-8b63-639de81d462c,f942bd6b-0169-41e9-9966-7a960225590f,fr,Chambres non-fumeurs,2026-03-31 02:15:10.538236+01
634,fe333e96-1227-4225-8b63-639de81d462c,f942bd6b-0169-41e9-9966-7a960225590f,fr,Réception ouverte 24h/24,2026-03-31 02:15:10.538236+01
635,fe333e96-1227-4225-8b63-639de81d462c,f942bd6b-0169-41e9-9966-7a960225590f,fr,Bar,2026-03-31 02:15:10.538236+01
636,fe333e96-1227-4225-8b63-639de81d462c,f942bd6b-0169-41e9-9966-7a960225590f,fr,Petit-déjeuner fabuleux,2026-03-31 02:15:10.538236+01
637,e01e50fc-9d0b-4a99-9e58-b5db23de8a53,9ea337e0-96c8-484f-b6f2-307e3c419666,pt,Piscina exterior,2026-03-31 02:15:45.165701+01
638,e01e50fc-9d0b-4a99-9e58-b5db23de8a53,9ea337e0-96c8-484f-b6f2-307e3c419666,pt,Acesso Wi-Fi gratuito,2026-03-31 02:15:45.165701+01
639,e01e50fc-9d0b-4a99-9e58-b5db23de8a53,9ea337e0-96c8-484f-b6f2-307e3c419666,pt,Restaurante,2026-03-31 02:15:45.165701+01
640,e01e50fc-9d0b-4a99-9e58-b5db23de8a53,9ea337e0-96c8-484f-b6f2-307e3c419666,pt,Quartos para não fumadores,2026-03-31 02:15:45.165701+01
641,e01e50fc-9d0b-4a99-9e58-b5db23de8a53,9ea337e0-96c8-484f-b6f2-307e3c419666,pt,Serviço de quartos,2026-03-31 02:15:45.165701+01
642,e01e50fc-9d0b-4a99-9e58-b5db23de8a53,9ea337e0-96c8-484f-b6f2-307e3c419666,pt,Receção disponível 24 horas,2026-03-31 02:15:45.165701+01
643,e01e50fc-9d0b-4a99-9e58-b5db23de8a53,9ea337e0-96c8-484f-b6f2-307e3c419666,pt,Comodidades para pessoas com mobilidade condicionada,2026-03-31 02:15:45.165701+01
644,e01e50fc-9d0b-4a99-9e58-b5db23de8a53,9ea337e0-96c8-484f-b6f2-307e3c419666,pt,Terraço,2026-03-31 02:15:45.165701+01
645,e01e50fc-9d0b-4a99-9e58-b5db23de8a53,9ea337e0-96c8-484f-b6f2-307e3c419666,pt,Bar,2026-03-31 02:15:45.165701+01
646,e01e50fc-9d0b-4a99-9e58-b5db23de8a53,9ea337e0-96c8-484f-b6f2-307e3c419666,pt,Bom pequeno-almoço,2026-03-31 02:15:45.165701+01
647,e01e50fc-9d0b-4a99-9e58-b5db23de8a53,9ea337e0-96c8-484f-b6f2-307e3c419666,pt,Ver as 48 comodidades,2026-03-31 02:15:45.165701+01
648,dfe49ddb-9150-4e68-8bc8-5cfed2bf12e6,f942bd6b-0169-41e9-9966-7a960225590f,pt,Piscina exterior,2026-03-31 02:16:20.213633+01
649,dfe49ddb-9150-4e68-8bc8-5cfed2bf12e6,f942bd6b-0169-41e9-9966-7a960225590f,pt,Acesso Wi-Fi gratuito,2026-03-31 02:16:20.213633+01
650,dfe49ddb-9150-4e68-8bc8-5cfed2bf12e6,f942bd6b-0169-41e9-9966-7a960225590f,pt,Frente à praia,2026-03-31 02:16:20.213633+01
651,dfe49ddb-9150-4e68-8bc8-5cfed2bf12e6,f942bd6b-0169-41e9-9966-7a960225590f,pt,Quartos familiares,2026-03-31 02:16:20.213633+01
652,dfe49ddb-9150-4e68-8bc8-5cfed2bf12e6,f942bd6b-0169-41e9-9966-7a960225590f,pt,Restaurante,2026-03-31 02:16:20.213633+01
653,dfe49ddb-9150-4e68-8bc8-5cfed2bf12e6,f942bd6b-0169-41e9-9966-7a960225590f,pt,Serviço de quartos,2026-03-31 02:16:20.213633+01
654,dfe49ddb-9150-4e68-8bc8-5cfed2bf12e6,f942bd6b-0169-41e9-9966-7a960225590f,pt,Quartos para não fumadores,2026-03-31 02:16:20.213633+01
655,dfe49ddb-9150-4e68-8bc8-5cfed2bf12e6,f942bd6b-0169-41e9-9966-7a960225590f,pt,Receção disponível 24 horas,2026-03-31 02:16:20.213633+01
656,dfe49ddb-9150-4e68-8bc8-5cfed2bf12e6,f942bd6b-0169-41e9-9966-7a960225590f,pt,Bar,2026-03-31 02:16:20.213633+01
657,dfe49ddb-9150-4e68-8bc8-5cfed2bf12e6,f942bd6b-0169-41e9-9966-7a960225590f,pt,Soberbo pequeno-almoço,2026-03-31 02:16:20.213633+01
658,6867a2d9-be6e-4065-b1df-d29476c394d8,ba96b472-29fe-4d49-bdc3-4a352662fa89,en,Outdoor swimming pool,2026-03-31 02:17:00.386806+01
659,6867a2d9-be6e-4065-b1df-d29476c394d8,ba96b472-29fe-4d49-bdc3-4a352662fa89,en,Free WiFi,2026-03-31 02:17:00.386806+01
660,6867a2d9-be6e-4065-b1df-d29476c394d8,ba96b472-29fe-4d49-bdc3-4a352662fa89,en,Private parking,2026-03-31 02:17:00.386806+01
661,6867a2d9-be6e-4065-b1df-d29476c394d8,ba96b472-29fe-4d49-bdc3-4a352662fa89,en,Fitness centre,2026-03-31 02:17:00.386806+01
662,6867a2d9-be6e-4065-b1df-d29476c394d8,ba96b472-29fe-4d49-bdc3-4a352662fa89,en,Restaurant,2026-03-31 02:17:00.386806+01
663,6867a2d9-be6e-4065-b1df-d29476c394d8,ba96b472-29fe-4d49-bdc3-4a352662fa89,en,Non-smoking rooms,2026-03-31 02:17:00.386806+01
664,6867a2d9-be6e-4065-b1df-d29476c394d8,ba96b472-29fe-4d49-bdc3-4a352662fa89,en,24-hour front desk,2026-03-31 02:17:00.386806+01
665,6867a2d9-be6e-4065-b1df-d29476c394d8,ba96b472-29fe-4d49-bdc3-4a352662fa89,en,Room service,2026-03-31 02:17:00.386806+01
666,6867a2d9-be6e-4065-b1df-d29476c394d8,ba96b472-29fe-4d49-bdc3-4a352662fa89,en,Bar,2026-03-31 02:17:00.386806+01
667,6867a2d9-be6e-4065-b1df-d29476c394d8,ba96b472-29fe-4d49-bdc3-4a352662fa89,en,Very good breakfast,2026-03-31 02:17:00.386806+01
668,7bb2a81f-d09a-400a-a06e-3c772ec79bb6,ba96b472-29fe-4d49-bdc3-4a352662fa89,es,Piscina al aire libre,2026-03-31 02:17:50.225447+01
669,7bb2a81f-d09a-400a-a06e-3c772ec79bb6,ba96b472-29fe-4d49-bdc3-4a352662fa89,es,WiFi gratis,2026-03-31 02:17:50.225447+01
670,7bb2a81f-d09a-400a-a06e-3c772ec79bb6,ba96b472-29fe-4d49-bdc3-4a352662fa89,es,Parking privado,2026-03-31 02:17:50.225447+01
671,7bb2a81f-d09a-400a-a06e-3c772ec79bb6,ba96b472-29fe-4d49-bdc3-4a352662fa89,es,Gimnasio,2026-03-31 02:17:50.225447+01
672,7bb2a81f-d09a-400a-a06e-3c772ec79bb6,ba96b472-29fe-4d49-bdc3-4a352662fa89,es,Restaurante,2026-03-31 02:17:50.225447+01
673,7bb2a81f-d09a-400a-a06e-3c772ec79bb6,ba96b472-29fe-4d49-bdc3-4a352662fa89,es,Habitaciones sin humo,2026-03-31 02:17:50.225447+01
674,7bb2a81f-d09a-400a-a06e-3c772ec79bb6,ba96b472-29fe-4d49-bdc3-4a352662fa89,es,Recepción 24 horas,2026-03-31 02:17:50.225447+01
675,7bb2a81f-d09a-400a-a06e-3c772ec79bb6,ba96b472-29fe-4d49-bdc3-4a352662fa89,es,Servicio de habitaciones,2026-03-31 02:17:50.225447+01
676,7bb2a81f-d09a-400a-a06e-3c772ec79bb6,ba96b472-29fe-4d49-bdc3-4a352662fa89,es,Bar,2026-03-31 02:17:50.225447+01
677,7bb2a81f-d09a-400a-a06e-3c772ec79bb6,ba96b472-29fe-4d49-bdc3-4a352662fa89,es,Muy buen desayuno,2026-03-31 02:17:50.225447+01
678,46959383-9336-47ca-9fa5-a00f43fbfb57,ba96b472-29fe-4d49-bdc3-4a352662fa89,de,Außenpool,2026-03-31 02:18:37.466971+01
679,46959383-9336-47ca-9fa5-a00f43fbfb57,ba96b472-29fe-4d49-bdc3-4a352662fa89,de,WLAN inklusive,2026-03-31 02:18:37.466971+01
680,46959383-9336-47ca-9fa5-a00f43fbfb57,ba96b472-29fe-4d49-bdc3-4a352662fa89,de,Privatparkplatz,2026-03-31 02:18:37.466971+01
681,46959383-9336-47ca-9fa5-a00f43fbfb57,ba96b472-29fe-4d49-bdc3-4a352662fa89,de,Fitnesscenter,2026-03-31 02:18:37.466971+01
682,46959383-9336-47ca-9fa5-a00f43fbfb57,ba96b472-29fe-4d49-bdc3-4a352662fa89,de,Restaurant,2026-03-31 02:18:37.466971+01
683,46959383-9336-47ca-9fa5-a00f43fbfb57,ba96b472-29fe-4d49-bdc3-4a352662fa89,de,Nichtraucherzimmer,2026-03-31 02:18:37.466971+01
684,46959383-9336-47ca-9fa5-a00f43fbfb57,ba96b472-29fe-4d49-bdc3-4a352662fa89,de,24-Stunden-Rezeption,2026-03-31 02:18:37.466971+01
685,46959383-9336-47ca-9fa5-a00f43fbfb57,ba96b472-29fe-4d49-bdc3-4a352662fa89,de,Zimmerservice,2026-03-31 02:18:37.466971+01
686,46959383-9336-47ca-9fa5-a00f43fbfb57,ba96b472-29fe-4d49-bdc3-4a352662fa89,de,Bar,2026-03-31 02:18:37.466971+01
687,46959383-9336-47ca-9fa5-a00f43fbfb57,ba96b472-29fe-4d49-bdc3-4a352662fa89,de,Sehr gutes Frühstück,2026-03-31 02:18:37.466971+01
688,46959383-9336-47ca-9fa5-a00f43fbfb57,ba96b472-29fe-4d49-bdc3-4a352662fa89,de,43 Einrichtungen anzeigen,2026-03-31 02:18:37.466971+01
689,61c593ff-f80f-4577-851e-9382fc2e7ff7,ba96b472-29fe-4d49-bdc3-4a352662fa89,it,Piscina scoperta,2026-03-31 02:19:22.760643+01
690,61c593ff-f80f-4577-851e-9382fc2e7ff7,ba96b472-29fe-4d49-bdc3-4a352662fa89,it,Connessione WiFi gratuita,2026-03-31 02:19:22.760643+01
691,61c593ff-f80f-4577-851e-9382fc2e7ff7,ba96b472-29fe-4d49-bdc3-4a352662fa89,it,Parcheggio privato,2026-03-31 02:19:22.760643+01
692,61c593ff-f80f-4577-851e-9382fc2e7ff7,ba96b472-29fe-4d49-bdc3-4a352662fa89,it,Palestra,2026-03-31 02:19:22.760643+01
693,61c593ff-f80f-4577-851e-9382fc2e7ff7,ba96b472-29fe-4d49-bdc3-4a352662fa89,it,Ristorante,2026-03-31 02:19:22.760643+01
694,61c593ff-f80f-4577-851e-9382fc2e7ff7,ba96b472-29fe-4d49-bdc3-4a352662fa89,it,Camere non fumatori,2026-03-31 02:19:22.760643+01
695,61c593ff-f80f-4577-851e-9382fc2e7ff7,ba96b472-29fe-4d49-bdc3-4a352662fa89,it,Reception 24 ore su 24,2026-03-31 02:19:22.760643+01
696,61c593ff-f80f-4577-851e-9382fc2e7ff7,ba96b472-29fe-4d49-bdc3-4a352662fa89,it,Servizio in camera,2026-03-31 02:19:22.760643+01
697,61c593ff-f80f-4577-851e-9382fc2e7ff7,ba96b472-29fe-4d49-bdc3-4a352662fa89,it,Bar,2026-03-31 02:19:22.760643+01
698,61c593ff-f80f-4577-851e-9382fc2e7ff7,ba96b472-29fe-4d49-bdc3-4a352662fa89,it,Colazione ottima,2026-03-31 02:19:22.760643+01
699,61c593ff-f80f-4577-851e-9382fc2e7ff7,ba96b472-29fe-4d49-bdc3-4a352662fa89,it,Vedi tutti e 43 i servizi,2026-03-31 02:19:22.760643+01
700,4d142300-6e21-46be-a0d9-13c59af09ecc,ba96b472-29fe-4d49-bdc3-4a352662fa89,fr,Piscine extérieure,2026-03-31 02:20:07.945071+01
701,4d142300-6e21-46be-a0d9-13c59af09ecc,ba96b472-29fe-4d49-bdc3-4a352662fa89,fr,Connexion Wi-Fi gratuite,2026-03-31 02:20:07.945071+01
702,4d142300-6e21-46be-a0d9-13c59af09ecc,ba96b472-29fe-4d49-bdc3-4a352662fa89,fr,Parking privé,2026-03-31 02:20:07.945071+01
703,4d142300-6e21-46be-a0d9-13c59af09ecc,ba96b472-29fe-4d49-bdc3-4a352662fa89,fr,Centre de remise en forme,2026-03-31 02:20:07.945071+01
704,4d142300-6e21-46be-a0d9-13c59af09ecc,ba96b472-29fe-4d49-bdc3-4a352662fa89,fr,Restaurant,2026-03-31 02:20:07.945071+01
705,4d142300-6e21-46be-a0d9-13c59af09ecc,ba96b472-29fe-4d49-bdc3-4a352662fa89,fr,Chambres non-fumeurs,2026-03-31 02:20:07.945071+01
706,4d142300-6e21-46be-a0d9-13c59af09ecc,ba96b472-29fe-4d49-bdc3-4a352662fa89,fr,Réception ouverte 24h/24,2026-03-31 02:20:07.945071+01
707,4d142300-6e21-46be-a0d9-13c59af09ecc,ba96b472-29fe-4d49-bdc3-4a352662fa89,fr,Service d'étage,2026-03-31 02:20:07.945071+01
708,4d142300-6e21-46be-a0d9-13c59af09ecc,ba96b472-29fe-4d49-bdc3-4a352662fa89,fr,Bar,2026-03-31 02:20:07.945071+01
709,4d142300-6e21-46be-a0d9-13c59af09ecc,ba96b472-29fe-4d49-bdc3-4a352662fa89,fr,Très bon petit-déjeuner,2026-03-31 02:20:07.945071+01
710,fec5d6b5-99f2-4615-a69f-4071adf65d6a,ba96b472-29fe-4d49-bdc3-4a352662fa89,pt,Piscina exterior,2026-03-31 02:20:53.392646+01
711,fec5d6b5-99f2-4615-a69f-4071adf65d6a,ba96b472-29fe-4d49-bdc3-4a352662fa89,pt,Acesso Wi-Fi gratuito,2026-03-31 02:20:53.392646+01
712,fec5d6b5-99f2-4615-a69f-4071adf65d6a,ba96b472-29fe-4d49-bdc3-4a352662fa89,pt,Estacionamento privado,2026-03-31 02:20:53.392646+01
713,fec5d6b5-99f2-4615-a69f-4071adf65d6a,ba96b472-29fe-4d49-bdc3-4a352662fa89,pt,Centro de fitness,2026-03-31 02:20:53.392646+01
714,fec5d6b5-99f2-4615-a69f-4071adf65d6a,ba96b472-29fe-4d49-bdc3-4a352662fa89,pt,Restaurante,2026-03-31 02:20:53.392646+01
715,fec5d6b5-99f2-4615-a69f-4071adf65d6a,ba96b472-29fe-4d49-bdc3-4a352662fa89,pt,Quartos para não fumadores,2026-03-31 02:20:53.392646+01
716,fec5d6b5-99f2-4615-a69f-4071adf65d6a,ba96b472-29fe-4d49-bdc3-4a352662fa89,pt,Receção disponível 24 horas,2026-03-31 02:20:53.392646+01
717,fec5d6b5-99f2-4615-a69f-4071adf65d6a,ba96b472-29fe-4d49-bdc3-4a352662fa89,pt,Serviço de quartos,2026-03-31 02:20:53.392646+01
718,fec5d6b5-99f2-4615-a69f-4071adf65d6a,ba96b472-29fe-4d49-bdc3-4a352662fa89,pt,Bar,2026-03-31 02:20:53.392646+01
719,fec5d6b5-99f2-4615-a69f-4071adf65d6a,ba96b472-29fe-4d49-bdc3-4a352662fa89,pt,Muito bom pequeno-almoço,2026-03-31 02:20:53.392646+01
