id,hotel_id,url_id,language,amenity,created_at
1,2870ebb8-c213-4354-83ec-a3e9ed555664,e6b53dfb-1304-47cc-bb9e-ac2a4c9c9ecd,en,Breakfast,2026-03-28 12:24:52.104509+00
2,bf559f6a-9be3-4832-a430-6d3d51b91722,e5698a41-3ffa-4d1d-90fa-854ec5619d99,en,2 swimming pools,2026-03-28 12:27:46.995018+00
3,bf559f6a-9be3-4832-a430-6d3d51b91722,e5698a41-3ffa-4d1d-90fa-854ec5619d99,en,Free WiFi,2026-03-28 12:27:46.995021+00
4,bf559f6a-9be3-4832-a430-6d3d51b91722,e5698a41-3ffa-4d1d-90fa-854ec5619d99,en,Airport shuttle,2026-03-28 12:27:46.995022+00
5,bf559f6a-9be3-4832-a430-6d3d51b91722,e5698a41-3ffa-4d1d-90fa-854ec5619d99,en,Family rooms,2026-03-28 12:27:46.995022+00
6,bf559f6a-9be3-4832-a430-6d3d51b91722,e5698a41-3ffa-4d1d-90fa-854ec5619d99,en,8 restaurants,2026-03-28 12:27:46.995023+00
7,bf559f6a-9be3-4832-a430-6d3d51b91722,e5698a41-3ffa-4d1d-90fa-854ec5619d99,en,Tea/coffee maker in all rooms,2026-03-28 12:27:46.995023+00
8,bf559f6a-9be3-4832-a430-6d3d51b91722,e5698a41-3ffa-4d1d-90fa-854ec5619d99,en,Bar,2026-03-28 12:27:46.995024+00
9,bf559f6a-9be3-4832-a430-6d3d51b91722,e5698a41-3ffa-4d1d-90fa-854ec5619d99,en,Beachfront,2026-03-28 12:27:46.995025+00
10,bf559f6a-9be3-4832-a430-6d3d51b91722,e5698a41-3ffa-4d1d-90fa-854ec5619d99,en,Private beach area,2026-03-28 12:27:46.995025+00
11,bf559f6a-9be3-4832-a430-6d3d51b91722,e5698a41-3ffa-4d1d-90fa-854ec5619d99,en,Breakfast,2026-03-28 12:27:46.995026+00
12,2cf68bb9-d5c5-493d-b359-64c11605a465,e6b53dfb-1304-47cc-bb9e-ac2a4c9c9ecd,es,Desayuno,2026-03-28 12:29:05.001199+00
13,ee4bf338-6043-4a75-9c1c-5a427ae3cf08,e5698a41-3ffa-4d1d-90fa-854ec5619d99,es,2 piscinas,2026-03-28 12:30:33.39487+00
14,ee4bf338-6043-4a75-9c1c-5a427ae3cf08,e5698a41-3ffa-4d1d-90fa-854ec5619d99,es,WiFi gratis,2026-03-28 12:30:33.394874+00
15,ee4bf338-6043-4a75-9c1c-5a427ae3cf08,e5698a41-3ffa-4d1d-90fa-854ec5619d99,es,Traslado aeropuerto,2026-03-28 12:30:33.394875+00
16,ee4bf338-6043-4a75-9c1c-5a427ae3cf08,e5698a41-3ffa-4d1d-90fa-854ec5619d99,es,Habitaciones familiares,2026-03-28 12:30:33.394876+00
17,ee4bf338-6043-4a75-9c1c-5a427ae3cf08,e5698a41-3ffa-4d1d-90fa-854ec5619d99,es,8 restaurantes,2026-03-28 12:30:33.394878+00
18,ee4bf338-6043-4a75-9c1c-5a427ae3cf08,e5698a41-3ffa-4d1d-90fa-854ec5619d99,es,Tetera/cafetera en todas las habitaciones,2026-03-28 12:30:33.394879+00
19,ee4bf338-6043-4a75-9c1c-5a427ae3cf08,e5698a41-3ffa-4d1d-90fa-854ec5619d99,es,Bar,2026-03-28 12:30:33.39488+00
20,ee4bf338-6043-4a75-9c1c-5a427ae3cf08,e5698a41-3ffa-4d1d-90fa-854ec5619d99,es,Situado frente a la playa,2026-03-28 12:30:33.394881+00
21,ee4bf338-6043-4a75-9c1c-5a427ae3cf08,e5698a41-3ffa-4d1d-90fa-854ec5619d99,es,Zona privada de playa,2026-03-28 12:30:33.394882+00
22,ee4bf338-6043-4a75-9c1c-5a427ae3cf08,e5698a41-3ffa-4d1d-90fa-854ec5619d99,es,Desayuno,2026-03-28 12:30:33.394883+00
23,c89578ab-7003-455a-b417-67893829cdbf,e6b53dfb-1304-47cc-bb9e-ac2a4c9c9ecd,de,Frühstück,2026-03-28 12:31:51.298314+00
24,205f80a9-5d32-4ccf-a34c-10e1b1b3f9ea,e5698a41-3ffa-4d1d-90fa-854ec5619d99,de,2 Pools,2026-03-28 12:33:08.569068+00
25,205f80a9-5d32-4ccf-a34c-10e1b1b3f9ea,e5698a41-3ffa-4d1d-90fa-854ec5619d99,de,WLAN inklusive,2026-03-28 12:33:08.569071+00
26,205f80a9-5d32-4ccf-a34c-10e1b1b3f9ea,e5698a41-3ffa-4d1d-90fa-854ec5619d99,de,Flughafenshuttle,2026-03-28 12:33:08.569072+00
27,205f80a9-5d32-4ccf-a34c-10e1b1b3f9ea,e5698a41-3ffa-4d1d-90fa-854ec5619d99,de,Familienzimmer,2026-03-28 12:33:08.569072+00
28,205f80a9-5d32-4ccf-a34c-10e1b1b3f9ea,e5698a41-3ffa-4d1d-90fa-854ec5619d99,de,8 Restaurants,2026-03-28 12:33:08.569073+00
29,205f80a9-5d32-4ccf-a34c-10e1b1b3f9ea,e5698a41-3ffa-4d1d-90fa-854ec5619d99,de,Kaffee- und Teezubehör in allen Zimmern,2026-03-28 12:33:08.569073+00
30,205f80a9-5d32-4ccf-a34c-10e1b1b3f9ea,e5698a41-3ffa-4d1d-90fa-854ec5619d99,de,Bar,2026-03-28 12:33:08.569074+00
31,205f80a9-5d32-4ccf-a34c-10e1b1b3f9ea,e5698a41-3ffa-4d1d-90fa-854ec5619d99,de,am Strand,2026-03-28 12:33:08.569075+00
32,205f80a9-5d32-4ccf-a34c-10e1b1b3f9ea,e5698a41-3ffa-4d1d-90fa-854ec5619d99,de,Privater Strand,2026-03-28 12:33:08.569075+00
33,205f80a9-5d32-4ccf-a34c-10e1b1b3f9ea,e5698a41-3ffa-4d1d-90fa-854ec5619d99,de,Frühstück,2026-03-28 12:33:08.569076+00
34,73d61374-f563-454f-be94-23e211b76d0e,e6b53dfb-1304-47cc-bb9e-ac2a4c9c9ecd,it,Colazione,2026-03-28 12:34:39.654747+00
35,73d61374-f563-454f-be94-23e211b76d0e,e6b53dfb-1304-47cc-bb9e-ac2a4c9c9ecd,it,Vedi 1 servizio,2026-03-28 12:34:39.654752+00
36,dd965467-eb0b-4aac-b4f7-8e79192c7f25,e5698a41-3ffa-4d1d-90fa-854ec5619d99,it,2 piscine,2026-03-28 12:35:57.382693+00
37,dd965467-eb0b-4aac-b4f7-8e79192c7f25,e5698a41-3ffa-4d1d-90fa-854ec5619d99,it,Connessione WiFi gratuita,2026-03-28 12:35:57.382697+00
38,dd965467-eb0b-4aac-b4f7-8e79192c7f25,e5698a41-3ffa-4d1d-90fa-854ec5619d99,it,Navetta aeroportuale,2026-03-28 12:35:57.382697+00
39,dd965467-eb0b-4aac-b4f7-8e79192c7f25,e5698a41-3ffa-4d1d-90fa-854ec5619d99,it,Disponibilità di camere familiari,2026-03-28 12:35:57.382698+00
40,dd965467-eb0b-4aac-b4f7-8e79192c7f25,e5698a41-3ffa-4d1d-90fa-854ec5619d99,it,8 ristoranti,2026-03-28 12:35:57.382699+00
41,dd965467-eb0b-4aac-b4f7-8e79192c7f25,e5698a41-3ffa-4d1d-90fa-854ec5619d99,it,bollitore tè / macchina caffè in tutte le camere,2026-03-28 12:35:57.382699+00
42,dd965467-eb0b-4aac-b4f7-8e79192c7f25,e5698a41-3ffa-4d1d-90fa-854ec5619d99,it,Bar,2026-03-28 12:35:57.3827+00
43,dd965467-eb0b-4aac-b4f7-8e79192c7f25,e5698a41-3ffa-4d1d-90fa-854ec5619d99,it,Fronte spiaggia,2026-03-28 12:35:57.382701+00
44,dd965467-eb0b-4aac-b4f7-8e79192c7f25,e5698a41-3ffa-4d1d-90fa-854ec5619d99,it,Spiaggia privata,2026-03-28 12:35:57.382701+00
45,dd965467-eb0b-4aac-b4f7-8e79192c7f25,e5698a41-3ffa-4d1d-90fa-854ec5619d99,it,Colazione,2026-03-28 12:35:57.382702+00
46,dd965467-eb0b-4aac-b4f7-8e79192c7f25,e5698a41-3ffa-4d1d-90fa-854ec5619d99,it,Vedi tutti e 172 i servizi,2026-03-28 12:35:57.382703+00
47,97b25ba9-5293-403b-8bf4-531094a35a69,e6b53dfb-1304-47cc-bb9e-ac2a4c9c9ecd,fr,Petit-déjeuner,2026-03-28 12:37:15.444611+00
48,1f1ab737-fb04-419a-b26a-41335650c78e,e5698a41-3ffa-4d1d-90fa-854ec5619d99,fr,2 piscines,2026-03-28 12:38:35.045447+00
49,1f1ab737-fb04-419a-b26a-41335650c78e,e5698a41-3ffa-4d1d-90fa-854ec5619d99,fr,Connexion Wi-Fi gratuite,2026-03-28 12:38:35.04545+00
50,1f1ab737-fb04-419a-b26a-41335650c78e,e5698a41-3ffa-4d1d-90fa-854ec5619d99,fr,Navette aéroport,2026-03-28 12:38:35.045451+00
51,1f1ab737-fb04-419a-b26a-41335650c78e,e5698a41-3ffa-4d1d-90fa-854ec5619d99,fr,Chambres familiales,2026-03-28 12:38:35.045451+00
52,1f1ab737-fb04-419a-b26a-41335650c78e,e5698a41-3ffa-4d1d-90fa-854ec5619d99,fr,8 restaurants,2026-03-28 12:38:35.045452+00
53,1f1ab737-fb04-419a-b26a-41335650c78e,e5698a41-3ffa-4d1d-90fa-854ec5619d99,fr,Plateau/bouilloire dans tous les hébergements,2026-03-28 12:38:35.045452+00
54,1f1ab737-fb04-419a-b26a-41335650c78e,e5698a41-3ffa-4d1d-90fa-854ec5619d99,fr,Bar,2026-03-28 12:38:35.045453+00
55,1f1ab737-fb04-419a-b26a-41335650c78e,e5698a41-3ffa-4d1d-90fa-854ec5619d99,fr,En bord de plage,2026-03-28 12:38:35.045454+00
56,1f1ab737-fb04-419a-b26a-41335650c78e,e5698a41-3ffa-4d1d-90fa-854ec5619d99,fr,Plage privée,2026-03-28 12:38:35.045454+00
57,1f1ab737-fb04-419a-b26a-41335650c78e,e5698a41-3ffa-4d1d-90fa-854ec5619d99,fr,Petit-déjeuner,2026-03-28 12:38:35.045455+00
58,1828c21e-575d-4179-b2d8-2eaa29c2462e,e6b53dfb-1304-47cc-bb9e-ac2a4c9c9ecd,pt,Pequeno-almoço,2026-03-28 12:40:06.50447+00
59,b0e261f6-a7a9-413b-bd16-d988e00d15ed,e5698a41-3ffa-4d1d-90fa-854ec5619d99,pt,2 piscinas,2026-03-28 12:41:23.923369+00
60,b0e261f6-a7a9-413b-bd16-d988e00d15ed,e5698a41-3ffa-4d1d-90fa-854ec5619d99,pt,Acesso Wi-Fi gratuito,2026-03-28 12:41:23.923373+00
61,b0e261f6-a7a9-413b-bd16-d988e00d15ed,e5698a41-3ffa-4d1d-90fa-854ec5619d99,pt,Transfer (aeroporto),2026-03-28 12:41:23.923374+00
62,b0e261f6-a7a9-413b-bd16-d988e00d15ed,e5698a41-3ffa-4d1d-90fa-854ec5619d99,pt,Quartos familiares,2026-03-28 12:41:23.923374+00
63,b0e261f6-a7a9-413b-bd16-d988e00d15ed,e5698a41-3ffa-4d1d-90fa-854ec5619d99,pt,8 restaurantes,2026-03-28 12:41:23.923375+00
64,b0e261f6-a7a9-413b-bd16-d988e00d15ed,e5698a41-3ffa-4d1d-90fa-854ec5619d99,pt,Comodidades para fazer chá e café em todos os quartos,2026-03-28 12:41:23.923375+00
65,b0e261f6-a7a9-413b-bd16-d988e00d15ed,e5698a41-3ffa-4d1d-90fa-854ec5619d99,pt,Bar,2026-03-28 12:41:23.923376+00
66,b0e261f6-a7a9-413b-bd16-d988e00d15ed,e5698a41-3ffa-4d1d-90fa-854ec5619d99,pt,Frente à praia,2026-03-28 12:41:23.923376+00
67,b0e261f6-a7a9-413b-bd16-d988e00d15ed,e5698a41-3ffa-4d1d-90fa-854ec5619d99,pt,Área de praia privada,2026-03-28 12:41:23.923377+00
68,b0e261f6-a7a9-413b-bd16-d988e00d15ed,e5698a41-3ffa-4d1d-90fa-854ec5619d99,pt,Pequeno-almoço,2026-03-28 12:41:23.923378+00
69,5adb942b-63a5-4867-a58a-905bcfd722ff,9196f2c9-d95b-459e-922b-299a2970a88f,en,Outdoor swimming pool,2026-03-28 12:44:13.544556+00
70,5adb942b-63a5-4867-a58a-905bcfd722ff,9196f2c9-d95b-459e-922b-299a2970a88f,en,Airport shuttle (free),2026-03-28 12:44:13.54456+00
71,5adb942b-63a5-4867-a58a-905bcfd722ff,9196f2c9-d95b-459e-922b-299a2970a88f,en,Spa and wellness centre,2026-03-28 12:44:13.544561+00
72,5adb942b-63a5-4867-a58a-905bcfd722ff,9196f2c9-d95b-459e-922b-299a2970a88f,en,Non-smoking rooms,2026-03-28 12:44:13.544561+00
73,5adb942b-63a5-4867-a58a-905bcfd722ff,9196f2c9-d95b-459e-922b-299a2970a88f,en,Fitness centre,2026-03-28 12:44:13.544562+00
74,5adb942b-63a5-4867-a58a-905bcfd722ff,9196f2c9-d95b-459e-922b-299a2970a88f,en,Beachfront,2026-03-28 12:44:13.544562+00
75,5adb942b-63a5-4867-a58a-905bcfd722ff,9196f2c9-d95b-459e-922b-299a2970a88f,en,Free parking,2026-03-28 12:44:13.544563+00
76,5adb942b-63a5-4867-a58a-905bcfd722ff,9196f2c9-d95b-459e-922b-299a2970a88f,en,Bar,2026-03-28 12:44:13.544563+00
77,5adb942b-63a5-4867-a58a-905bcfd722ff,9196f2c9-d95b-459e-922b-299a2970a88f,en,Private beach area,2026-03-28 12:44:13.544564+00
78,5adb942b-63a5-4867-a58a-905bcfd722ff,9196f2c9-d95b-459e-922b-299a2970a88f,en,Breakfast,2026-03-28 12:44:13.544564+00
79,84ab8779-b752-4112-9aa2-ddff56ef9901,e0b37fd7-b906-4e5c-a3fd-1ba839138900,en,Outdoor swimming pool,2026-03-28 12:47:11.544279+00
80,84ab8779-b752-4112-9aa2-ddff56ef9901,e0b37fd7-b906-4e5c-a3fd-1ba839138900,en,Spa and wellness centre,2026-03-28 12:47:11.544284+00
81,84ab8779-b752-4112-9aa2-ddff56ef9901,e0b37fd7-b906-4e5c-a3fd-1ba839138900,en,Fitness centre,2026-03-28 12:47:11.544285+00
82,84ab8779-b752-4112-9aa2-ddff56ef9901,e0b37fd7-b906-4e5c-a3fd-1ba839138900,en,Restaurant,2026-03-28 12:47:11.544286+00
83,84ab8779-b752-4112-9aa2-ddff56ef9901,e0b37fd7-b906-4e5c-a3fd-1ba839138900,en,Free parking,2026-03-28 12:47:11.544287+00
84,84ab8779-b752-4112-9aa2-ddff56ef9901,e0b37fd7-b906-4e5c-a3fd-1ba839138900,en,Free WiFi,2026-03-28 12:47:11.544288+00
85,84ab8779-b752-4112-9aa2-ddff56ef9901,e0b37fd7-b906-4e5c-a3fd-1ba839138900,en,Room service,2026-03-28 12:47:11.544289+00
86,84ab8779-b752-4112-9aa2-ddff56ef9901,e0b37fd7-b906-4e5c-a3fd-1ba839138900,en,Tea/coffee maker in all rooms,2026-03-28 12:47:11.54429+00
87,84ab8779-b752-4112-9aa2-ddff56ef9901,e0b37fd7-b906-4e5c-a3fd-1ba839138900,en,Bar,2026-03-28 12:47:11.544291+00
88,84ab8779-b752-4112-9aa2-ddff56ef9901,e0b37fd7-b906-4e5c-a3fd-1ba839138900,en,Breakfast,2026-03-28 12:47:11.544292+00
99,3d429ed3-284f-465c-ba64-ef2910b00e16,e0b37fd7-b906-4e5c-a3fd-1ba839138900,es,Piscina al aire libre,2026-03-28 12:49:49.362817+00
100,3d429ed3-284f-465c-ba64-ef2910b00e16,e0b37fd7-b906-4e5c-a3fd-1ba839138900,es,Spa y centro de bienestar,2026-03-28 12:49:49.362822+00
101,3d429ed3-284f-465c-ba64-ef2910b00e16,e0b37fd7-b906-4e5c-a3fd-1ba839138900,es,Gimnasio,2026-03-28 12:49:49.362823+00
102,3d429ed3-284f-465c-ba64-ef2910b00e16,e0b37fd7-b906-4e5c-a3fd-1ba839138900,es,Restaurante,2026-03-28 12:49:49.362825+00
103,3d429ed3-284f-465c-ba64-ef2910b00e16,e0b37fd7-b906-4e5c-a3fd-1ba839138900,es,Parking gratis,2026-03-28 12:49:49.362826+00
104,3d429ed3-284f-465c-ba64-ef2910b00e16,e0b37fd7-b906-4e5c-a3fd-1ba839138900,es,WiFi gratis,2026-03-28 12:49:49.362828+00
105,3d429ed3-284f-465c-ba64-ef2910b00e16,e0b37fd7-b906-4e5c-a3fd-1ba839138900,es,Servicio de habitaciones,2026-03-28 12:49:49.362829+00
106,3d429ed3-284f-465c-ba64-ef2910b00e16,e0b37fd7-b906-4e5c-a3fd-1ba839138900,es,Tetera/cafetera en todas las habitaciones,2026-03-28 12:49:49.362831+00
107,3d429ed3-284f-465c-ba64-ef2910b00e16,e0b37fd7-b906-4e5c-a3fd-1ba839138900,es,Bar,2026-03-28 12:49:49.362832+00
108,3d429ed3-284f-465c-ba64-ef2910b00e16,e0b37fd7-b906-4e5c-a3fd-1ba839138900,es,Desayuno,2026-03-28 12:49:49.362833+00
89,e9d077fb-2f3b-479e-9521-eb9767bbe57d,9196f2c9-d95b-459e-922b-299a2970a88f,es,Piscina al aire libre,2026-03-28 12:48:29.912938+00
90,e9d077fb-2f3b-479e-9521-eb9767bbe57d,9196f2c9-d95b-459e-922b-299a2970a88f,es,Traslado aeropuerto (gratis),2026-03-28 12:48:29.912943+00
91,e9d077fb-2f3b-479e-9521-eb9767bbe57d,9196f2c9-d95b-459e-922b-299a2970a88f,es,Spa y centro de bienestar,2026-03-28 12:48:29.912945+00
92,e9d077fb-2f3b-479e-9521-eb9767bbe57d,9196f2c9-d95b-459e-922b-299a2970a88f,es,Habitaciones sin humo,2026-03-28 12:48:29.912946+00
93,e9d077fb-2f3b-479e-9521-eb9767bbe57d,9196f2c9-d95b-459e-922b-299a2970a88f,es,Gimnasio,2026-03-28 12:48:29.912946+00
94,e9d077fb-2f3b-479e-9521-eb9767bbe57d,9196f2c9-d95b-459e-922b-299a2970a88f,es,Situado frente a la playa,2026-03-28 12:48:29.912947+00
95,e9d077fb-2f3b-479e-9521-eb9767bbe57d,9196f2c9-d95b-459e-922b-299a2970a88f,es,Parking gratis,2026-03-28 12:48:29.912948+00
96,e9d077fb-2f3b-479e-9521-eb9767bbe57d,9196f2c9-d95b-459e-922b-299a2970a88f,es,Bar,2026-03-28 12:48:29.912949+00
97,e9d077fb-2f3b-479e-9521-eb9767bbe57d,9196f2c9-d95b-459e-922b-299a2970a88f,es,Zona privada de playa,2026-03-28 12:48:29.91295+00
98,e9d077fb-2f3b-479e-9521-eb9767bbe57d,9196f2c9-d95b-459e-922b-299a2970a88f,es,Desayuno,2026-03-28 12:48:29.912951+00
109,64941d9c-91e3-40e2-abd6-f6f70164941e,9196f2c9-d95b-459e-922b-299a2970a88f,de,Außenpool,2026-03-28 12:51:08.864223+00
110,64941d9c-91e3-40e2-abd6-f6f70164941e,9196f2c9-d95b-459e-922b-299a2970a88f,de,Flughafentransfer (kostenlos),2026-03-28 12:51:08.864226+00
111,64941d9c-91e3-40e2-abd6-f6f70164941e,9196f2c9-d95b-459e-922b-299a2970a88f,de,Spa & Wellnesscenter,2026-03-28 12:51:08.864227+00
112,64941d9c-91e3-40e2-abd6-f6f70164941e,9196f2c9-d95b-459e-922b-299a2970a88f,de,Nichtraucherzimmer,2026-03-28 12:51:08.864228+00
113,64941d9c-91e3-40e2-abd6-f6f70164941e,9196f2c9-d95b-459e-922b-299a2970a88f,de,Fitnesscenter,2026-03-28 12:51:08.864228+00
114,64941d9c-91e3-40e2-abd6-f6f70164941e,9196f2c9-d95b-459e-922b-299a2970a88f,de,am Strand,2026-03-28 12:51:08.864229+00
115,64941d9c-91e3-40e2-abd6-f6f70164941e,9196f2c9-d95b-459e-922b-299a2970a88f,de,Parkplatz inbegriffen,2026-03-28 12:51:08.86423+00
116,64941d9c-91e3-40e2-abd6-f6f70164941e,9196f2c9-d95b-459e-922b-299a2970a88f,de,Bar,2026-03-28 12:51:08.86423+00
117,64941d9c-91e3-40e2-abd6-f6f70164941e,9196f2c9-d95b-459e-922b-299a2970a88f,de,Privater Strand,2026-03-28 12:51:08.864231+00
118,64941d9c-91e3-40e2-abd6-f6f70164941e,9196f2c9-d95b-459e-922b-299a2970a88f,de,Frühstück,2026-03-28 12:51:08.864231+00
119,64941d9c-91e3-40e2-abd6-f6f70164941e,9196f2c9-d95b-459e-922b-299a2970a88f,de,101 Einrichtungen anzeigen,2026-03-28 12:51:08.864232+00
120,abcaaeb0-8893-408b-8c3f-71d3744e4560,e0b37fd7-b906-4e5c-a3fd-1ba839138900,de,Außenpool,2026-03-28 12:52:43.206217+00
121,abcaaeb0-8893-408b-8c3f-71d3744e4560,e0b37fd7-b906-4e5c-a3fd-1ba839138900,de,Spa & Wellnesscenter,2026-03-28 12:52:43.20622+00
122,abcaaeb0-8893-408b-8c3f-71d3744e4560,e0b37fd7-b906-4e5c-a3fd-1ba839138900,de,Fitnesscenter,2026-03-28 12:52:43.206221+00
123,abcaaeb0-8893-408b-8c3f-71d3744e4560,e0b37fd7-b906-4e5c-a3fd-1ba839138900,de,Restaurant,2026-03-28 12:52:43.206222+00
124,abcaaeb0-8893-408b-8c3f-71d3744e4560,e0b37fd7-b906-4e5c-a3fd-1ba839138900,de,Parkplatz inbegriffen,2026-03-28 12:52:43.206222+00
125,abcaaeb0-8893-408b-8c3f-71d3744e4560,e0b37fd7-b906-4e5c-a3fd-1ba839138900,de,WLAN inklusive,2026-03-28 12:52:43.206223+00
126,abcaaeb0-8893-408b-8c3f-71d3744e4560,e0b37fd7-b906-4e5c-a3fd-1ba839138900,de,Zimmerservice,2026-03-28 12:52:43.206223+00
127,abcaaeb0-8893-408b-8c3f-71d3744e4560,e0b37fd7-b906-4e5c-a3fd-1ba839138900,de,Kaffee- und Teezubehör in allen Zimmern,2026-03-28 12:52:43.206224+00
128,abcaaeb0-8893-408b-8c3f-71d3744e4560,e0b37fd7-b906-4e5c-a3fd-1ba839138900,de,Bar,2026-03-28 12:52:43.206225+00
129,abcaaeb0-8893-408b-8c3f-71d3744e4560,e0b37fd7-b906-4e5c-a3fd-1ba839138900,de,Frühstück,2026-03-28 12:52:43.206225+00
130,8a4a6316-eadd-4741-ac40-f710a62c5e84,9196f2c9-d95b-459e-922b-299a2970a88f,it,Piscina scoperta,2026-03-28 12:54:01.924345+00
131,8a4a6316-eadd-4741-ac40-f710a62c5e84,9196f2c9-d95b-459e-922b-299a2970a88f,it,Navetta aeroportuale (gratuita),2026-03-28 12:54:01.924349+00
132,8a4a6316-eadd-4741-ac40-f710a62c5e84,9196f2c9-d95b-459e-922b-299a2970a88f,it,Spa & centro benessere,2026-03-28 12:54:01.92435+00
133,8a4a6316-eadd-4741-ac40-f710a62c5e84,9196f2c9-d95b-459e-922b-299a2970a88f,it,Camere non fumatori,2026-03-28 12:54:01.92435+00
134,8a4a6316-eadd-4741-ac40-f710a62c5e84,9196f2c9-d95b-459e-922b-299a2970a88f,it,Palestra,2026-03-28 12:54:01.924351+00
135,8a4a6316-eadd-4741-ac40-f710a62c5e84,9196f2c9-d95b-459e-922b-299a2970a88f,it,Fronte spiaggia,2026-03-28 12:54:01.924351+00
136,8a4a6316-eadd-4741-ac40-f710a62c5e84,9196f2c9-d95b-459e-922b-299a2970a88f,it,Parcheggio gratuito,2026-03-28 12:54:01.924352+00
137,8a4a6316-eadd-4741-ac40-f710a62c5e84,9196f2c9-d95b-459e-922b-299a2970a88f,it,Bar,2026-03-28 12:54:01.924353+00
138,8a4a6316-eadd-4741-ac40-f710a62c5e84,9196f2c9-d95b-459e-922b-299a2970a88f,it,Spiaggia privata,2026-03-28 12:54:01.924353+00
139,8a4a6316-eadd-4741-ac40-f710a62c5e84,9196f2c9-d95b-459e-922b-299a2970a88f,it,Colazione,2026-03-28 12:54:01.924354+00
140,3ffa2666-69ca-4232-b58d-5d958cbb7a5c,e0b37fd7-b906-4e5c-a3fd-1ba839138900,it,Piscina scoperta,2026-03-28 12:55:20.830319+00
141,3ffa2666-69ca-4232-b58d-5d958cbb7a5c,e0b37fd7-b906-4e5c-a3fd-1ba839138900,it,Spa & centro benessere,2026-03-28 12:55:20.830322+00
142,3ffa2666-69ca-4232-b58d-5d958cbb7a5c,e0b37fd7-b906-4e5c-a3fd-1ba839138900,it,Palestra,2026-03-28 12:55:20.830323+00
143,3ffa2666-69ca-4232-b58d-5d958cbb7a5c,e0b37fd7-b906-4e5c-a3fd-1ba839138900,it,Ristorante,2026-03-28 12:55:20.830324+00
144,3ffa2666-69ca-4232-b58d-5d958cbb7a5c,e0b37fd7-b906-4e5c-a3fd-1ba839138900,it,Parcheggio gratuito,2026-03-28 12:55:20.830324+00
145,3ffa2666-69ca-4232-b58d-5d958cbb7a5c,e0b37fd7-b906-4e5c-a3fd-1ba839138900,it,Connessione WiFi gratuita,2026-03-28 12:55:20.830325+00
146,3ffa2666-69ca-4232-b58d-5d958cbb7a5c,e0b37fd7-b906-4e5c-a3fd-1ba839138900,it,Servizio in camera,2026-03-28 12:55:20.830326+00
147,3ffa2666-69ca-4232-b58d-5d958cbb7a5c,e0b37fd7-b906-4e5c-a3fd-1ba839138900,it,bollitore tè / macchina caffè in tutte le camere,2026-03-28 12:55:20.830326+00
148,3ffa2666-69ca-4232-b58d-5d958cbb7a5c,e0b37fd7-b906-4e5c-a3fd-1ba839138900,it,Bar,2026-03-28 12:55:20.830327+00
149,3ffa2666-69ca-4232-b58d-5d958cbb7a5c,e0b37fd7-b906-4e5c-a3fd-1ba839138900,it,Colazione,2026-03-28 12:55:20.830327+00
150,3ffa2666-69ca-4232-b58d-5d958cbb7a5c,e0b37fd7-b906-4e5c-a3fd-1ba839138900,it,Vedi tutti e 88 i servizi,2026-03-28 12:55:20.830328+00
151,3d089412-0d13-4720-a162-dc7ad732b57f,9196f2c9-d95b-459e-922b-299a2970a88f,fr,Piscine extérieure,2026-03-28 12:56:39.788577+00
152,3d089412-0d13-4720-a162-dc7ad732b57f,9196f2c9-d95b-459e-922b-299a2970a88f,fr,Navette aéroport (gratuite),2026-03-28 12:56:39.78858+00
153,3d089412-0d13-4720-a162-dc7ad732b57f,9196f2c9-d95b-459e-922b-299a2970a88f,fr,Spa et centre de bien-être,2026-03-28 12:56:39.788582+00
154,3d089412-0d13-4720-a162-dc7ad732b57f,9196f2c9-d95b-459e-922b-299a2970a88f,fr,Chambres non-fumeurs,2026-03-28 12:56:39.788583+00
155,3d089412-0d13-4720-a162-dc7ad732b57f,9196f2c9-d95b-459e-922b-299a2970a88f,fr,Centre de remise en forme,2026-03-28 12:56:39.788584+00
156,3d089412-0d13-4720-a162-dc7ad732b57f,9196f2c9-d95b-459e-922b-299a2970a88f,fr,En bord de plage,2026-03-28 12:56:39.788585+00
157,3d089412-0d13-4720-a162-dc7ad732b57f,9196f2c9-d95b-459e-922b-299a2970a88f,fr,Parking gratuit,2026-03-28 12:56:39.788586+00
158,3d089412-0d13-4720-a162-dc7ad732b57f,9196f2c9-d95b-459e-922b-299a2970a88f,fr,Bar,2026-03-28 12:56:39.788587+00
159,3d089412-0d13-4720-a162-dc7ad732b57f,9196f2c9-d95b-459e-922b-299a2970a88f,fr,Plage privée,2026-03-28 12:56:39.788588+00
160,3d089412-0d13-4720-a162-dc7ad732b57f,9196f2c9-d95b-459e-922b-299a2970a88f,fr,Petit-déjeuner,2026-03-28 12:56:39.78859+00
161,62393a97-93a4-4448-ab03-fb6c69df1e5a,e0b37fd7-b906-4e5c-a3fd-1ba839138900,fr,Piscine extérieure,2026-03-28 12:58:08.697641+00
162,62393a97-93a4-4448-ab03-fb6c69df1e5a,e0b37fd7-b906-4e5c-a3fd-1ba839138900,fr,Spa et centre de bien-être,2026-03-28 12:58:08.697645+00
163,62393a97-93a4-4448-ab03-fb6c69df1e5a,e0b37fd7-b906-4e5c-a3fd-1ba839138900,fr,Centre de remise en forme,2026-03-28 12:58:08.697646+00
164,62393a97-93a4-4448-ab03-fb6c69df1e5a,e0b37fd7-b906-4e5c-a3fd-1ba839138900,fr,Restaurant,2026-03-28 12:58:08.697647+00
165,62393a97-93a4-4448-ab03-fb6c69df1e5a,e0b37fd7-b906-4e5c-a3fd-1ba839138900,fr,Parking gratuit,2026-03-28 12:58:08.697648+00
166,62393a97-93a4-4448-ab03-fb6c69df1e5a,e0b37fd7-b906-4e5c-a3fd-1ba839138900,fr,Connexion Wi-Fi gratuite,2026-03-28 12:58:08.697649+00
167,62393a97-93a4-4448-ab03-fb6c69df1e5a,e0b37fd7-b906-4e5c-a3fd-1ba839138900,fr,Service d'étage,2026-03-28 12:58:08.69765+00
168,62393a97-93a4-4448-ab03-fb6c69df1e5a,e0b37fd7-b906-4e5c-a3fd-1ba839138900,fr,Plateau/bouilloire dans tous les hébergements,2026-03-28 12:58:08.697651+00
169,62393a97-93a4-4448-ab03-fb6c69df1e5a,e0b37fd7-b906-4e5c-a3fd-1ba839138900,fr,Bar,2026-03-28 12:58:08.697653+00
170,62393a97-93a4-4448-ab03-fb6c69df1e5a,e0b37fd7-b906-4e5c-a3fd-1ba839138900,fr,Petit-déjeuner,2026-03-28 12:58:08.697654+00
171,b6d4def0-df01-49f7-a9b9-47c997d7e36b,9196f2c9-d95b-459e-922b-299a2970a88f,pt,Piscina exterior,2026-03-28 12:59:26.021127+00
172,b6d4def0-df01-49f7-a9b9-47c997d7e36b,9196f2c9-d95b-459e-922b-299a2970a88f,pt,Transfer aeroporto (gratuito),2026-03-28 12:59:26.021131+00
173,b6d4def0-df01-49f7-a9b9-47c997d7e36b,9196f2c9-d95b-459e-922b-299a2970a88f,pt,Spa e centro de bem-estar,2026-03-28 12:59:26.021131+00
174,b6d4def0-df01-49f7-a9b9-47c997d7e36b,9196f2c9-d95b-459e-922b-299a2970a88f,pt,Quartos para não fumadores,2026-03-28 12:59:26.021132+00
175,b6d4def0-df01-49f7-a9b9-47c997d7e36b,9196f2c9-d95b-459e-922b-299a2970a88f,pt,Centro de fitness,2026-03-28 12:59:26.021133+00
176,b6d4def0-df01-49f7-a9b9-47c997d7e36b,9196f2c9-d95b-459e-922b-299a2970a88f,pt,Frente à praia,2026-03-28 12:59:26.021133+00
177,b6d4def0-df01-49f7-a9b9-47c997d7e36b,9196f2c9-d95b-459e-922b-299a2970a88f,pt,Estacionamento gratuito,2026-03-28 12:59:26.021134+00
178,b6d4def0-df01-49f7-a9b9-47c997d7e36b,9196f2c9-d95b-459e-922b-299a2970a88f,pt,Bar,2026-03-28 12:59:26.021135+00
179,b6d4def0-df01-49f7-a9b9-47c997d7e36b,9196f2c9-d95b-459e-922b-299a2970a88f,pt,Área de praia privada,2026-03-28 12:59:26.021135+00
180,b6d4def0-df01-49f7-a9b9-47c997d7e36b,9196f2c9-d95b-459e-922b-299a2970a88f,pt,Pequeno-almoço,2026-03-28 12:59:26.021136+00
181,b6d4def0-df01-49f7-a9b9-47c997d7e36b,9196f2c9-d95b-459e-922b-299a2970a88f,pt,Ver as 101 comodidades,2026-03-28 12:59:26.021137+00
182,93b92ab9-2d1e-4cca-8df3-eab368a414ec,e0b37fd7-b906-4e5c-a3fd-1ba839138900,pt,Piscina exterior,2026-03-28 13:00:43.039113+00
183,93b92ab9-2d1e-4cca-8df3-eab368a414ec,e0b37fd7-b906-4e5c-a3fd-1ba839138900,pt,Spa e centro de bem-estar,2026-03-28 13:00:43.039117+00
184,93b92ab9-2d1e-4cca-8df3-eab368a414ec,e0b37fd7-b906-4e5c-a3fd-1ba839138900,pt,Centro de fitness,2026-03-28 13:00:43.039118+00
185,93b92ab9-2d1e-4cca-8df3-eab368a414ec,e0b37fd7-b906-4e5c-a3fd-1ba839138900,pt,Restaurante,2026-03-28 13:00:43.039118+00
186,93b92ab9-2d1e-4cca-8df3-eab368a414ec,e0b37fd7-b906-4e5c-a3fd-1ba839138900,pt,Estacionamento gratuito,2026-03-28 13:00:43.039119+00
187,93b92ab9-2d1e-4cca-8df3-eab368a414ec,e0b37fd7-b906-4e5c-a3fd-1ba839138900,pt,Acesso Wi-Fi gratuito,2026-03-28 13:00:43.03912+00
188,93b92ab9-2d1e-4cca-8df3-eab368a414ec,e0b37fd7-b906-4e5c-a3fd-1ba839138900,pt,Serviço de quartos,2026-03-28 13:00:43.03912+00
189,93b92ab9-2d1e-4cca-8df3-eab368a414ec,e0b37fd7-b906-4e5c-a3fd-1ba839138900,pt,Comodidades para fazer chá e café em todos os quartos,2026-03-28 13:00:43.039121+00
190,93b92ab9-2d1e-4cca-8df3-eab368a414ec,e0b37fd7-b906-4e5c-a3fd-1ba839138900,pt,Bar,2026-03-28 13:00:43.039122+00
191,93b92ab9-2d1e-4cca-8df3-eab368a414ec,e0b37fd7-b906-4e5c-a3fd-1ba839138900,pt,Pequeno-almoço,2026-03-28 13:00:43.039122+00
192,e4027c19-7afe-41c3-b589-5132ed6cbf0a,aeb8a08c-a894-4b14-873b-4eb3c85b49c1,en,2 swimming pools,2026-03-28 13:03:53.527674+00
193,e4027c19-7afe-41c3-b589-5132ed6cbf0a,aeb8a08c-a894-4b14-873b-4eb3c85b49c1,en,Beachfront,2026-03-28 13:03:53.527678+00
194,e4027c19-7afe-41c3-b589-5132ed6cbf0a,aeb8a08c-a894-4b14-873b-4eb3c85b49c1,en,Free WiFi,2026-03-28 13:03:53.527678+00
195,e4027c19-7afe-41c3-b589-5132ed6cbf0a,aeb8a08c-a894-4b14-873b-4eb3c85b49c1,en,Family rooms,2026-03-28 13:03:53.527679+00
196,e4027c19-7afe-41c3-b589-5132ed6cbf0a,aeb8a08c-a894-4b14-873b-4eb3c85b49c1,en,Non-smoking rooms,2026-03-28 13:03:53.527679+00
197,e4027c19-7afe-41c3-b589-5132ed6cbf0a,aeb8a08c-a894-4b14-873b-4eb3c85b49c1,en,Spa and wellness centre,2026-03-28 13:03:53.52768+00
198,e4027c19-7afe-41c3-b589-5132ed6cbf0a,aeb8a08c-a894-4b14-873b-4eb3c85b49c1,en,Tea/coffee maker in all rooms,2026-03-28 13:03:53.527681+00
199,e4027c19-7afe-41c3-b589-5132ed6cbf0a,aeb8a08c-a894-4b14-873b-4eb3c85b49c1,en,Bar,2026-03-28 13:03:53.527681+00
200,e4027c19-7afe-41c3-b589-5132ed6cbf0a,aeb8a08c-a894-4b14-873b-4eb3c85b49c1,en,Private beach area,2026-03-28 13:03:53.527682+00
201,e4027c19-7afe-41c3-b589-5132ed6cbf0a,aeb8a08c-a894-4b14-873b-4eb3c85b49c1,en,Breakfast,2026-03-28 13:03:53.527682+00
202,dbde9052-3144-4b52-aaab-67afeb3ce049,e448865f-1a25-45bc-9d74-d01a35b9a9f9,en,Outdoor swimming pool,2026-03-28 13:06:44.981767+00
203,dbde9052-3144-4b52-aaab-67afeb3ce049,e448865f-1a25-45bc-9d74-d01a35b9a9f9,en,Free WiFi,2026-03-28 13:06:44.981771+00
204,dbde9052-3144-4b52-aaab-67afeb3ce049,e448865f-1a25-45bc-9d74-d01a35b9a9f9,en,Family rooms,2026-03-28 13:06:44.981771+00
205,dbde9052-3144-4b52-aaab-67afeb3ce049,e448865f-1a25-45bc-9d74-d01a35b9a9f9,en,Free parking,2026-03-28 13:06:44.981772+00
206,dbde9052-3144-4b52-aaab-67afeb3ce049,e448865f-1a25-45bc-9d74-d01a35b9a9f9,en,Non-smoking rooms,2026-03-28 13:06:44.981773+00
207,a2f796e4-a30d-4396-8165-20dc3592a7d0,aeb8a08c-a894-4b14-873b-4eb3c85b49c1,es,2 piscinas,2026-03-28 13:08:03.287691+00
208,a2f796e4-a30d-4396-8165-20dc3592a7d0,aeb8a08c-a894-4b14-873b-4eb3c85b49c1,es,Situado frente a la playa,2026-03-28 13:08:03.287695+00
209,a2f796e4-a30d-4396-8165-20dc3592a7d0,aeb8a08c-a894-4b14-873b-4eb3c85b49c1,es,WiFi gratis,2026-03-28 13:08:03.287697+00
210,a2f796e4-a30d-4396-8165-20dc3592a7d0,aeb8a08c-a894-4b14-873b-4eb3c85b49c1,es,Habitaciones familiares,2026-03-28 13:08:03.287698+00
211,a2f796e4-a30d-4396-8165-20dc3592a7d0,aeb8a08c-a894-4b14-873b-4eb3c85b49c1,es,Habitaciones sin humo,2026-03-28 13:08:03.287699+00
212,a2f796e4-a30d-4396-8165-20dc3592a7d0,aeb8a08c-a894-4b14-873b-4eb3c85b49c1,es,Spa y centro de bienestar,2026-03-28 13:08:03.2877+00
213,a2f796e4-a30d-4396-8165-20dc3592a7d0,aeb8a08c-a894-4b14-873b-4eb3c85b49c1,es,Tetera/cafetera en todas las habitaciones,2026-03-28 13:08:03.287702+00
214,a2f796e4-a30d-4396-8165-20dc3592a7d0,aeb8a08c-a894-4b14-873b-4eb3c85b49c1,es,Bar,2026-03-28 13:08:03.287703+00
215,a2f796e4-a30d-4396-8165-20dc3592a7d0,aeb8a08c-a894-4b14-873b-4eb3c85b49c1,es,Zona privada de playa,2026-03-28 13:08:03.287704+00
216,a2f796e4-a30d-4396-8165-20dc3592a7d0,aeb8a08c-a894-4b14-873b-4eb3c85b49c1,es,Desayuno,2026-03-28 13:08:03.287706+00
217,cf8f4e92-afb1-437f-9b65-324e5ecbb397,e448865f-1a25-45bc-9d74-d01a35b9a9f9,es,Piscina al aire libre,2026-03-28 13:09:21.912547+00
218,cf8f4e92-afb1-437f-9b65-324e5ecbb397,e448865f-1a25-45bc-9d74-d01a35b9a9f9,es,WiFi gratis,2026-03-28 13:09:21.912552+00
219,cf8f4e92-afb1-437f-9b65-324e5ecbb397,e448865f-1a25-45bc-9d74-d01a35b9a9f9,es,Habitaciones familiares,2026-03-28 13:09:21.912553+00
220,cf8f4e92-afb1-437f-9b65-324e5ecbb397,e448865f-1a25-45bc-9d74-d01a35b9a9f9,es,Parking gratis,2026-03-28 13:09:21.912555+00
221,cf8f4e92-afb1-437f-9b65-324e5ecbb397,e448865f-1a25-45bc-9d74-d01a35b9a9f9,es,Habitaciones sin humo,2026-03-28 13:09:21.912556+00
222,c7023e4e-2758-494a-8cba-a87f4e09821a,aeb8a08c-a894-4b14-873b-4eb3c85b49c1,de,2 Pools,2026-03-28 13:10:40.999584+00
223,c7023e4e-2758-494a-8cba-a87f4e09821a,aeb8a08c-a894-4b14-873b-4eb3c85b49c1,de,am Strand,2026-03-28 13:10:40.999589+00
224,c7023e4e-2758-494a-8cba-a87f4e09821a,aeb8a08c-a894-4b14-873b-4eb3c85b49c1,de,WLAN inklusive,2026-03-28 13:10:40.999591+00
225,c7023e4e-2758-494a-8cba-a87f4e09821a,aeb8a08c-a894-4b14-873b-4eb3c85b49c1,de,Familienzimmer,2026-03-28 13:10:40.999592+00
226,c7023e4e-2758-494a-8cba-a87f4e09821a,aeb8a08c-a894-4b14-873b-4eb3c85b49c1,de,Nichtraucherzimmer,2026-03-28 13:10:40.999593+00
227,c7023e4e-2758-494a-8cba-a87f4e09821a,aeb8a08c-a894-4b14-873b-4eb3c85b49c1,de,Spa & Wellnesscenter,2026-03-28 13:10:40.999594+00
228,c7023e4e-2758-494a-8cba-a87f4e09821a,aeb8a08c-a894-4b14-873b-4eb3c85b49c1,de,Kaffee- und Teezubehör in allen Zimmern,2026-03-28 13:10:40.999595+00
229,c7023e4e-2758-494a-8cba-a87f4e09821a,aeb8a08c-a894-4b14-873b-4eb3c85b49c1,de,Bar,2026-03-28 13:10:40.999596+00
230,c7023e4e-2758-494a-8cba-a87f4e09821a,aeb8a08c-a894-4b14-873b-4eb3c85b49c1,de,Privater Strand,2026-03-28 13:10:40.999597+00
231,c7023e4e-2758-494a-8cba-a87f4e09821a,aeb8a08c-a894-4b14-873b-4eb3c85b49c1,de,Frühstück,2026-03-28 13:10:40.999599+00
232,c4951ec6-5afd-431d-9a88-571d7caa8312,e448865f-1a25-45bc-9d74-d01a35b9a9f9,de,Außenpool,2026-03-28 13:12:11.733033+00
233,c4951ec6-5afd-431d-9a88-571d7caa8312,e448865f-1a25-45bc-9d74-d01a35b9a9f9,de,WLAN inklusive,2026-03-28 13:12:11.733036+00
234,c4951ec6-5afd-431d-9a88-571d7caa8312,e448865f-1a25-45bc-9d74-d01a35b9a9f9,de,Familienzimmer,2026-03-28 13:12:11.733037+00
235,c4951ec6-5afd-431d-9a88-571d7caa8312,e448865f-1a25-45bc-9d74-d01a35b9a9f9,de,Parkplatz inbegriffen,2026-03-28 13:12:11.733037+00
236,c4951ec6-5afd-431d-9a88-571d7caa8312,e448865f-1a25-45bc-9d74-d01a35b9a9f9,de,Nichtraucherzimmer,2026-03-28 13:12:11.733038+00
237,c4951ec6-5afd-431d-9a88-571d7caa8312,e448865f-1a25-45bc-9d74-d01a35b9a9f9,de,20 Einrichtungen anzeigen,2026-03-28 13:12:11.733039+00
238,3a41f76f-7441-48c3-9659-fa7125ac9cd8,aeb8a08c-a894-4b14-873b-4eb3c85b49c1,it,2 piscine,2026-03-28 13:13:34.254874+00
239,3a41f76f-7441-48c3-9659-fa7125ac9cd8,aeb8a08c-a894-4b14-873b-4eb3c85b49c1,it,Fronte spiaggia,2026-03-28 13:13:34.254878+00
240,3a41f76f-7441-48c3-9659-fa7125ac9cd8,aeb8a08c-a894-4b14-873b-4eb3c85b49c1,it,Connessione WiFi gratuita,2026-03-28 13:13:34.254879+00
241,3a41f76f-7441-48c3-9659-fa7125ac9cd8,aeb8a08c-a894-4b14-873b-4eb3c85b49c1,it,Disponibilità di camere familiari,2026-03-28 13:13:34.25488+00
242,3a41f76f-7441-48c3-9659-fa7125ac9cd8,aeb8a08c-a894-4b14-873b-4eb3c85b49c1,it,Camere non fumatori,2026-03-28 13:13:34.25488+00
243,3a41f76f-7441-48c3-9659-fa7125ac9cd8,aeb8a08c-a894-4b14-873b-4eb3c85b49c1,it,Spa & centro benessere,2026-03-28 13:13:34.254881+00
244,3a41f76f-7441-48c3-9659-fa7125ac9cd8,aeb8a08c-a894-4b14-873b-4eb3c85b49c1,it,bollitore tè / macchina caffè in tutte le camere,2026-03-28 13:13:34.254882+00
245,3a41f76f-7441-48c3-9659-fa7125ac9cd8,aeb8a08c-a894-4b14-873b-4eb3c85b49c1,it,Bar,2026-03-28 13:13:34.254883+00
246,3a41f76f-7441-48c3-9659-fa7125ac9cd8,aeb8a08c-a894-4b14-873b-4eb3c85b49c1,it,Spiaggia privata,2026-03-28 13:13:34.254884+00
247,3a41f76f-7441-48c3-9659-fa7125ac9cd8,aeb8a08c-a894-4b14-873b-4eb3c85b49c1,it,Colazione,2026-03-28 13:13:34.254885+00
248,4a13a015-2e53-40ce-bb2e-01b7823ab51d,e448865f-1a25-45bc-9d74-d01a35b9a9f9,it,Piscina scoperta,2026-03-28 13:14:51.274317+00
249,4a13a015-2e53-40ce-bb2e-01b7823ab51d,e448865f-1a25-45bc-9d74-d01a35b9a9f9,it,Connessione WiFi gratuita,2026-03-28 13:14:51.274321+00
250,4a13a015-2e53-40ce-bb2e-01b7823ab51d,e448865f-1a25-45bc-9d74-d01a35b9a9f9,it,Disponibilità di camere familiari,2026-03-28 13:14:51.274322+00
251,4a13a015-2e53-40ce-bb2e-01b7823ab51d,e448865f-1a25-45bc-9d74-d01a35b9a9f9,it,Parcheggio gratuito,2026-03-28 13:14:51.274324+00
252,4a13a015-2e53-40ce-bb2e-01b7823ab51d,e448865f-1a25-45bc-9d74-d01a35b9a9f9,it,Camere non fumatori,2026-03-28 13:14:51.274325+00
253,a0341697-9154-4d8e-9413-cb038c5b9701,aeb8a08c-a894-4b14-873b-4eb3c85b49c1,fr,2 piscines,2026-03-28 13:16:10.414471+00
254,a0341697-9154-4d8e-9413-cb038c5b9701,aeb8a08c-a894-4b14-873b-4eb3c85b49c1,fr,En bord de plage,2026-03-28 13:16:10.414475+00
255,a0341697-9154-4d8e-9413-cb038c5b9701,aeb8a08c-a894-4b14-873b-4eb3c85b49c1,fr,Connexion Wi-Fi gratuite,2026-03-28 13:16:10.414475+00
256,a0341697-9154-4d8e-9413-cb038c5b9701,aeb8a08c-a894-4b14-873b-4eb3c85b49c1,fr,Chambres familiales,2026-03-28 13:16:10.414476+00
257,a0341697-9154-4d8e-9413-cb038c5b9701,aeb8a08c-a894-4b14-873b-4eb3c85b49c1,fr,Chambres non-fumeurs,2026-03-28 13:16:10.414476+00
258,a0341697-9154-4d8e-9413-cb038c5b9701,aeb8a08c-a894-4b14-873b-4eb3c85b49c1,fr,Spa et centre de bien-être,2026-03-28 13:16:10.414477+00
259,a0341697-9154-4d8e-9413-cb038c5b9701,aeb8a08c-a894-4b14-873b-4eb3c85b49c1,fr,Plateau/bouilloire dans tous les hébergements,2026-03-28 13:16:10.414478+00
260,a0341697-9154-4d8e-9413-cb038c5b9701,aeb8a08c-a894-4b14-873b-4eb3c85b49c1,fr,Bar,2026-03-28 13:16:10.414478+00
261,a0341697-9154-4d8e-9413-cb038c5b9701,aeb8a08c-a894-4b14-873b-4eb3c85b49c1,fr,Plage privée,2026-03-28 13:16:10.414479+00
262,a0341697-9154-4d8e-9413-cb038c5b9701,aeb8a08c-a894-4b14-873b-4eb3c85b49c1,fr,Petit-déjeuner,2026-03-28 13:16:10.414479+00
263,fb3780ac-35d2-4a68-ac16-76e999f727fc,e448865f-1a25-45bc-9d74-d01a35b9a9f9,fr,Piscine extérieure,2026-03-28 13:17:42.979537+00
264,fb3780ac-35d2-4a68-ac16-76e999f727fc,e448865f-1a25-45bc-9d74-d01a35b9a9f9,fr,Connexion Wi-Fi gratuite,2026-03-28 13:17:42.97954+00
265,fb3780ac-35d2-4a68-ac16-76e999f727fc,e448865f-1a25-45bc-9d74-d01a35b9a9f9,fr,Chambres familiales,2026-03-28 13:17:42.979541+00
266,fb3780ac-35d2-4a68-ac16-76e999f727fc,e448865f-1a25-45bc-9d74-d01a35b9a9f9,fr,Parking gratuit,2026-03-28 13:17:42.979542+00
267,fb3780ac-35d2-4a68-ac16-76e999f727fc,e448865f-1a25-45bc-9d74-d01a35b9a9f9,fr,Chambres non-fumeurs,2026-03-28 13:17:42.979542+00
268,62ee1afc-80e7-43da-a1e7-37bf506b4991,aeb8a08c-a894-4b14-873b-4eb3c85b49c1,pt,2 piscinas,2026-03-28 13:19:01.776224+00
269,62ee1afc-80e7-43da-a1e7-37bf506b4991,aeb8a08c-a894-4b14-873b-4eb3c85b49c1,pt,Frente à praia,2026-03-28 13:19:01.776227+00
270,62ee1afc-80e7-43da-a1e7-37bf506b4991,aeb8a08c-a894-4b14-873b-4eb3c85b49c1,pt,Acesso Wi-Fi gratuito,2026-03-28 13:19:01.776228+00
271,62ee1afc-80e7-43da-a1e7-37bf506b4991,aeb8a08c-a894-4b14-873b-4eb3c85b49c1,pt,Quartos familiares,2026-03-28 13:19:01.776229+00
272,62ee1afc-80e7-43da-a1e7-37bf506b4991,aeb8a08c-a894-4b14-873b-4eb3c85b49c1,pt,Quartos para não fumadores,2026-03-28 13:19:01.776229+00
273,62ee1afc-80e7-43da-a1e7-37bf506b4991,aeb8a08c-a894-4b14-873b-4eb3c85b49c1,pt,Spa e centro de bem-estar,2026-03-28 13:19:01.77623+00
274,62ee1afc-80e7-43da-a1e7-37bf506b4991,aeb8a08c-a894-4b14-873b-4eb3c85b49c1,pt,Comodidades para fazer chá e café em todos os quartos,2026-03-28 13:19:01.776231+00
275,62ee1afc-80e7-43da-a1e7-37bf506b4991,aeb8a08c-a894-4b14-873b-4eb3c85b49c1,pt,Bar,2026-03-28 13:19:01.776231+00
276,62ee1afc-80e7-43da-a1e7-37bf506b4991,aeb8a08c-a894-4b14-873b-4eb3c85b49c1,pt,Área de praia privada,2026-03-28 13:19:01.776232+00
277,62ee1afc-80e7-43da-a1e7-37bf506b4991,aeb8a08c-a894-4b14-873b-4eb3c85b49c1,pt,Pequeno-almoço,2026-03-28 13:19:01.776232+00
278,9783f72f-9793-42d6-aea9-724ca1d6eb25,e448865f-1a25-45bc-9d74-d01a35b9a9f9,pt,Piscina exterior,2026-03-28 13:20:20.776749+00
279,9783f72f-9793-42d6-aea9-724ca1d6eb25,e448865f-1a25-45bc-9d74-d01a35b9a9f9,pt,Acesso Wi-Fi gratuito,2026-03-28 13:20:20.776754+00
280,9783f72f-9793-42d6-aea9-724ca1d6eb25,e448865f-1a25-45bc-9d74-d01a35b9a9f9,pt,Quartos familiares,2026-03-28 13:20:20.776755+00
281,9783f72f-9793-42d6-aea9-724ca1d6eb25,e448865f-1a25-45bc-9d74-d01a35b9a9f9,pt,Estacionamento gratuito,2026-03-28 13:20:20.776756+00
282,9783f72f-9793-42d6-aea9-724ca1d6eb25,e448865f-1a25-45bc-9d74-d01a35b9a9f9,pt,Quartos para não fumadores,2026-03-28 13:20:20.776757+00
283,9df04de8-65a5-4166-b504-e8a0c4bb16a6,d7704d4b-a617-4f66-8424-21c14805159d,en,Outdoor swimming pool,2026-03-28 13:23:14.400498+00
284,9df04de8-65a5-4166-b504-e8a0c4bb16a6,d7704d4b-a617-4f66-8424-21c14805159d,en,Free WiFi,2026-03-28 13:23:14.400503+00
285,9df04de8-65a5-4166-b504-e8a0c4bb16a6,d7704d4b-a617-4f66-8424-21c14805159d,en,Beachfront,2026-03-28 13:23:14.400504+00
286,9df04de8-65a5-4166-b504-e8a0c4bb16a6,d7704d4b-a617-4f66-8424-21c14805159d,en,Airport shuttle,2026-03-28 13:23:14.400505+00
287,9df04de8-65a5-4166-b504-e8a0c4bb16a6,d7704d4b-a617-4f66-8424-21c14805159d,en,Non-smoking rooms,2026-03-28 13:23:14.400506+00
288,9df04de8-65a5-4166-b504-e8a0c4bb16a6,d7704d4b-a617-4f66-8424-21c14805159d,en,Free parking,2026-03-28 13:23:14.400507+00
289,9df04de8-65a5-4166-b504-e8a0c4bb16a6,d7704d4b-a617-4f66-8424-21c14805159d,en,Family rooms,2026-03-28 13:23:14.400508+00
290,9df04de8-65a5-4166-b504-e8a0c4bb16a6,d7704d4b-a617-4f66-8424-21c14805159d,en,Tea/coffee maker in all rooms,2026-03-28 13:23:14.400509+00
291,9df04de8-65a5-4166-b504-e8a0c4bb16a6,d7704d4b-a617-4f66-8424-21c14805159d,en,Bar,2026-03-28 13:23:14.40051+00
292,9df04de8-65a5-4166-b504-e8a0c4bb16a6,d7704d4b-a617-4f66-8424-21c14805159d,en,Breakfast,2026-03-28 13:23:14.40051+00
293,f1795f60-4408-43d5-bb59-893a8c1a9651,d7704d4b-a617-4f66-8424-21c14805159d,es,Piscina al aire libre,2026-03-28 13:29:23.983599+00
294,f1795f60-4408-43d5-bb59-893a8c1a9651,d7704d4b-a617-4f66-8424-21c14805159d,es,WiFi gratis,2026-03-28 13:29:23.983604+00
295,f1795f60-4408-43d5-bb59-893a8c1a9651,d7704d4b-a617-4f66-8424-21c14805159d,es,Situado frente a la playa,2026-03-28 13:29:23.983606+00
296,f1795f60-4408-43d5-bb59-893a8c1a9651,d7704d4b-a617-4f66-8424-21c14805159d,es,Traslado aeropuerto,2026-03-28 13:29:23.983608+00
297,f1795f60-4408-43d5-bb59-893a8c1a9651,d7704d4b-a617-4f66-8424-21c14805159d,es,Habitaciones sin humo,2026-03-28 13:29:23.983609+00
298,f1795f60-4408-43d5-bb59-893a8c1a9651,d7704d4b-a617-4f66-8424-21c14805159d,es,Parking gratis,2026-03-28 13:29:23.983611+00
299,f1795f60-4408-43d5-bb59-893a8c1a9651,d7704d4b-a617-4f66-8424-21c14805159d,es,Habitaciones familiares,2026-03-28 13:29:23.983612+00
300,f1795f60-4408-43d5-bb59-893a8c1a9651,d7704d4b-a617-4f66-8424-21c14805159d,es,Tetera/cafetera en todas las habitaciones,2026-03-28 13:29:23.983614+00
301,f1795f60-4408-43d5-bb59-893a8c1a9651,d7704d4b-a617-4f66-8424-21c14805159d,es,Bar,2026-03-28 13:29:23.983616+00
302,f1795f60-4408-43d5-bb59-893a8c1a9651,d7704d4b-a617-4f66-8424-21c14805159d,es,Desayuno,2026-03-28 13:29:23.983617+00
303,90f6a0be-88a1-4c16-8b48-4942994d20d5,d7704d4b-a617-4f66-8424-21c14805159d,de,Außenpool,2026-03-28 13:35:46.554586+00
304,90f6a0be-88a1-4c16-8b48-4942994d20d5,d7704d4b-a617-4f66-8424-21c14805159d,de,WLAN inklusive,2026-03-28 13:35:46.554589+00
305,90f6a0be-88a1-4c16-8b48-4942994d20d5,d7704d4b-a617-4f66-8424-21c14805159d,de,am Strand,2026-03-28 13:35:46.55459+00
306,90f6a0be-88a1-4c16-8b48-4942994d20d5,d7704d4b-a617-4f66-8424-21c14805159d,de,Flughafenshuttle,2026-03-28 13:35:46.554591+00
307,90f6a0be-88a1-4c16-8b48-4942994d20d5,d7704d4b-a617-4f66-8424-21c14805159d,de,Nichtraucherzimmer,2026-03-28 13:35:46.554591+00
308,90f6a0be-88a1-4c16-8b48-4942994d20d5,d7704d4b-a617-4f66-8424-21c14805159d,de,Parkplatz inbegriffen,2026-03-28 13:35:46.554592+00
309,90f6a0be-88a1-4c16-8b48-4942994d20d5,d7704d4b-a617-4f66-8424-21c14805159d,de,Familienzimmer,2026-03-28 13:35:46.554593+00
310,90f6a0be-88a1-4c16-8b48-4942994d20d5,d7704d4b-a617-4f66-8424-21c14805159d,de,Kaffee- und Teezubehör in allen Zimmern,2026-03-28 13:35:46.554593+00
311,90f6a0be-88a1-4c16-8b48-4942994d20d5,d7704d4b-a617-4f66-8424-21c14805159d,de,Bar,2026-03-28 13:35:46.554594+00
312,90f6a0be-88a1-4c16-8b48-4942994d20d5,d7704d4b-a617-4f66-8424-21c14805159d,de,Frühstück,2026-03-28 13:35:46.554594+00
313,db117edf-a839-46e7-9533-b7e81e671460,a12bc041-5341-4f6c-bce9-338f023b7fb8,es,Piscina al aire libre,2026-03-28 13:37:03.68809+00
314,db117edf-a839-46e7-9533-b7e81e671460,a12bc041-5341-4f6c-bce9-338f023b7fb8,es,WiFi gratis,2026-03-28 13:37:03.688094+00
315,db117edf-a839-46e7-9533-b7e81e671460,a12bc041-5341-4f6c-bce9-338f023b7fb8,es,Traslado aeropuerto (gratis),2026-03-28 13:37:03.688094+00
316,db117edf-a839-46e7-9533-b7e81e671460,a12bc041-5341-4f6c-bce9-338f023b7fb8,es,Habitaciones familiares,2026-03-28 13:37:03.688095+00
317,db117edf-a839-46e7-9533-b7e81e671460,a12bc041-5341-4f6c-bce9-338f023b7fb8,es,5 restaurantes,2026-03-28 13:37:03.688096+00
318,db117edf-a839-46e7-9533-b7e81e671460,a12bc041-5341-4f6c-bce9-338f023b7fb8,es,Spa y centro de bienestar,2026-03-28 13:37:03.688096+00
319,db117edf-a839-46e7-9533-b7e81e671460,a12bc041-5341-4f6c-bce9-338f023b7fb8,es,Parking gratis,2026-03-28 13:37:03.688097+00
320,db117edf-a839-46e7-9533-b7e81e671460,a12bc041-5341-4f6c-bce9-338f023b7fb8,es,Tetera/cafetera en todas las habitaciones,2026-03-28 13:37:03.688097+00
321,db117edf-a839-46e7-9533-b7e81e671460,a12bc041-5341-4f6c-bce9-338f023b7fb8,es,Bar,2026-03-28 13:37:03.688098+00
322,db117edf-a839-46e7-9533-b7e81e671460,a12bc041-5341-4f6c-bce9-338f023b7fb8,es,Desayuno,2026-03-28 13:37:03.688099+00
323,413e24d9-b4e0-4a94-aeee-21cb9170fca0,d7704d4b-a617-4f66-8424-21c14805159d,it,Piscina scoperta,2026-03-28 13:38:34.608017+00
324,413e24d9-b4e0-4a94-aeee-21cb9170fca0,d7704d4b-a617-4f66-8424-21c14805159d,it,Connessione WiFi gratuita,2026-03-28 13:38:34.608023+00
325,413e24d9-b4e0-4a94-aeee-21cb9170fca0,d7704d4b-a617-4f66-8424-21c14805159d,it,Fronte spiaggia,2026-03-28 13:38:34.608024+00
326,413e24d9-b4e0-4a94-aeee-21cb9170fca0,d7704d4b-a617-4f66-8424-21c14805159d,it,Navetta aeroportuale,2026-03-28 13:38:34.608026+00
327,413e24d9-b4e0-4a94-aeee-21cb9170fca0,d7704d4b-a617-4f66-8424-21c14805159d,it,Camere non fumatori,2026-03-28 13:38:34.608027+00
328,413e24d9-b4e0-4a94-aeee-21cb9170fca0,d7704d4b-a617-4f66-8424-21c14805159d,it,Parcheggio gratuito,2026-03-28 13:38:34.608028+00
329,413e24d9-b4e0-4a94-aeee-21cb9170fca0,d7704d4b-a617-4f66-8424-21c14805159d,it,Disponibilità di camere familiari,2026-03-28 13:38:34.60803+00
330,413e24d9-b4e0-4a94-aeee-21cb9170fca0,d7704d4b-a617-4f66-8424-21c14805159d,it,bollitore tè / macchina caffè in tutte le camere,2026-03-28 13:38:34.608031+00
331,413e24d9-b4e0-4a94-aeee-21cb9170fca0,d7704d4b-a617-4f66-8424-21c14805159d,it,Bar,2026-03-28 13:38:34.608032+00
332,413e24d9-b4e0-4a94-aeee-21cb9170fca0,d7704d4b-a617-4f66-8424-21c14805159d,it,Colazione,2026-03-28 13:38:34.608034+00
333,413e24d9-b4e0-4a94-aeee-21cb9170fca0,d7704d4b-a617-4f66-8424-21c14805159d,it,Vedi tutti e 56 i servizi,2026-03-28 13:38:34.608035+00
334,e8e983c1-9440-40a0-bd70-8c0dc0d06202,d7704d4b-a617-4f66-8424-21c14805159d,fr,Piscine extérieure,2026-03-28 13:45:00.545054+00
335,e8e983c1-9440-40a0-bd70-8c0dc0d06202,d7704d4b-a617-4f66-8424-21c14805159d,fr,Connexion Wi-Fi gratuite,2026-03-28 13:45:00.545058+00
336,e8e983c1-9440-40a0-bd70-8c0dc0d06202,d7704d4b-a617-4f66-8424-21c14805159d,fr,En bord de plage,2026-03-28 13:45:00.545059+00
337,e8e983c1-9440-40a0-bd70-8c0dc0d06202,d7704d4b-a617-4f66-8424-21c14805159d,fr,Navette aéroport,2026-03-28 13:45:00.545059+00
338,e8e983c1-9440-40a0-bd70-8c0dc0d06202,d7704d4b-a617-4f66-8424-21c14805159d,fr,Chambres non-fumeurs,2026-03-28 13:45:00.54506+00
339,e8e983c1-9440-40a0-bd70-8c0dc0d06202,d7704d4b-a617-4f66-8424-21c14805159d,fr,Parking gratuit,2026-03-28 13:45:00.545061+00
340,e8e983c1-9440-40a0-bd70-8c0dc0d06202,d7704d4b-a617-4f66-8424-21c14805159d,fr,Chambres familiales,2026-03-28 13:45:00.545062+00
341,e8e983c1-9440-40a0-bd70-8c0dc0d06202,d7704d4b-a617-4f66-8424-21c14805159d,fr,Plateau/bouilloire dans tous les hébergements,2026-03-28 13:45:00.545062+00
342,e8e983c1-9440-40a0-bd70-8c0dc0d06202,d7704d4b-a617-4f66-8424-21c14805159d,fr,Bar,2026-03-28 13:45:00.545063+00
343,e8e983c1-9440-40a0-bd70-8c0dc0d06202,d7704d4b-a617-4f66-8424-21c14805159d,fr,Petit-déjeuner,2026-03-28 13:45:00.545063+00
344,9db1c35a-dfd5-49c3-889e-3c09afb262e2,d7704d4b-a617-4f66-8424-21c14805159d,pt,Piscina exterior,2026-03-28 13:51:10.599971+00
345,9db1c35a-dfd5-49c3-889e-3c09afb262e2,d7704d4b-a617-4f66-8424-21c14805159d,pt,Acesso Wi-Fi gratuito,2026-03-28 13:51:10.599975+00
346,9db1c35a-dfd5-49c3-889e-3c09afb262e2,d7704d4b-a617-4f66-8424-21c14805159d,pt,Frente à praia,2026-03-28 13:51:10.599976+00
347,9db1c35a-dfd5-49c3-889e-3c09afb262e2,d7704d4b-a617-4f66-8424-21c14805159d,pt,Transfer (aeroporto),2026-03-28 13:51:10.599977+00
348,9db1c35a-dfd5-49c3-889e-3c09afb262e2,d7704d4b-a617-4f66-8424-21c14805159d,pt,Quartos para não fumadores,2026-03-28 13:51:10.599977+00
349,9db1c35a-dfd5-49c3-889e-3c09afb262e2,d7704d4b-a617-4f66-8424-21c14805159d,pt,Estacionamento gratuito,2026-03-28 13:51:10.599978+00
350,9db1c35a-dfd5-49c3-889e-3c09afb262e2,d7704d4b-a617-4f66-8424-21c14805159d,pt,Quartos familiares,2026-03-28 13:51:10.599978+00
351,9db1c35a-dfd5-49c3-889e-3c09afb262e2,d7704d4b-a617-4f66-8424-21c14805159d,pt,Comodidades para fazer chá e café em todos os quartos,2026-03-28 13:51:10.599979+00
352,9db1c35a-dfd5-49c3-889e-3c09afb262e2,d7704d4b-a617-4f66-8424-21c14805159d,pt,Bar,2026-03-28 13:51:10.59998+00
353,9db1c35a-dfd5-49c3-889e-3c09afb262e2,d7704d4b-a617-4f66-8424-21c14805159d,pt,Pequeno-almoço,2026-03-28 13:51:10.59998+00
354,9db1c35a-dfd5-49c3-889e-3c09afb262e2,d7704d4b-a617-4f66-8424-21c14805159d,pt,Ver as 56 comodidades,2026-03-28 13:51:10.599981+00
355,a865bc46-4262-4a41-8235-6d49456c65d9,0d3a7d06-2d69-4d0b-8e03-2b794358977e,en,Outdoor swimming pool,2026-03-28 13:58:58.568057+00
356,a865bc46-4262-4a41-8235-6d49456c65d9,0d3a7d06-2d69-4d0b-8e03-2b794358977e,en,Free WiFi,2026-03-28 13:58:58.56806+00
357,a865bc46-4262-4a41-8235-6d49456c65d9,0d3a7d06-2d69-4d0b-8e03-2b794358977e,en,Airport shuttle,2026-03-28 13:58:58.56806+00
358,a865bc46-4262-4a41-8235-6d49456c65d9,0d3a7d06-2d69-4d0b-8e03-2b794358977e,en,Spa and wellness centre,2026-03-28 13:58:58.568061+00
359,a865bc46-4262-4a41-8235-6d49456c65d9,0d3a7d06-2d69-4d0b-8e03-2b794358977e,en,Family rooms,2026-03-28 13:58:58.568061+00
360,a865bc46-4262-4a41-8235-6d49456c65d9,0d3a7d06-2d69-4d0b-8e03-2b794358977e,en,Free parking,2026-03-28 13:58:58.568062+00
361,a865bc46-4262-4a41-8235-6d49456c65d9,0d3a7d06-2d69-4d0b-8e03-2b794358977e,en,Restaurant,2026-03-28 13:58:58.568063+00
362,a865bc46-4262-4a41-8235-6d49456c65d9,0d3a7d06-2d69-4d0b-8e03-2b794358977e,en,Fitness centre,2026-03-28 13:58:58.568063+00
363,a865bc46-4262-4a41-8235-6d49456c65d9,0d3a7d06-2d69-4d0b-8e03-2b794358977e,en,Bar,2026-03-28 13:58:58.568064+00
364,a865bc46-4262-4a41-8235-6d49456c65d9,0d3a7d06-2d69-4d0b-8e03-2b794358977e,en,Very good breakfast,2026-03-28 13:58:58.568064+00
365,93057901-6b05-4077-a467-a0224949907c,0d3a7d06-2d69-4d0b-8e03-2b794358977e,es,Piscina al aire libre,2026-03-28 14:05:07.394952+00
366,93057901-6b05-4077-a467-a0224949907c,0d3a7d06-2d69-4d0b-8e03-2b794358977e,es,WiFi gratis,2026-03-28 14:05:07.394956+00
367,93057901-6b05-4077-a467-a0224949907c,0d3a7d06-2d69-4d0b-8e03-2b794358977e,es,Traslado aeropuerto,2026-03-28 14:05:07.394957+00
368,93057901-6b05-4077-a467-a0224949907c,0d3a7d06-2d69-4d0b-8e03-2b794358977e,es,Spa y centro de bienestar,2026-03-28 14:05:07.394958+00
369,93057901-6b05-4077-a467-a0224949907c,0d3a7d06-2d69-4d0b-8e03-2b794358977e,es,Habitaciones familiares,2026-03-28 14:05:07.394959+00
370,93057901-6b05-4077-a467-a0224949907c,0d3a7d06-2d69-4d0b-8e03-2b794358977e,es,Parking gratis,2026-03-28 14:05:07.39496+00
371,93057901-6b05-4077-a467-a0224949907c,0d3a7d06-2d69-4d0b-8e03-2b794358977e,es,Restaurante,2026-03-28 14:05:07.39496+00
372,93057901-6b05-4077-a467-a0224949907c,0d3a7d06-2d69-4d0b-8e03-2b794358977e,es,Gimnasio,2026-03-28 14:05:07.394961+00
373,93057901-6b05-4077-a467-a0224949907c,0d3a7d06-2d69-4d0b-8e03-2b794358977e,es,Bar,2026-03-28 14:05:07.394962+00
374,93057901-6b05-4077-a467-a0224949907c,0d3a7d06-2d69-4d0b-8e03-2b794358977e,es,Muy buen desayuno,2026-03-28 14:05:07.394963+00
375,a93e9d89-6af0-4cf0-b27a-5e31859b7447,0d3a7d06-2d69-4d0b-8e03-2b794358977e,de,Außenpool,2026-03-28 14:11:17.453622+00
376,a93e9d89-6af0-4cf0-b27a-5e31859b7447,0d3a7d06-2d69-4d0b-8e03-2b794358977e,de,WLAN inklusive,2026-03-28 14:11:17.453626+00
377,a93e9d89-6af0-4cf0-b27a-5e31859b7447,0d3a7d06-2d69-4d0b-8e03-2b794358977e,de,Flughafenshuttle,2026-03-28 14:11:17.453627+00
378,a93e9d89-6af0-4cf0-b27a-5e31859b7447,0d3a7d06-2d69-4d0b-8e03-2b794358977e,de,Spa & Wellnesscenter,2026-03-28 14:11:17.453628+00
379,a93e9d89-6af0-4cf0-b27a-5e31859b7447,0d3a7d06-2d69-4d0b-8e03-2b794358977e,de,Familienzimmer,2026-03-28 14:11:17.453628+00
380,a93e9d89-6af0-4cf0-b27a-5e31859b7447,0d3a7d06-2d69-4d0b-8e03-2b794358977e,de,Parkplatz inbegriffen,2026-03-28 14:11:17.453629+00
381,a93e9d89-6af0-4cf0-b27a-5e31859b7447,0d3a7d06-2d69-4d0b-8e03-2b794358977e,de,Restaurant,2026-03-28 14:11:17.45363+00
382,a93e9d89-6af0-4cf0-b27a-5e31859b7447,0d3a7d06-2d69-4d0b-8e03-2b794358977e,de,Fitnesscenter,2026-03-28 14:11:17.45363+00
383,a93e9d89-6af0-4cf0-b27a-5e31859b7447,0d3a7d06-2d69-4d0b-8e03-2b794358977e,de,Bar,2026-03-28 14:11:17.453631+00
384,a93e9d89-6af0-4cf0-b27a-5e31859b7447,0d3a7d06-2d69-4d0b-8e03-2b794358977e,de,Sehr gutes Frühstück,2026-03-28 14:11:17.453632+00
385,cfd37d85-8548-45e0-9634-0dabb4fa9a13,0d3a7d06-2d69-4d0b-8e03-2b794358977e,it,Piscina scoperta,2026-03-28 14:17:29.872606+00
386,cfd37d85-8548-45e0-9634-0dabb4fa9a13,0d3a7d06-2d69-4d0b-8e03-2b794358977e,it,Connessione WiFi gratuita,2026-03-28 14:17:29.872608+00
387,cfd37d85-8548-45e0-9634-0dabb4fa9a13,0d3a7d06-2d69-4d0b-8e03-2b794358977e,it,Navetta aeroportuale,2026-03-28 14:17:29.872609+00
388,cfd37d85-8548-45e0-9634-0dabb4fa9a13,0d3a7d06-2d69-4d0b-8e03-2b794358977e,it,Spa & centro benessere,2026-03-28 14:17:29.87261+00
389,cfd37d85-8548-45e0-9634-0dabb4fa9a13,0d3a7d06-2d69-4d0b-8e03-2b794358977e,it,Disponibilità di camere familiari,2026-03-28 14:17:29.87261+00
390,cfd37d85-8548-45e0-9634-0dabb4fa9a13,0d3a7d06-2d69-4d0b-8e03-2b794358977e,it,Parcheggio gratuito,2026-03-28 14:17:29.872611+00
391,cfd37d85-8548-45e0-9634-0dabb4fa9a13,0d3a7d06-2d69-4d0b-8e03-2b794358977e,it,Ristorante,2026-03-28 14:17:29.872611+00
392,cfd37d85-8548-45e0-9634-0dabb4fa9a13,0d3a7d06-2d69-4d0b-8e03-2b794358977e,it,Palestra,2026-03-28 14:17:29.872612+00
393,cfd37d85-8548-45e0-9634-0dabb4fa9a13,0d3a7d06-2d69-4d0b-8e03-2b794358977e,it,Bar,2026-03-28 14:17:29.872613+00
394,cfd37d85-8548-45e0-9634-0dabb4fa9a13,0d3a7d06-2d69-4d0b-8e03-2b794358977e,it,Colazione ottima,2026-03-28 14:17:29.872613+00
395,cfd37d85-8548-45e0-9634-0dabb4fa9a13,0d3a7d06-2d69-4d0b-8e03-2b794358977e,it,Vedi tutti e 80 i servizi,2026-03-28 14:17:29.872614+00
396,44b9f2f1-b825-4977-968c-bbe610132dbf,0d3a7d06-2d69-4d0b-8e03-2b794358977e,fr,Piscine extérieure,2026-03-28 14:23:32.750241+00
397,44b9f2f1-b825-4977-968c-bbe610132dbf,0d3a7d06-2d69-4d0b-8e03-2b794358977e,fr,Connexion Wi-Fi gratuite,2026-03-28 14:23:32.750246+00
398,44b9f2f1-b825-4977-968c-bbe610132dbf,0d3a7d06-2d69-4d0b-8e03-2b794358977e,fr,Navette aéroport,2026-03-28 14:23:32.750247+00
399,44b9f2f1-b825-4977-968c-bbe610132dbf,0d3a7d06-2d69-4d0b-8e03-2b794358977e,fr,Spa et centre de bien-être,2026-03-28 14:23:32.750248+00
400,44b9f2f1-b825-4977-968c-bbe610132dbf,0d3a7d06-2d69-4d0b-8e03-2b794358977e,fr,Chambres familiales,2026-03-28 14:23:32.750249+00
401,44b9f2f1-b825-4977-968c-bbe610132dbf,0d3a7d06-2d69-4d0b-8e03-2b794358977e,fr,Parking gratuit,2026-03-28 14:23:32.75025+00
402,44b9f2f1-b825-4977-968c-bbe610132dbf,0d3a7d06-2d69-4d0b-8e03-2b794358977e,fr,Restaurant,2026-03-28 14:23:32.750251+00
403,44b9f2f1-b825-4977-968c-bbe610132dbf,0d3a7d06-2d69-4d0b-8e03-2b794358977e,fr,Centre de remise en forme,2026-03-28 14:23:32.750252+00
404,44b9f2f1-b825-4977-968c-bbe610132dbf,0d3a7d06-2d69-4d0b-8e03-2b794358977e,fr,Bar,2026-03-28 14:23:32.750253+00
405,44b9f2f1-b825-4977-968c-bbe610132dbf,0d3a7d06-2d69-4d0b-8e03-2b794358977e,fr,Très bon petit-déjeuner,2026-03-28 14:23:32.750254+00
406,76b4335b-8709-4d67-8a22-07c1508f2f51,0d3a7d06-2d69-4d0b-8e03-2b794358977e,pt,Piscina exterior,2026-03-28 14:29:41.927658+00
407,76b4335b-8709-4d67-8a22-07c1508f2f51,0d3a7d06-2d69-4d0b-8e03-2b794358977e,pt,Acesso Wi-Fi gratuito,2026-03-28 14:29:41.927662+00
408,76b4335b-8709-4d67-8a22-07c1508f2f51,0d3a7d06-2d69-4d0b-8e03-2b794358977e,pt,Transfer (aeroporto),2026-03-28 14:29:41.927663+00
409,76b4335b-8709-4d67-8a22-07c1508f2f51,0d3a7d06-2d69-4d0b-8e03-2b794358977e,pt,Spa e centro de bem-estar,2026-03-28 14:29:41.927664+00
410,76b4335b-8709-4d67-8a22-07c1508f2f51,0d3a7d06-2d69-4d0b-8e03-2b794358977e,pt,Quartos familiares,2026-03-28 14:29:41.927664+00
411,76b4335b-8709-4d67-8a22-07c1508f2f51,0d3a7d06-2d69-4d0b-8e03-2b794358977e,pt,Estacionamento gratuito,2026-03-28 14:29:41.927665+00
412,76b4335b-8709-4d67-8a22-07c1508f2f51,0d3a7d06-2d69-4d0b-8e03-2b794358977e,pt,Restaurante,2026-03-28 14:29:41.927666+00
413,76b4335b-8709-4d67-8a22-07c1508f2f51,0d3a7d06-2d69-4d0b-8e03-2b794358977e,pt,Quartos para não fumadores,2026-03-28 14:29:41.927667+00
414,76b4335b-8709-4d67-8a22-07c1508f2f51,0d3a7d06-2d69-4d0b-8e03-2b794358977e,pt,Bar,2026-03-28 14:29:41.927668+00
415,76b4335b-8709-4d67-8a22-07c1508f2f51,0d3a7d06-2d69-4d0b-8e03-2b794358977e,pt,Muito bom pequeno-almoço,2026-03-28 14:29:41.927668+00
416,76b4335b-8709-4d67-8a22-07c1508f2f51,0d3a7d06-2d69-4d0b-8e03-2b794358977e,pt,Ver as 80 comodidades,2026-03-28 14:29:41.927669+00
417,6560ba78-a55a-484f-a55f-7bde6b8113e4,4a47abd4-e587-4091-b770-2a0ad9280e15,en,Indoor swimming pool,2026-03-28 14:32:35.461395+00
418,6560ba78-a55a-484f-a55f-7bde6b8113e4,4a47abd4-e587-4091-b770-2a0ad9280e15,en,Private parking,2026-03-28 14:32:35.461399+00
419,6560ba78-a55a-484f-a55f-7bde6b8113e4,4a47abd4-e587-4091-b770-2a0ad9280e15,en,Free WiFi,2026-03-28 14:32:35.4614+00
420,6560ba78-a55a-484f-a55f-7bde6b8113e4,4a47abd4-e587-4091-b770-2a0ad9280e15,en,Family rooms,2026-03-28 14:32:35.4614+00
421,6560ba78-a55a-484f-a55f-7bde6b8113e4,4a47abd4-e587-4091-b770-2a0ad9280e15,en,Airport shuttle,2026-03-28 14:32:35.461401+00
422,6560ba78-a55a-484f-a55f-7bde6b8113e4,4a47abd4-e587-4091-b770-2a0ad9280e15,en,Room service,2026-03-28 14:32:35.461402+00
423,6560ba78-a55a-484f-a55f-7bde6b8113e4,4a47abd4-e587-4091-b770-2a0ad9280e15,en,Non-smoking rooms,2026-03-28 14:32:35.461402+00
424,6560ba78-a55a-484f-a55f-7bde6b8113e4,4a47abd4-e587-4091-b770-2a0ad9280e15,en,24-hour front desk,2026-03-28 14:32:35.461403+00
425,6560ba78-a55a-484f-a55f-7bde6b8113e4,4a47abd4-e587-4091-b770-2a0ad9280e15,en,Daily housekeeping,2026-03-28 14:32:35.461404+00
426,6560ba78-a55a-484f-a55f-7bde6b8113e4,4a47abd4-e587-4091-b770-2a0ad9280e15,en,Superb breakfast,2026-03-28 14:32:35.461404+00
427,5857a320-7410-4ac0-88a1-f6284957718c,73e168e3-06d5-4615-9a3b-45fb836b4d15,en,Outdoor swimming pool,2026-03-28 14:35:28.622749+00
428,5857a320-7410-4ac0-88a1-f6284957718c,73e168e3-06d5-4615-9a3b-45fb836b4d15,en,Free WiFi,2026-03-28 14:35:28.622753+00
429,5857a320-7410-4ac0-88a1-f6284957718c,73e168e3-06d5-4615-9a3b-45fb836b4d15,en,Restaurant,2026-03-28 14:35:28.622753+00
430,5857a320-7410-4ac0-88a1-f6284957718c,73e168e3-06d5-4615-9a3b-45fb836b4d15,en,Non-smoking rooms,2026-03-28 14:35:28.622754+00
431,5857a320-7410-4ac0-88a1-f6284957718c,73e168e3-06d5-4615-9a3b-45fb836b4d15,en,Room service,2026-03-28 14:35:28.622755+00
432,5857a320-7410-4ac0-88a1-f6284957718c,73e168e3-06d5-4615-9a3b-45fb836b4d15,en,24-hour front desk,2026-03-28 14:35:28.622755+00
433,5857a320-7410-4ac0-88a1-f6284957718c,73e168e3-06d5-4615-9a3b-45fb836b4d15,en,Facilities for disabled guests,2026-03-28 14:35:28.622756+00
434,5857a320-7410-4ac0-88a1-f6284957718c,73e168e3-06d5-4615-9a3b-45fb836b4d15,en,Terrace,2026-03-28 14:35:28.622757+00
435,5857a320-7410-4ac0-88a1-f6284957718c,73e168e3-06d5-4615-9a3b-45fb836b4d15,en,Bar,2026-03-28 14:35:28.622757+00
436,5857a320-7410-4ac0-88a1-f6284957718c,73e168e3-06d5-4615-9a3b-45fb836b4d15,en,Good breakfast,2026-03-28 14:35:28.622758+00
437,8ac6de26-79d1-458e-8a7f-96bd416691dd,4a47abd4-e587-4091-b770-2a0ad9280e15,es,Piscina interior,2026-03-28 14:36:49.446998+00
438,8ac6de26-79d1-458e-8a7f-96bd416691dd,4a47abd4-e587-4091-b770-2a0ad9280e15,es,Parking privado,2026-03-28 14:36:49.447002+00
439,8ac6de26-79d1-458e-8a7f-96bd416691dd,4a47abd4-e587-4091-b770-2a0ad9280e15,es,WiFi gratis,2026-03-28 14:36:49.447003+00
440,8ac6de26-79d1-458e-8a7f-96bd416691dd,4a47abd4-e587-4091-b770-2a0ad9280e15,es,Habitaciones familiares,2026-03-28 14:36:49.447004+00
441,8ac6de26-79d1-458e-8a7f-96bd416691dd,4a47abd4-e587-4091-b770-2a0ad9280e15,es,Traslado aeropuerto,2026-03-28 14:36:49.447005+00
442,8ac6de26-79d1-458e-8a7f-96bd416691dd,4a47abd4-e587-4091-b770-2a0ad9280e15,es,Servicio de habitaciones,2026-03-28 14:36:49.447005+00
443,8ac6de26-79d1-458e-8a7f-96bd416691dd,4a47abd4-e587-4091-b770-2a0ad9280e15,es,Habitaciones sin humo,2026-03-28 14:36:49.447006+00
444,8ac6de26-79d1-458e-8a7f-96bd416691dd,4a47abd4-e587-4091-b770-2a0ad9280e15,es,Recepción 24 horas,2026-03-28 14:36:49.447007+00
445,8ac6de26-79d1-458e-8a7f-96bd416691dd,4a47abd4-e587-4091-b770-2a0ad9280e15,es,Servicio de limpieza diario,2026-03-28 14:36:49.447008+00
446,8ac6de26-79d1-458e-8a7f-96bd416691dd,4a47abd4-e587-4091-b770-2a0ad9280e15,es,Desayuno fantástico,2026-03-28 14:36:49.447008+00
447,f96f5647-2e5e-400d-a53f-903ac7b51b1a,73e168e3-06d5-4615-9a3b-45fb836b4d15,es,Piscina al aire libre,2026-03-28 14:38:07.470473+00
448,f96f5647-2e5e-400d-a53f-903ac7b51b1a,73e168e3-06d5-4615-9a3b-45fb836b4d15,es,WiFi gratis,2026-03-28 14:38:07.470476+00
449,f96f5647-2e5e-400d-a53f-903ac7b51b1a,73e168e3-06d5-4615-9a3b-45fb836b4d15,es,Restaurante,2026-03-28 14:38:07.470477+00
450,f96f5647-2e5e-400d-a53f-903ac7b51b1a,73e168e3-06d5-4615-9a3b-45fb836b4d15,es,Habitaciones sin humo,2026-03-28 14:38:07.470478+00
451,f96f5647-2e5e-400d-a53f-903ac7b51b1a,73e168e3-06d5-4615-9a3b-45fb836b4d15,es,Servicio de habitaciones,2026-03-28 14:38:07.470478+00
452,f96f5647-2e5e-400d-a53f-903ac7b51b1a,73e168e3-06d5-4615-9a3b-45fb836b4d15,es,Recepción 24 horas,2026-03-28 14:38:07.470479+00
453,f96f5647-2e5e-400d-a53f-903ac7b51b1a,73e168e3-06d5-4615-9a3b-45fb836b4d15,es,Adaptado personas de movilidad reducida,2026-03-28 14:38:07.47048+00
454,f96f5647-2e5e-400d-a53f-903ac7b51b1a,73e168e3-06d5-4615-9a3b-45fb836b4d15,es,Terraza,2026-03-28 14:38:07.47048+00
455,f96f5647-2e5e-400d-a53f-903ac7b51b1a,73e168e3-06d5-4615-9a3b-45fb836b4d15,es,Bar,2026-03-28 14:38:07.470481+00
456,f96f5647-2e5e-400d-a53f-903ac7b51b1a,73e168e3-06d5-4615-9a3b-45fb836b4d15,es,Buen desayuno,2026-03-28 14:38:07.470482+00
457,2d7b8386-4c21-4f98-9036-a4438e17471d,4a47abd4-e587-4091-b770-2a0ad9280e15,de,Innenpool,2026-03-28 14:39:26.431914+00
458,2d7b8386-4c21-4f98-9036-a4438e17471d,4a47abd4-e587-4091-b770-2a0ad9280e15,de,Privatparkplatz,2026-03-28 14:39:26.431917+00
459,2d7b8386-4c21-4f98-9036-a4438e17471d,4a47abd4-e587-4091-b770-2a0ad9280e15,de,WLAN inklusive,2026-03-28 14:39:26.431918+00
460,2d7b8386-4c21-4f98-9036-a4438e17471d,4a47abd4-e587-4091-b770-2a0ad9280e15,de,Familienzimmer,2026-03-28 14:39:26.431918+00
461,2d7b8386-4c21-4f98-9036-a4438e17471d,4a47abd4-e587-4091-b770-2a0ad9280e15,de,Flughafenshuttle,2026-03-28 14:39:26.431919+00
462,2d7b8386-4c21-4f98-9036-a4438e17471d,4a47abd4-e587-4091-b770-2a0ad9280e15,de,Zimmerservice,2026-03-28 14:39:26.43192+00
463,2d7b8386-4c21-4f98-9036-a4438e17471d,4a47abd4-e587-4091-b770-2a0ad9280e15,de,Nichtraucherzimmer,2026-03-28 14:39:26.43192+00
464,2d7b8386-4c21-4f98-9036-a4438e17471d,4a47abd4-e587-4091-b770-2a0ad9280e15,de,24-Stunden-Rezeption,2026-03-28 14:39:26.431921+00
465,2d7b8386-4c21-4f98-9036-a4438e17471d,4a47abd4-e587-4091-b770-2a0ad9280e15,de,Tägliche Reinigung,2026-03-28 14:39:26.431921+00
466,2d7b8386-4c21-4f98-9036-a4438e17471d,4a47abd4-e587-4091-b770-2a0ad9280e15,de,Hervorragendes Frühstück,2026-03-28 14:39:26.431922+00
467,2d7b8386-4c21-4f98-9036-a4438e17471d,4a47abd4-e587-4091-b770-2a0ad9280e15,de,65 Einrichtungen anzeigen,2026-03-28 14:39:26.431923+00
468,996e81a9-0f2f-4009-9599-716cce881e4c,73e168e3-06d5-4615-9a3b-45fb836b4d15,de,Außenpool,2026-03-28 14:42:48.449254+00
469,996e81a9-0f2f-4009-9599-716cce881e4c,73e168e3-06d5-4615-9a3b-45fb836b4d15,de,WLAN inklusive,2026-03-28 14:42:48.449258+00
470,996e81a9-0f2f-4009-9599-716cce881e4c,73e168e3-06d5-4615-9a3b-45fb836b4d15,de,Restaurant,2026-03-28 14:42:48.449259+00
471,996e81a9-0f2f-4009-9599-716cce881e4c,73e168e3-06d5-4615-9a3b-45fb836b4d15,de,Nichtraucherzimmer,2026-03-28 14:42:48.449259+00
472,996e81a9-0f2f-4009-9599-716cce881e4c,73e168e3-06d5-4615-9a3b-45fb836b4d15,de,Zimmerservice,2026-03-28 14:42:48.44926+00
473,996e81a9-0f2f-4009-9599-716cce881e4c,73e168e3-06d5-4615-9a3b-45fb836b4d15,de,24-Stunden-Rezeption,2026-03-28 14:42:48.449261+00
474,996e81a9-0f2f-4009-9599-716cce881e4c,73e168e3-06d5-4615-9a3b-45fb836b4d15,de,Einrichtungen für behinderte Gäste,2026-03-28 14:42:48.449261+00
475,996e81a9-0f2f-4009-9599-716cce881e4c,73e168e3-06d5-4615-9a3b-45fb836b4d15,de,Terrasse,2026-03-28 14:42:48.449262+00
476,996e81a9-0f2f-4009-9599-716cce881e4c,73e168e3-06d5-4615-9a3b-45fb836b4d15,de,Bar,2026-03-28 14:42:48.449263+00
477,996e81a9-0f2f-4009-9599-716cce881e4c,73e168e3-06d5-4615-9a3b-45fb836b4d15,de,Gutes Frühstück,2026-03-28 14:42:48.449263+00
478,996e81a9-0f2f-4009-9599-716cce881e4c,73e168e3-06d5-4615-9a3b-45fb836b4d15,de,48 Einrichtungen anzeigen,2026-03-28 14:42:48.449264+00
479,e3e50402-be62-4431-8370-dcc881721300,4a47abd4-e587-4091-b770-2a0ad9280e15,it,Piscina coperta,2026-03-28 14:44:07.514926+00
480,e3e50402-be62-4431-8370-dcc881721300,4a47abd4-e587-4091-b770-2a0ad9280e15,it,Parcheggio privato,2026-03-28 14:44:07.514929+00
481,e3e50402-be62-4431-8370-dcc881721300,4a47abd4-e587-4091-b770-2a0ad9280e15,it,Connessione WiFi gratuita,2026-03-28 14:44:07.51493+00
482,e3e50402-be62-4431-8370-dcc881721300,4a47abd4-e587-4091-b770-2a0ad9280e15,it,Disponibilità di camere familiari,2026-03-28 14:44:07.514931+00
483,e3e50402-be62-4431-8370-dcc881721300,4a47abd4-e587-4091-b770-2a0ad9280e15,it,Navetta aeroportuale,2026-03-28 14:44:07.514931+00
484,e3e50402-be62-4431-8370-dcc881721300,4a47abd4-e587-4091-b770-2a0ad9280e15,it,Servizio in camera,2026-03-28 14:44:07.514932+00
485,e3e50402-be62-4431-8370-dcc881721300,4a47abd4-e587-4091-b770-2a0ad9280e15,it,Camere non fumatori,2026-03-28 14:44:07.514933+00
486,e3e50402-be62-4431-8370-dcc881721300,4a47abd4-e587-4091-b770-2a0ad9280e15,it,Reception 24 ore su 24,2026-03-28 14:44:07.514933+00
487,e3e50402-be62-4431-8370-dcc881721300,4a47abd4-e587-4091-b770-2a0ad9280e15,it,Servizio pulizie giornaliero,2026-03-28 14:44:07.514934+00
488,e3e50402-be62-4431-8370-dcc881721300,4a47abd4-e587-4091-b770-2a0ad9280e15,it,Colazione eccellente,2026-03-28 14:44:07.514934+00
489,e3e50402-be62-4431-8370-dcc881721300,4a47abd4-e587-4091-b770-2a0ad9280e15,it,Vedi tutti e 65 i servizi,2026-03-28 14:44:07.514935+00
490,368b1fa5-6549-4e5a-af9f-90f6d378e439,73e168e3-06d5-4615-9a3b-45fb836b4d15,it,Piscina scoperta,2026-03-28 14:45:28.303847+00
491,368b1fa5-6549-4e5a-af9f-90f6d378e439,73e168e3-06d5-4615-9a3b-45fb836b4d15,it,Connessione WiFi gratuita,2026-03-28 14:45:28.303852+00
492,368b1fa5-6549-4e5a-af9f-90f6d378e439,73e168e3-06d5-4615-9a3b-45fb836b4d15,it,Ristorante,2026-03-28 14:45:28.303852+00
493,368b1fa5-6549-4e5a-af9f-90f6d378e439,73e168e3-06d5-4615-9a3b-45fb836b4d15,it,Camere non fumatori,2026-03-28 14:45:28.303853+00
494,368b1fa5-6549-4e5a-af9f-90f6d378e439,73e168e3-06d5-4615-9a3b-45fb836b4d15,it,Servizio in camera,2026-03-28 14:45:28.303854+00
495,368b1fa5-6549-4e5a-af9f-90f6d378e439,73e168e3-06d5-4615-9a3b-45fb836b4d15,it,Reception 24 ore su 24,2026-03-28 14:45:28.303855+00
496,368b1fa5-6549-4e5a-af9f-90f6d378e439,73e168e3-06d5-4615-9a3b-45fb836b4d15,it,Camere/strutture per ospiti disabili,2026-03-28 14:45:28.303855+00
497,368b1fa5-6549-4e5a-af9f-90f6d378e439,73e168e3-06d5-4615-9a3b-45fb836b4d15,it,Terrazza,2026-03-28 14:45:28.303856+00
498,368b1fa5-6549-4e5a-af9f-90f6d378e439,73e168e3-06d5-4615-9a3b-45fb836b4d15,it,Bar,2026-03-28 14:45:28.303857+00
499,368b1fa5-6549-4e5a-af9f-90f6d378e439,73e168e3-06d5-4615-9a3b-45fb836b4d15,it,Colazione buona,2026-03-28 14:45:28.303857+00
500,368b1fa5-6549-4e5a-af9f-90f6d378e439,73e168e3-06d5-4615-9a3b-45fb836b4d15,it,Vedi tutti e 48 i servizi,2026-03-28 14:45:28.303858+00
501,40e0d09c-9332-481f-ab73-117cbc47ad71,4a47abd4-e587-4091-b770-2a0ad9280e15,fr,Piscine intérieure,2026-03-28 14:48:52.910804+00
502,40e0d09c-9332-481f-ab73-117cbc47ad71,4a47abd4-e587-4091-b770-2a0ad9280e15,fr,Parking privé,2026-03-28 14:48:52.910807+00
503,40e0d09c-9332-481f-ab73-117cbc47ad71,4a47abd4-e587-4091-b770-2a0ad9280e15,fr,Connexion Wi-Fi gratuite,2026-03-28 14:48:52.910808+00
504,40e0d09c-9332-481f-ab73-117cbc47ad71,4a47abd4-e587-4091-b770-2a0ad9280e15,fr,Chambres familiales,2026-03-28 14:48:52.910809+00
505,40e0d09c-9332-481f-ab73-117cbc47ad71,4a47abd4-e587-4091-b770-2a0ad9280e15,fr,Navette aéroport,2026-03-28 14:48:52.910809+00
506,40e0d09c-9332-481f-ab73-117cbc47ad71,4a47abd4-e587-4091-b770-2a0ad9280e15,fr,Service d'étage,2026-03-28 14:48:52.91081+00
507,40e0d09c-9332-481f-ab73-117cbc47ad71,4a47abd4-e587-4091-b770-2a0ad9280e15,fr,Chambres non-fumeurs,2026-03-28 14:48:52.910811+00
508,40e0d09c-9332-481f-ab73-117cbc47ad71,4a47abd4-e587-4091-b770-2a0ad9280e15,fr,Réception ouverte 24h/24,2026-03-28 14:48:52.910811+00
509,40e0d09c-9332-481f-ab73-117cbc47ad71,4a47abd4-e587-4091-b770-2a0ad9280e15,fr,Service de ménage quotidien,2026-03-28 14:48:52.910812+00
510,40e0d09c-9332-481f-ab73-117cbc47ad71,4a47abd4-e587-4091-b770-2a0ad9280e15,fr,Petit-déjeuner fabuleux,2026-03-28 14:48:52.910813+00
511,07936a87-611e-42bc-ac95-58c99b1269cf,73e168e3-06d5-4615-9a3b-45fb836b4d15,fr,Piscine extérieure,2026-03-28 14:50:13.509687+00
512,07936a87-611e-42bc-ac95-58c99b1269cf,73e168e3-06d5-4615-9a3b-45fb836b4d15,fr,Connexion Wi-Fi gratuite,2026-03-28 14:50:13.509691+00
513,07936a87-611e-42bc-ac95-58c99b1269cf,73e168e3-06d5-4615-9a3b-45fb836b4d15,fr,Restaurant,2026-03-28 14:50:13.509691+00
514,07936a87-611e-42bc-ac95-58c99b1269cf,73e168e3-06d5-4615-9a3b-45fb836b4d15,fr,Chambres non-fumeurs,2026-03-28 14:50:13.509692+00
515,07936a87-611e-42bc-ac95-58c99b1269cf,73e168e3-06d5-4615-9a3b-45fb836b4d15,fr,Service d'étage,2026-03-28 14:50:13.509693+00
516,07936a87-611e-42bc-ac95-58c99b1269cf,73e168e3-06d5-4615-9a3b-45fb836b4d15,fr,Réception ouverte 24h/24,2026-03-28 14:50:13.509694+00
517,07936a87-611e-42bc-ac95-58c99b1269cf,73e168e3-06d5-4615-9a3b-45fb836b4d15,fr,Équipements pour les personnes handicapées,2026-03-28 14:50:13.509694+00
518,07936a87-611e-42bc-ac95-58c99b1269cf,73e168e3-06d5-4615-9a3b-45fb836b4d15,fr,Terrasse,2026-03-28 14:50:13.509695+00
519,07936a87-611e-42bc-ac95-58c99b1269cf,73e168e3-06d5-4615-9a3b-45fb836b4d15,fr,Bar,2026-03-28 14:50:13.509696+00
520,07936a87-611e-42bc-ac95-58c99b1269cf,73e168e3-06d5-4615-9a3b-45fb836b4d15,fr,Bon petit-déjeuner,2026-03-28 14:50:13.509696+00
521,ed3c89d2-bf93-4dae-9a4e-39a55138f864,4a47abd4-e587-4091-b770-2a0ad9280e15,pt,Piscina interior,2026-03-28 14:51:34.421411+00
522,ed3c89d2-bf93-4dae-9a4e-39a55138f864,4a47abd4-e587-4091-b770-2a0ad9280e15,pt,Estacionamento privado,2026-03-28 14:51:34.421417+00
523,ed3c89d2-bf93-4dae-9a4e-39a55138f864,4a47abd4-e587-4091-b770-2a0ad9280e15,pt,Acesso Wi-Fi gratuito,2026-03-28 14:51:34.421418+00
524,ed3c89d2-bf93-4dae-9a4e-39a55138f864,4a47abd4-e587-4091-b770-2a0ad9280e15,pt,Quartos familiares,2026-03-28 14:51:34.421419+00
525,ed3c89d2-bf93-4dae-9a4e-39a55138f864,4a47abd4-e587-4091-b770-2a0ad9280e15,pt,Transfer (aeroporto),2026-03-28 14:51:34.421421+00
526,ed3c89d2-bf93-4dae-9a4e-39a55138f864,4a47abd4-e587-4091-b770-2a0ad9280e15,pt,Serviço de quartos,2026-03-28 14:51:34.421422+00
527,ed3c89d2-bf93-4dae-9a4e-39a55138f864,4a47abd4-e587-4091-b770-2a0ad9280e15,pt,Quartos para não fumadores,2026-03-28 14:51:34.421423+00
528,ed3c89d2-bf93-4dae-9a4e-39a55138f864,4a47abd4-e587-4091-b770-2a0ad9280e15,pt,Receção disponível 24 horas,2026-03-28 14:51:34.421425+00
529,ed3c89d2-bf93-4dae-9a4e-39a55138f864,4a47abd4-e587-4091-b770-2a0ad9280e15,pt,Serviço de limpeza diário,2026-03-28 14:51:34.421426+00
530,ed3c89d2-bf93-4dae-9a4e-39a55138f864,4a47abd4-e587-4091-b770-2a0ad9280e15,pt,Soberbo pequeno-almoço,2026-03-28 14:51:34.421427+00
531,ed3c89d2-bf93-4dae-9a4e-39a55138f864,4a47abd4-e587-4091-b770-2a0ad9280e15,pt,Ver as 65 comodidades,2026-03-28 14:51:34.421429+00
532,36f9f1fb-5226-4ea7-85fd-92a52fbd3272,73e168e3-06d5-4615-9a3b-45fb836b4d15,pt,Piscina exterior,2026-03-28 14:54:59.624155+00
533,36f9f1fb-5226-4ea7-85fd-92a52fbd3272,73e168e3-06d5-4615-9a3b-45fb836b4d15,pt,Acesso Wi-Fi gratuito,2026-03-28 14:54:59.62416+00
534,36f9f1fb-5226-4ea7-85fd-92a52fbd3272,73e168e3-06d5-4615-9a3b-45fb836b4d15,pt,Restaurante,2026-03-28 14:54:59.624161+00
535,36f9f1fb-5226-4ea7-85fd-92a52fbd3272,73e168e3-06d5-4615-9a3b-45fb836b4d15,pt,Quartos para não fumadores,2026-03-28 14:54:59.624163+00
536,36f9f1fb-5226-4ea7-85fd-92a52fbd3272,73e168e3-06d5-4615-9a3b-45fb836b4d15,pt,Serviço de quartos,2026-03-28 14:54:59.624164+00
537,36f9f1fb-5226-4ea7-85fd-92a52fbd3272,73e168e3-06d5-4615-9a3b-45fb836b4d15,pt,Receção disponível 24 horas,2026-03-28 14:54:59.624166+00
538,36f9f1fb-5226-4ea7-85fd-92a52fbd3272,73e168e3-06d5-4615-9a3b-45fb836b4d15,pt,Comodidades para pessoas com mobilidade condicionada,2026-03-28 14:54:59.624167+00
539,36f9f1fb-5226-4ea7-85fd-92a52fbd3272,73e168e3-06d5-4615-9a3b-45fb836b4d15,pt,Terraço,2026-03-28 14:54:59.624168+00
540,36f9f1fb-5226-4ea7-85fd-92a52fbd3272,73e168e3-06d5-4615-9a3b-45fb836b4d15,pt,Bar,2026-03-28 14:54:59.62417+00
541,36f9f1fb-5226-4ea7-85fd-92a52fbd3272,73e168e3-06d5-4615-9a3b-45fb836b4d15,pt,Bom pequeno-almoço,2026-03-28 14:54:59.624171+00
542,4b90cce1-5bdb-4729-95d4-4b615e91039a,5957d3f5-59ef-4ed8-aa3c-e1cd2eae2583,en,Outdoor swimming pool,2026-03-28 14:57:52.80488+00
543,4b90cce1-5bdb-4729-95d4-4b615e91039a,5957d3f5-59ef-4ed8-aa3c-e1cd2eae2583,en,Free WiFi,2026-03-28 14:57:52.804882+00
544,4b90cce1-5bdb-4729-95d4-4b615e91039a,5957d3f5-59ef-4ed8-aa3c-e1cd2eae2583,en,Beachfront,2026-03-28 14:57:52.804883+00
545,4b90cce1-5bdb-4729-95d4-4b615e91039a,5957d3f5-59ef-4ed8-aa3c-e1cd2eae2583,en,Family rooms,2026-03-28 14:57:52.804884+00
546,4b90cce1-5bdb-4729-95d4-4b615e91039a,5957d3f5-59ef-4ed8-aa3c-e1cd2eae2583,en,Restaurant,2026-03-28 14:57:52.804884+00
547,4b90cce1-5bdb-4729-95d4-4b615e91039a,5957d3f5-59ef-4ed8-aa3c-e1cd2eae2583,en,Room service,2026-03-28 14:57:52.804885+00
548,4b90cce1-5bdb-4729-95d4-4b615e91039a,5957d3f5-59ef-4ed8-aa3c-e1cd2eae2583,en,Non-smoking rooms,2026-03-28 14:57:52.804885+00
549,4b90cce1-5bdb-4729-95d4-4b615e91039a,5957d3f5-59ef-4ed8-aa3c-e1cd2eae2583,en,24-hour front desk,2026-03-28 14:57:52.804886+00
550,4b90cce1-5bdb-4729-95d4-4b615e91039a,5957d3f5-59ef-4ed8-aa3c-e1cd2eae2583,en,Bar,2026-03-28 14:57:52.804886+00
551,4b90cce1-5bdb-4729-95d4-4b615e91039a,5957d3f5-59ef-4ed8-aa3c-e1cd2eae2583,en,Superb breakfast,2026-03-28 14:57:52.804887+00
552,c4722e81-935d-4491-b237-e78a41c3100a,85572d7b-3d83-4e48-ae2d-fd478ff660f2,en,Outdoor swimming pool,2026-03-28 15:00:46.749113+00
553,c4722e81-935d-4491-b237-e78a41c3100a,85572d7b-3d83-4e48-ae2d-fd478ff660f2,en,Free WiFi,2026-03-28 15:00:46.749117+00
554,c4722e81-935d-4491-b237-e78a41c3100a,85572d7b-3d83-4e48-ae2d-fd478ff660f2,en,Private parking,2026-03-28 15:00:46.749119+00
555,c4722e81-935d-4491-b237-e78a41c3100a,85572d7b-3d83-4e48-ae2d-fd478ff660f2,en,Fitness centre,2026-03-28 15:00:46.74912+00
556,c4722e81-935d-4491-b237-e78a41c3100a,85572d7b-3d83-4e48-ae2d-fd478ff660f2,en,Restaurant,2026-03-28 15:00:46.749121+00
557,c4722e81-935d-4491-b237-e78a41c3100a,85572d7b-3d83-4e48-ae2d-fd478ff660f2,en,Non-smoking rooms,2026-03-28 15:00:46.749122+00
558,c4722e81-935d-4491-b237-e78a41c3100a,85572d7b-3d83-4e48-ae2d-fd478ff660f2,en,24-hour front desk,2026-03-28 15:00:46.749124+00
559,c4722e81-935d-4491-b237-e78a41c3100a,85572d7b-3d83-4e48-ae2d-fd478ff660f2,en,Room service,2026-03-28 15:00:46.749125+00
560,c4722e81-935d-4491-b237-e78a41c3100a,85572d7b-3d83-4e48-ae2d-fd478ff660f2,en,Bar,2026-03-28 15:00:46.749126+00
561,c4722e81-935d-4491-b237-e78a41c3100a,85572d7b-3d83-4e48-ae2d-fd478ff660f2,en,Very good breakfast,2026-03-28 15:00:46.749127+00
562,fbe14e63-c111-4292-926f-c950a6b918ec,5957d3f5-59ef-4ed8-aa3c-e1cd2eae2583,es,Piscina al aire libre,2026-03-28 15:02:05.428748+00
563,fbe14e63-c111-4292-926f-c950a6b918ec,5957d3f5-59ef-4ed8-aa3c-e1cd2eae2583,es,WiFi gratis,2026-03-28 15:02:05.428752+00
564,fbe14e63-c111-4292-926f-c950a6b918ec,5957d3f5-59ef-4ed8-aa3c-e1cd2eae2583,es,Situado frente a la playa,2026-03-28 15:02:05.428754+00
565,fbe14e63-c111-4292-926f-c950a6b918ec,5957d3f5-59ef-4ed8-aa3c-e1cd2eae2583,es,Habitaciones familiares,2026-03-28 15:02:05.428755+00
566,fbe14e63-c111-4292-926f-c950a6b918ec,5957d3f5-59ef-4ed8-aa3c-e1cd2eae2583,es,Restaurante,2026-03-28 15:02:05.428756+00
567,fbe14e63-c111-4292-926f-c950a6b918ec,5957d3f5-59ef-4ed8-aa3c-e1cd2eae2583,es,Servicio de habitaciones,2026-03-28 15:02:05.428758+00
568,fbe14e63-c111-4292-926f-c950a6b918ec,5957d3f5-59ef-4ed8-aa3c-e1cd2eae2583,es,Habitaciones sin humo,2026-03-28 15:02:05.428759+00
569,fbe14e63-c111-4292-926f-c950a6b918ec,5957d3f5-59ef-4ed8-aa3c-e1cd2eae2583,es,Recepción 24 horas,2026-03-28 15:02:05.42876+00
570,fbe14e63-c111-4292-926f-c950a6b918ec,5957d3f5-59ef-4ed8-aa3c-e1cd2eae2583,es,Bar,2026-03-28 15:02:05.428761+00
571,fbe14e63-c111-4292-926f-c950a6b918ec,5957d3f5-59ef-4ed8-aa3c-e1cd2eae2583,es,Desayuno fantástico,2026-03-28 15:02:05.428763+00
572,d19925e1-14ca-4dad-ad67-3f01aedacb9f,85572d7b-3d83-4e48-ae2d-fd478ff660f2,es,Piscina al aire libre,2026-03-28 15:03:25.141192+00
573,d19925e1-14ca-4dad-ad67-3f01aedacb9f,85572d7b-3d83-4e48-ae2d-fd478ff660f2,es,WiFi gratis,2026-03-28 15:03:25.141195+00
574,d19925e1-14ca-4dad-ad67-3f01aedacb9f,85572d7b-3d83-4e48-ae2d-fd478ff660f2,es,Parking privado,2026-03-28 15:03:25.141196+00
575,d19925e1-14ca-4dad-ad67-3f01aedacb9f,85572d7b-3d83-4e48-ae2d-fd478ff660f2,es,Gimnasio,2026-03-28 15:03:25.141197+00
576,d19925e1-14ca-4dad-ad67-3f01aedacb9f,85572d7b-3d83-4e48-ae2d-fd478ff660f2,es,Restaurante,2026-03-28 15:03:25.141198+00
577,d19925e1-14ca-4dad-ad67-3f01aedacb9f,85572d7b-3d83-4e48-ae2d-fd478ff660f2,es,Habitaciones sin humo,2026-03-28 15:03:25.141199+00
578,d19925e1-14ca-4dad-ad67-3f01aedacb9f,85572d7b-3d83-4e48-ae2d-fd478ff660f2,es,Recepción 24 horas,2026-03-28 15:03:25.1412+00
579,d19925e1-14ca-4dad-ad67-3f01aedacb9f,85572d7b-3d83-4e48-ae2d-fd478ff660f2,es,Servicio de habitaciones,2026-03-28 15:03:25.141201+00
580,d19925e1-14ca-4dad-ad67-3f01aedacb9f,85572d7b-3d83-4e48-ae2d-fd478ff660f2,es,Bar,2026-03-28 15:03:25.141203+00
581,d19925e1-14ca-4dad-ad67-3f01aedacb9f,85572d7b-3d83-4e48-ae2d-fd478ff660f2,es,Muy buen desayuno,2026-03-28 15:03:25.141204+00
582,9caa20c7-380c-48bf-9f5d-a08b152b2640,5957d3f5-59ef-4ed8-aa3c-e1cd2eae2583,de,Außenpool,2026-03-28 15:04:48.407312+00
583,9caa20c7-380c-48bf-9f5d-a08b152b2640,5957d3f5-59ef-4ed8-aa3c-e1cd2eae2583,de,WLAN inklusive,2026-03-28 15:04:48.407316+00
584,9caa20c7-380c-48bf-9f5d-a08b152b2640,5957d3f5-59ef-4ed8-aa3c-e1cd2eae2583,de,am Strand,2026-03-28 15:04:48.407316+00
585,9caa20c7-380c-48bf-9f5d-a08b152b2640,5957d3f5-59ef-4ed8-aa3c-e1cd2eae2583,de,Familienzimmer,2026-03-28 15:04:48.407317+00
586,9caa20c7-380c-48bf-9f5d-a08b152b2640,5957d3f5-59ef-4ed8-aa3c-e1cd2eae2583,de,Restaurant,2026-03-28 15:04:48.407318+00
587,9caa20c7-380c-48bf-9f5d-a08b152b2640,5957d3f5-59ef-4ed8-aa3c-e1cd2eae2583,de,Zimmerservice,2026-03-28 15:04:48.407319+00
588,9caa20c7-380c-48bf-9f5d-a08b152b2640,5957d3f5-59ef-4ed8-aa3c-e1cd2eae2583,de,Nichtraucherzimmer,2026-03-28 15:04:48.407319+00
589,9caa20c7-380c-48bf-9f5d-a08b152b2640,5957d3f5-59ef-4ed8-aa3c-e1cd2eae2583,de,24-Stunden-Rezeption,2026-03-28 15:04:48.40732+00
590,9caa20c7-380c-48bf-9f5d-a08b152b2640,5957d3f5-59ef-4ed8-aa3c-e1cd2eae2583,de,Bar,2026-03-28 15:04:48.407321+00
591,9caa20c7-380c-48bf-9f5d-a08b152b2640,5957d3f5-59ef-4ed8-aa3c-e1cd2eae2583,de,Hervorragendes Frühstück,2026-03-28 15:04:48.407322+00
592,4692dd8f-87a4-431c-8062-c6aa245ecd62,85572d7b-3d83-4e48-ae2d-fd478ff660f2,de,Außenpool,2026-03-28 15:08:14.287003+00
593,4692dd8f-87a4-431c-8062-c6aa245ecd62,85572d7b-3d83-4e48-ae2d-fd478ff660f2,de,WLAN inklusive,2026-03-28 15:08:14.287006+00
594,4692dd8f-87a4-431c-8062-c6aa245ecd62,85572d7b-3d83-4e48-ae2d-fd478ff660f2,de,Privatparkplatz,2026-03-28 15:08:14.287006+00
595,4692dd8f-87a4-431c-8062-c6aa245ecd62,85572d7b-3d83-4e48-ae2d-fd478ff660f2,de,Fitnesscenter,2026-03-28 15:08:14.287007+00
596,4692dd8f-87a4-431c-8062-c6aa245ecd62,85572d7b-3d83-4e48-ae2d-fd478ff660f2,de,Restaurant,2026-03-28 15:08:14.287008+00
597,4692dd8f-87a4-431c-8062-c6aa245ecd62,85572d7b-3d83-4e48-ae2d-fd478ff660f2,de,Nichtraucherzimmer,2026-03-28 15:08:14.287008+00
598,4692dd8f-87a4-431c-8062-c6aa245ecd62,85572d7b-3d83-4e48-ae2d-fd478ff660f2,de,24-Stunden-Rezeption,2026-03-28 15:08:14.287009+00
599,4692dd8f-87a4-431c-8062-c6aa245ecd62,85572d7b-3d83-4e48-ae2d-fd478ff660f2,de,Zimmerservice,2026-03-28 15:08:14.287009+00
600,4692dd8f-87a4-431c-8062-c6aa245ecd62,85572d7b-3d83-4e48-ae2d-fd478ff660f2,de,Bar,2026-03-28 15:08:14.28701+00
601,4692dd8f-87a4-431c-8062-c6aa245ecd62,85572d7b-3d83-4e48-ae2d-fd478ff660f2,de,Sehr gutes Frühstück,2026-03-28 15:08:14.287011+00
602,4692dd8f-87a4-431c-8062-c6aa245ecd62,85572d7b-3d83-4e48-ae2d-fd478ff660f2,de,43 Einrichtungen anzeigen,2026-03-28 15:08:14.287011+00
603,8a9909a5-443c-4c31-95cd-b5bc2001c498,5957d3f5-59ef-4ed8-aa3c-e1cd2eae2583,it,Piscina scoperta,2026-03-28 15:09:34.871639+00
604,8a9909a5-443c-4c31-95cd-b5bc2001c498,5957d3f5-59ef-4ed8-aa3c-e1cd2eae2583,it,Connessione WiFi gratuita,2026-03-28 15:09:34.871644+00
605,8a9909a5-443c-4c31-95cd-b5bc2001c498,5957d3f5-59ef-4ed8-aa3c-e1cd2eae2583,it,Fronte spiaggia,2026-03-28 15:09:34.871646+00
606,8a9909a5-443c-4c31-95cd-b5bc2001c498,5957d3f5-59ef-4ed8-aa3c-e1cd2eae2583,it,Disponibilità di camere familiari,2026-03-28 15:09:34.871647+00
607,8a9909a5-443c-4c31-95cd-b5bc2001c498,5957d3f5-59ef-4ed8-aa3c-e1cd2eae2583,it,Ristorante,2026-03-28 15:09:34.871649+00
608,8a9909a5-443c-4c31-95cd-b5bc2001c498,5957d3f5-59ef-4ed8-aa3c-e1cd2eae2583,it,Servizio in camera,2026-03-28 15:09:34.87165+00
609,8a9909a5-443c-4c31-95cd-b5bc2001c498,5957d3f5-59ef-4ed8-aa3c-e1cd2eae2583,it,Camere non fumatori,2026-03-28 15:09:34.871652+00
610,8a9909a5-443c-4c31-95cd-b5bc2001c498,5957d3f5-59ef-4ed8-aa3c-e1cd2eae2583,it,Reception 24 ore su 24,2026-03-28 15:09:34.871653+00
611,8a9909a5-443c-4c31-95cd-b5bc2001c498,5957d3f5-59ef-4ed8-aa3c-e1cd2eae2583,it,Bar,2026-03-28 15:09:34.871654+00
612,8a9909a5-443c-4c31-95cd-b5bc2001c498,5957d3f5-59ef-4ed8-aa3c-e1cd2eae2583,it,Colazione eccellente,2026-03-28 15:09:34.871656+00
613,8a9909a5-443c-4c31-95cd-b5bc2001c498,5957d3f5-59ef-4ed8-aa3c-e1cd2eae2583,it,Vedi tutti e 56 i servizi,2026-03-28 15:09:34.871657+00
614,1b030c10-f730-49ba-9f82-b6790572cd1d,85572d7b-3d83-4e48-ae2d-fd478ff660f2,it,Piscina scoperta,2026-03-28 15:10:54.61285+00
615,1b030c10-f730-49ba-9f82-b6790572cd1d,85572d7b-3d83-4e48-ae2d-fd478ff660f2,it,Connessione WiFi gratuita,2026-03-28 15:10:54.612854+00
616,1b030c10-f730-49ba-9f82-b6790572cd1d,85572d7b-3d83-4e48-ae2d-fd478ff660f2,it,Parcheggio privato,2026-03-28 15:10:54.612855+00
617,1b030c10-f730-49ba-9f82-b6790572cd1d,85572d7b-3d83-4e48-ae2d-fd478ff660f2,it,Palestra,2026-03-28 15:10:54.612856+00
618,1b030c10-f730-49ba-9f82-b6790572cd1d,85572d7b-3d83-4e48-ae2d-fd478ff660f2,it,Ristorante,2026-03-28 15:10:54.612857+00
619,1b030c10-f730-49ba-9f82-b6790572cd1d,85572d7b-3d83-4e48-ae2d-fd478ff660f2,it,Camere non fumatori,2026-03-28 15:10:54.612858+00
620,1b030c10-f730-49ba-9f82-b6790572cd1d,85572d7b-3d83-4e48-ae2d-fd478ff660f2,it,Reception 24 ore su 24,2026-03-28 15:10:54.612858+00
621,1b030c10-f730-49ba-9f82-b6790572cd1d,85572d7b-3d83-4e48-ae2d-fd478ff660f2,it,Servizio in camera,2026-03-28 15:10:54.612859+00
622,1b030c10-f730-49ba-9f82-b6790572cd1d,85572d7b-3d83-4e48-ae2d-fd478ff660f2,it,Bar,2026-03-28 15:10:54.61286+00
623,1b030c10-f730-49ba-9f82-b6790572cd1d,85572d7b-3d83-4e48-ae2d-fd478ff660f2,it,Colazione ottima,2026-03-28 15:10:54.612861+00
624,052f7f6a-ff36-4a4f-a4c3-c8787adf9867,5957d3f5-59ef-4ed8-aa3c-e1cd2eae2583,fr,Piscine extérieure,2026-03-28 15:14:09.635282+00
625,052f7f6a-ff36-4a4f-a4c3-c8787adf9867,5957d3f5-59ef-4ed8-aa3c-e1cd2eae2583,fr,Connexion Wi-Fi gratuite,2026-03-28 15:14:09.635287+00
626,052f7f6a-ff36-4a4f-a4c3-c8787adf9867,5957d3f5-59ef-4ed8-aa3c-e1cd2eae2583,fr,En bord de plage,2026-03-28 15:14:09.635288+00
627,052f7f6a-ff36-4a4f-a4c3-c8787adf9867,5957d3f5-59ef-4ed8-aa3c-e1cd2eae2583,fr,Chambres familiales,2026-03-28 15:14:09.635289+00
628,052f7f6a-ff36-4a4f-a4c3-c8787adf9867,5957d3f5-59ef-4ed8-aa3c-e1cd2eae2583,fr,Restaurant,2026-03-28 15:14:09.63529+00
629,052f7f6a-ff36-4a4f-a4c3-c8787adf9867,5957d3f5-59ef-4ed8-aa3c-e1cd2eae2583,fr,Service d'étage,2026-03-28 15:14:09.635291+00
630,052f7f6a-ff36-4a4f-a4c3-c8787adf9867,5957d3f5-59ef-4ed8-aa3c-e1cd2eae2583,fr,Chambres non-fumeurs,2026-03-28 15:14:09.635292+00
631,052f7f6a-ff36-4a4f-a4c3-c8787adf9867,5957d3f5-59ef-4ed8-aa3c-e1cd2eae2583,fr,Réception ouverte 24h/24,2026-03-28 15:14:09.635293+00
632,052f7f6a-ff36-4a4f-a4c3-c8787adf9867,5957d3f5-59ef-4ed8-aa3c-e1cd2eae2583,fr,Bar,2026-03-28 15:14:09.635294+00
633,052f7f6a-ff36-4a4f-a4c3-c8787adf9867,5957d3f5-59ef-4ed8-aa3c-e1cd2eae2583,fr,Petit-déjeuner fabuleux,2026-03-28 15:14:09.635295+00
634,7cda3238-0412-48d4-8275-27f3394f6763,85572d7b-3d83-4e48-ae2d-fd478ff660f2,fr,Piscine extérieure,2026-03-28 15:15:27.708237+00
635,7cda3238-0412-48d4-8275-27f3394f6763,85572d7b-3d83-4e48-ae2d-fd478ff660f2,fr,Connexion Wi-Fi gratuite,2026-03-28 15:15:27.70824+00
636,7cda3238-0412-48d4-8275-27f3394f6763,85572d7b-3d83-4e48-ae2d-fd478ff660f2,fr,Parking privé,2026-03-28 15:15:27.708241+00
637,7cda3238-0412-48d4-8275-27f3394f6763,85572d7b-3d83-4e48-ae2d-fd478ff660f2,fr,Centre de remise en forme,2026-03-28 15:15:27.708242+00
638,7cda3238-0412-48d4-8275-27f3394f6763,85572d7b-3d83-4e48-ae2d-fd478ff660f2,fr,Restaurant,2026-03-28 15:15:27.708242+00
639,7cda3238-0412-48d4-8275-27f3394f6763,85572d7b-3d83-4e48-ae2d-fd478ff660f2,fr,Chambres non-fumeurs,2026-03-28 15:15:27.708243+00
640,7cda3238-0412-48d4-8275-27f3394f6763,85572d7b-3d83-4e48-ae2d-fd478ff660f2,fr,Réception ouverte 24h/24,2026-03-28 15:15:27.708244+00
641,7cda3238-0412-48d4-8275-27f3394f6763,85572d7b-3d83-4e48-ae2d-fd478ff660f2,fr,Service d'étage,2026-03-28 15:15:27.708244+00
642,7cda3238-0412-48d4-8275-27f3394f6763,85572d7b-3d83-4e48-ae2d-fd478ff660f2,fr,Bar,2026-03-28 15:15:27.708245+00
643,7cda3238-0412-48d4-8275-27f3394f6763,85572d7b-3d83-4e48-ae2d-fd478ff660f2,fr,Très bon petit-déjeuner,2026-03-28 15:15:27.708245+00
644,19f3ec7b-535b-4a8b-a3cb-039319b2b454,5957d3f5-59ef-4ed8-aa3c-e1cd2eae2583,pt,Piscina exterior,2026-03-28 15:16:46.989004+00
645,19f3ec7b-535b-4a8b-a3cb-039319b2b454,5957d3f5-59ef-4ed8-aa3c-e1cd2eae2583,pt,Acesso Wi-Fi gratuito,2026-03-28 15:16:46.989008+00
646,19f3ec7b-535b-4a8b-a3cb-039319b2b454,5957d3f5-59ef-4ed8-aa3c-e1cd2eae2583,pt,Frente à praia,2026-03-28 15:16:46.989009+00
647,19f3ec7b-535b-4a8b-a3cb-039319b2b454,5957d3f5-59ef-4ed8-aa3c-e1cd2eae2583,pt,Quartos familiares,2026-03-28 15:16:46.989009+00
648,19f3ec7b-535b-4a8b-a3cb-039319b2b454,5957d3f5-59ef-4ed8-aa3c-e1cd2eae2583,pt,Restaurante,2026-03-28 15:16:46.98901+00
649,19f3ec7b-535b-4a8b-a3cb-039319b2b454,5957d3f5-59ef-4ed8-aa3c-e1cd2eae2583,pt,Serviço de quartos,2026-03-28 15:16:46.989011+00
650,19f3ec7b-535b-4a8b-a3cb-039319b2b454,5957d3f5-59ef-4ed8-aa3c-e1cd2eae2583,pt,Quartos para não fumadores,2026-03-28 15:16:46.989011+00
651,19f3ec7b-535b-4a8b-a3cb-039319b2b454,5957d3f5-59ef-4ed8-aa3c-e1cd2eae2583,pt,Receção disponível 24 horas,2026-03-28 15:16:46.989012+00
652,19f3ec7b-535b-4a8b-a3cb-039319b2b454,5957d3f5-59ef-4ed8-aa3c-e1cd2eae2583,pt,Bar,2026-03-28 15:16:46.989013+00
653,19f3ec7b-535b-4a8b-a3cb-039319b2b454,5957d3f5-59ef-4ed8-aa3c-e1cd2eae2583,pt,Soberbo pequeno-almoço,2026-03-28 15:16:46.989014+00
654,19f3ec7b-535b-4a8b-a3cb-039319b2b454,5957d3f5-59ef-4ed8-aa3c-e1cd2eae2583,pt,Ver as 56 comodidades,2026-03-28 15:16:46.989014+00
655,6b757f06-7ae3-459e-807b-73b94d6a139f,85572d7b-3d83-4e48-ae2d-fd478ff660f2,pt,Piscina exterior,2026-03-28 15:20:05.744437+00
656,6b757f06-7ae3-459e-807b-73b94d6a139f,85572d7b-3d83-4e48-ae2d-fd478ff660f2,pt,Acesso Wi-Fi gratuito,2026-03-28 15:20:05.744442+00
657,6b757f06-7ae3-459e-807b-73b94d6a139f,85572d7b-3d83-4e48-ae2d-fd478ff660f2,pt,Estacionamento privado,2026-03-28 15:20:05.744443+00
658,6b757f06-7ae3-459e-807b-73b94d6a139f,85572d7b-3d83-4e48-ae2d-fd478ff660f2,pt,Centro de fitness,2026-03-28 15:20:05.744444+00
659,6b757f06-7ae3-459e-807b-73b94d6a139f,85572d7b-3d83-4e48-ae2d-fd478ff660f2,pt,Restaurante,2026-03-28 15:20:05.744444+00
660,6b757f06-7ae3-459e-807b-73b94d6a139f,85572d7b-3d83-4e48-ae2d-fd478ff660f2,pt,Quartos para não fumadores,2026-03-28 15:20:05.744445+00
661,6b757f06-7ae3-459e-807b-73b94d6a139f,85572d7b-3d83-4e48-ae2d-fd478ff660f2,pt,Receção disponível 24 horas,2026-03-28 15:20:05.744446+00
662,6b757f06-7ae3-459e-807b-73b94d6a139f,85572d7b-3d83-4e48-ae2d-fd478ff660f2,pt,Serviço de quartos,2026-03-28 15:20:05.744446+00
663,6b757f06-7ae3-459e-807b-73b94d6a139f,85572d7b-3d83-4e48-ae2d-fd478ff660f2,pt,Bar,2026-03-28 15:20:05.744447+00
664,6b757f06-7ae3-459e-807b-73b94d6a139f,85572d7b-3d83-4e48-ae2d-fd478ff660f2,pt,Muito bom pequeno-almoço,2026-03-28 15:20:05.744448+00
665,6b757f06-7ae3-459e-807b-73b94d6a139f,85572d7b-3d83-4e48-ae2d-fd478ff660f2,pt,Ver as 43 comodidades,2026-03-28 15:20:05.744448+00
